Date,Time,Global_active_power,Global_reactive_power,Voltage,Global_intensity,Sub_metering_1,Sub_metering_2,Sub_metering_3
16/12/2006,17:24:00,4.216,0.418,234.84,18.4,0.0,1.0,17.0
16/12/2006,17:25:00,5.36,0.436,233.63,23.0,0.0,1.0,16.0
16/12/2006,17:26:00,5.374,0.498,233.29,23.0,0.0,2.0,17.0
16/12/2006,17:27:00,5.388,0.502,233.74,23.0,0.0,1.0,17.0
16/12/2006,17:28:00,3.666,0.528,235.68,15.8,0.0,1.0,17.0
16/12/2006,17:29:00,3.52,0.522,235.02,15.0,0.0,2.0,17.0
16/12/2006,17:30:00,3.702,0.52,235.09,15.8,0.0,1.0,17.0
16/12/2006,17:31:00,3.7,0.52,235.22,15.8,0.0,1.0,17.0
16/12/2006,17:32:00,3.668,0.51,233.99,15.8,0.0,1.0,17.0
16/12/2006,17:33:00,3.662,0.51,233.86,15.8,0.0,2.0,16.0
16/12/2006,17:34:00,4.448,0.498,232.86,19.6,0.0,1.0,17.0
16/12/2006,17:35:00,5.412,0.47,232.78,23.2,0.0,1.0,17.0
16/12/2006,17:36:00,5.224,0.478,232.99,22.4,0.0,1.0,16.0
16/12/2006,17:37:00,5.268,0.398,232.91,22.6,0.0,2.0,17.0
16/12/2006,17:38:00,4.054,0.422,235.24,17.6,0.0,1.0,17.0
16/12/2006,17:39:00,3.384,0.282,237.14,14.2,0.0,0.0,17.0
16/12/2006,17:40:00,3.27,0.152,236.73,13.8,0.0,0.0,17.0
16/12/2006,17:41:00,3.43,0.156,237.06,14.4,0.0,0.0,17.0
16/12/2006,17:42:00,3.266,0.0,237.13,13.8,0.0,0.0,18.0
16/12/2006,17:43:00,3.728,0.0,235.84,16.4,0.0,0.0,17.0
16/12/2006,17:44:00,5.894,0.0,232.69,25.4,0.0,0.0,16.0
16/12/2006,17:45:00,7.706,0.0,230.98,33.2,0.0,0.0,17.0
16/12/2006,17:46:00,7.026,0.0,232.21,30.6,0.0,0.0,16.0
16/12/2006,17:47:00,5.174,0.0,234.19,22.0,0.0,0.0,17.0
16/12/2006,17:48:00,4.474,0.0,234.96,19.4,0.0,0.0,17.0
16/12/2006,17:49:00,3.248,0.0,236.66,13.6,0.0,0.0,17.0
16/12/2006,17:50:00,3.236,0.0,235.84,13.6,0.0,0.0,17.0
16/12/2006,17:51:00,3.228,0.0,235.6,13.6,0.0,0.0,17.0
16/12/2006,17:52:00,3.258,0.0,235.49,13.8,0.0,0.0,17.0
16/12/2006,17:53:00,3.178,0.0,235.28,13.4,0.0,0.0,17.0
16/12/2006,17:54:00,2.72,0.0,235.06,11.6,0.0,0.0,17.0
16/12/2006,17:55:00,3.758,0.076,234.17,16.4,0.0,0.0,17.0
16/12/2006,17:56:00,4.342,0.09,233.77,18.4,0.0,0.0,16.0
16/12/2006,17:57:00,4.512,0.0,233.62,19.2,0.0,0.0,17.0
16/12/2006,17:58:00,4.058,0.2,234.68,17.6,0.0,0.0,17.0
16/12/2006,17:59:00,2.472,0.058,236.94,10.4,0.0,0.0,17.0
16/12/2006,18:00:00,2.79,0.18,237.52,11.8,0.0,0.0,18.0
16/12/2006,18:01:00,2.624,0.144,238.2,11.0,0.0,0.0,17.0
16/12/2006,18:02:00,2.772,0.118,238.28,11.6,0.0,0.0,17.0
16/12/2006,18:03:00,3.74,0.108,236.93,16.4,0.0,16.0,18.0
16/12/2006,18:04:00,4.928,0.202,235.01,21.0,0.0,37.0,16.0
16/12/2006,18:05:00,6.052,0.192,232.93,26.2,0.0,37.0,17.0
16/12/2006,18:06:00,6.752,0.186,232.12,29.0,0.0,36.0,17.0
16/12/2006,18:07:00,6.474,0.144,231.85,27.8,0.0,37.0,16.0
16/12/2006,18:08:00,6.308,0.116,232.25,27.0,0.0,36.0,17.0
16/12/2006,18:09:00,4.464,0.136,234.66,19.0,0.0,37.0,16.0
16/12/2006,18:10:00,3.396,0.148,236.2,15.0,0.0,22.0,18.0
16/12/2006,18:11:00,3.09,0.152,237.07,13.8,0.0,12.0,17.0
16/12/2006,18:12:00,3.73,0.144,235.78,16.4,0.0,27.0,17.0
16/12/2006,18:13:00,2.308,0.16,237.43,9.6,0.0,1.0,17.0
16/12/2006,18:14:00,2.388,0.158,237.26,10.0,0.0,1.0,17.0
16/12/2006,18:15:00,4.598,0.1,234.25,21.4,0.0,20.0,17.0
16/12/2006,18:16:00,4.524,0.076,234.2,19.6,0.0,9.0,17.0
16/12/2006,18:17:00,4.202,0.082,234.31,17.8,0.0,1.0,17.0
16/12/2006,18:18:00,4.472,0.0,233.29,19.2,0.0,1.0,16.0
16/12/2006,18:19:00,2.852,0.0,235.61,12.0,0.0,1.0,17.0
16/12/2006,18:20:00,2.928,0.0,235.25,12.4,0.0,1.0,17.0
16/12/2006,18:21:00,2.94,0.0,236.04,12.4,0.0,2.0,17.0
16/12/2006,18:22:00,2.934,0.0,235.51,12.4,0.0,1.0,17.0
16/12/2006,18:23:00,2.926,0.0,235.68,12.4,0.0,1.0,17.0
16/12/2006,18:24:00,3.452,0.0,235.2,15.2,0.0,1.0,17.0
16/12/2006,18:25:00,4.87,0.0,233.74,20.8,0.0,1.0,17.0
16/12/2006,18:26:00,4.868,0.0,233.84,20.8,0.0,1.0,17.0
16/12/2006,18:27:00,4.866,0.0,233.79,20.8,0.0,1.0,17.0
16/12/2006,18:28:00,3.176,0.0,235.5,13.8,0.0,1.0,17.0
16/12/2006,18:29:00,2.92,0.0,235.84,12.4,0.0,1.0,17.0
16/12/2006,18:30:00,2.93,0.0,236.15,12.4,0.0,1.0,17.0
16/12/2006,18:31:00,2.912,0.05,235.81,12.4,0.0,1.0,17.0
16/12/2006,18:32:00,2.608,0.052,235.41,11.0,0.0,1.0,17.0
16/12/2006,18:33:00,2.714,0.162,234.82,11.6,0.0,0.0,17.0
16/12/2006,18:34:00,3.538,0.086,233.76,15.6,0.0,1.0,16.0
16/12/2006,18:35:00,6.072,0.0,232.48,26.4,0.0,27.0,17.0
16/12/2006,18:36:00,4.536,0.0,233.54,19.4,0.0,1.0,17.0
16/12/2006,18:37:00,4.408,0.0,232.32,18.8,0.0,1.0,16.0
16/12/2006,18:38:00,2.912,0.048,234.02,13.0,0.0,1.0,17.0
16/12/2006,18:39:00,2.326,0.054,234.76,9.8,0.0,1.0,17.0
16/12/2006,18:40:00,2.264,0.054,234.67,9.6,0.0,1.0,17.0
16/12/2006,18:41:00,2.27,0.054,235.27,9.6,0.0,1.0,17.0
16/12/2006,18:42:00,2.258,0.054,235.12,9.6,0.0,1.0,17.0
16/12/2006,18:43:00,2.188,0.068,235.8,9.2,0.0,1.0,17.0
16/12/2006,18:44:00,2.978,0.166,234.81,13.2,0.0,1.0,17.0
16/12/2006,18:45:00,4.2,0.174,234.38,17.8,0.0,1.0,17.0
16/12/2006,18:46:00,4.204,0.186,234.2,17.8,0.0,1.0,16.0
16/12/2006,18:47:00,4.218,0.178,233.98,18.0,0.0,1.0,17.0
16/12/2006,18:48:00,2.786,0.188,234.99,12.0,0.0,2.0,17.0
16/12/2006,18:49:00,2.54,0.088,234.67,10.8,0.0,4.0,17.0
16/12/2006,18:50:00,2.496,0.08,233.92,10.6,0.0,3.0,17.0
16/12/2006,18:51:00,2.336,0.07,233.51,10.0,0.0,1.0,16.0
16/12/2006,18:52:00,2.322,0.0,233.44,9.8,0.0,0.0,17.0
16/12/2006,18:53:00,2.448,0.0,233.64,10.6,0.0,1.0,17.0
16/12/2006,18:54:00,4.298,0.0,232.39,18.4,0.0,1.0,16.0
16/12/2006,18:55:00,4.23,0.09,232.25,18.2,0.0,1.0,17.0
16/12/2006,18:56:00,4.23,0.09,232.32,18.2,0.0,2.0,16.0
16/12/2006,18:57:00,3.924,0.084,232.79,17.0,0.0,1.0,17.0
16/12/2006,18:58:00,4.218,0.09,232.09,18.0,0.0,1.0,17.0
16/12/2006,18:59:00,4.224,0.09,231.96,18.2,0.0,1.0,16.0
16/12/2006,19:00:00,4.07,0.088,231.99,17.4,0.0,1.0,17.0
16/12/2006,19:01:00,3.612,0.09,232.36,15.6,0.0,2.0,16.0
16/12/2006,19:02:00,3.458,0.09,232.71,14.8,0.0,1.0,17.0
16/12/2006,19:03:00,3.434,0.09,232.01,14.8,0.0,1.0,16.0
16/12/2006,19:04:00,3.366,0.0,232.78,14.4,0.0,1.0,17.0
16/12/2006,19:05:00,3.404,0.082,233.08,14.6,0.0,2.0,16.0
16/12/2006,19:06:00,3.382,0.074,233.69,14.4,0.0,0.0,17.0
16/12/2006,19:07:00,3.616,0.106,234.44,15.4,0.0,4.0,17.0
16/12/2006,19:08:00,3.476,0.092,234.6,14.8,0.0,3.0,17.0
16/12/2006,19:09:00,3.394,0.064,235.12,14.4,0.0,0.0,17.0
16/12/2006,19:10:00,3.4,0.0,234.28,14.4,0.0,1.0,17.0
16/12/2006,19:11:00,3.414,0.0,234.19,14.4,0.0,1.0,17.0
16/12/2006,19:12:00,3.432,0.0,234.69,14.6,0.0,1.0,16.0
16/12/2006,19:13:00,3.418,0.0,234.26,14.6,0.0,2.0,17.0
16/12/2006,19:14:00,3.392,0.0,233.3,14.4,0.0,1.0,17.0
16/12/2006,19:15:00,3.394,0.0,233.43,14.4,0.0,1.0,17.0
16/12/2006,19:16:00,3.394,0.0,233.45,14.4,0.0,1.0,16.0
16/12/2006,19:17:00,3.406,0.0,233.91,14.4,0.0,2.0,17.0
16/12/2006,19:18:00,3.42,0.0,234.43,14.6,0.0,1.0,17.0
16/12/2006,19:19:00,3.418,0.0,234.34,14.4,0.0,1.0,17.0
16/12/2006,19:20:00,3.422,0.052,234.58,14.6,0.0,1.0,17.0
16/12/2006,19:21:00,3.332,0.0,234.02,14.2,0.0,1.0,16.0
16/12/2006,19:22:00,3.316,0.046,234.29,14.0,0.0,1.0,17.0
16/12/2006,19:23:00,3.334,0.0,234.36,14.2,0.0,2.0,17.0
16/12/2006,19:24:00,3.262,0.052,232.64,14.0,0.0,0.0,17.0
16/12/2006,19:25:00,3.476,0.064,232.96,14.8,0.0,3.0,16.0
16/12/2006,19:26:00,3.62,0.09,233.47,15.4,0.0,5.0,17.0
16/12/2006,19:27:00,3.61,0.084,234.98,15.2,0.0,5.0,17.0
16/12/2006,19:28:00,3.646,0.138,234.34,15.4,0.0,5.0,17.0
16/12/2006,19:29:00,3.614,0.192,233.92,15.4,0.0,5.0,17.0
16/12/2006,19:30:00,3.408,0.162,233.94,14.4,0.0,2.0,16.0
16/12/2006,19:31:00,3.388,0.134,233.72,14.4,0.0,1.0,17.0
16/12/2006,19:32:00,3.372,0.132,233.2,14.4,0.0,2.0,17.0
16/12/2006,19:33:00,3.37,0.132,233.1,14.4,0.0,1.0,16.0
16/12/2006,19:34:00,3.342,0.12,232.29,14.4,0.0,1.0,17.0
16/12/2006,19:35:00,3.284,0.0,232.45,14.0,0.0,2.0,16.0
16/12/2006,19:36:00,3.276,0.0,231.97,14.0,0.0,1.0,17.0
16/12/2006,19:37:00,3.382,0.13,232.42,14.4,0.0,2.0,17.0
16/12/2006,19:38:00,3.418,0.16,233.38,14.6,0.0,1.0,16.0
16/12/2006,19:39:00,3.396,0.158,232.69,14.6,0.0,1.0,17.0
16/12/2006,19:40:00,3.406,0.158,233.2,14.6,0.0,2.0,16.0
16/12/2006,19:41:00,3.406,0.158,233.26,14.6,0.0,1.0,17.0
16/12/2006,19:42:00,3.392,0.156,232.84,14.4,0.0,1.0,17.0
16/12/2006,19:43:00,3.378,0.154,232.39,14.4,0.0,2.0,16.0
16/12/2006,19:44:00,3.368,0.154,232.14,14.4,0.0,1.0,17.0
16/12/2006,19:45:00,3.35,0.152,231.57,14.4,0.0,1.0,16.0
16/12/2006,19:46:00,3.352,0.152,231.66,14.4,0.0,2.0,17.0
16/12/2006,19:47:00,3.364,0.154,232.22,14.4,0.0,1.0,16.0
16/12/2006,19:48:00,3.38,0.156,232.81,14.4,0.0,1.0,17.0
16/12/2006,19:49:00,3.404,0.16,233.77,14.4,0.0,1.0,17.0
16/12/2006,19:50:00,3.378,0.156,232.82,14.4,0.0,2.0,16.0
16/12/2006,19:51:00,3.388,0.158,233.22,14.4,0.0,1.0,17.0
16/12/2006,19:52:00,3.376,0.156,232.84,14.4,0.0,1.0,17.0
16/12/2006,19:53:00,3.254,0.0,232.75,13.8,0.0,0.0,16.0
16/12/2006,19:54:00,3.214,0.078,232.64,13.8,0.0,0.0,17.0
16/12/2006,19:55:00,3.202,0.078,232.2,13.8,0.0,0.0,16.0
16/12/2006,19:56:00,3.202,0.078,232.2,13.8,0.0,0.0,17.0
16/12/2006,19:57:00,3.212,0.078,232.58,13.8,0.0,0.0,16.0
16/12/2006,19:58:00,3.206,0.078,232.4,13.8,0.0,0.0,17.0
16/12/2006,19:59:00,3.214,0.078,232.66,13.8,0.0,0.0,17.0
16/12/2006,20:00:00,3.206,0.078,232.43,13.8,0.0,0.0,16.0
16/12/2006,20:01:00,3.222,0.078,233.02,13.8,0.0,0.0,17.0
16/12/2006,20:02:00,3.216,0.076,232.8,13.8,0.0,0.0,16.0
16/12/2006,20:03:00,3.216,0.078,232.79,13.8,0.0,0.0,17.0
16/12/2006,20:04:00,3.194,0.078,231.98,13.6,0.0,0.0,16.0
16/12/2006,20:05:00,3.278,0.0,232.88,14.0,0.0,0.0,17.0
16/12/2006,20:06:00,3.282,0.0,232.52,14.0,0.0,0.0,17.0
16/12/2006,20:07:00,3.292,0.0,232.87,14.0,0.0,0.0,16.0
16/12/2006,20:08:00,3.316,0.0,233.78,14.0,0.0,0.0,17.0
16/12/2006,20:09:00,3.37,0.08,233.69,14.4,0.0,0.0,17.0
16/12/2006,20:10:00,3.42,0.144,234.04,14.6,0.0,0.0,17.0
16/12/2006,20:11:00,3.41,0.142,233.93,14.6,0.0,0.0,16.0
16/12/2006,20:12:00,3.4,0.14,233.62,14.4,0.0,0.0,17.0
16/12/2006,20:13:00,3.4,0.14,233.64,14.4,0.0,0.0,17.0
16/12/2006,20:14:00,3.388,0.14,233.26,14.4,0.0,0.0,16.0
16/12/2006,20:15:00,3.37,0.086,233.9,14.4,0.0,0.0,17.0
16/12/2006,20:16:00,3.332,0.0,233.68,14.2,0.0,0.0,17.0
16/12/2006,20:17:00,3.31,0.0,232.83,14.2,0.0,0.0,17.0
16/12/2006,20:18:00,3.312,0.0,233.0,14.2,0.0,0.0,16.0
16/12/2006,20:19:00,3.314,0.0,233.08,14.2,0.0,0.0,17.0
16/12/2006,20:20:00,3.302,0.0,232.69,14.2,0.0,0.0,16.0
16/12/2006,20:21:00,3.302,0.0,232.91,14.0,0.0,0.0,17.0
16/12/2006,20:22:00,3.3,0.0,232.87,14.0,0.0,0.0,17.0
16/12/2006,20:23:00,3.29,0.0,232.42,14.0,0.0,0.0,16.0
16/12/2006,20:24:00,3.286,0.0,232.31,14.0,0.0,0.0,17.0
16/12/2006,20:25:00,3.23,0.052,232.79,13.8,0.0,0.0,16.0
16/12/2006,20:26:00,3.218,0.078,233.05,13.8,0.0,0.0,17.0
16/12/2006,20:27:00,3.258,0.076,234.57,13.8,0.0,0.0,17.0
16/12/2006,20:28:00,3.264,0.076,234.79,13.8,0.0,0.0,17.0
16/12/2006,20:29:00,3.26,0.076,234.6,13.8,0.0,0.0,17.0
16/12/2006,20:30:00,3.262,0.076,234.54,13.8,0.0,0.0,17.0
16/12/2006,20:31:00,3.264,0.076,234.6,13.8,0.0,0.0,16.0
16/12/2006,20:32:00,3.238,0.076,233.77,13.8,0.0,0.0,17.0
16/12/2006,20:33:00,3.228,0.078,233.5,13.8,0.0,0.0,17.0
16/12/2006,20:34:00,3.222,0.078,233.27,13.8,0.0,0.0,17.0
16/12/2006,20:35:00,3.226,0.078,233.37,13.8,0.0,0.0,16.0
16/12/2006,20:36:00,3.206,0.078,232.64,13.6,0.0,0.0,17.0
16/12/2006,20:37:00,3.188,0.08,231.95,13.6,0.0,0.0,16.0
16/12/2006,20:38:00,3.196,0.08,232.21,13.6,0.0,0.0,17.0
16/12/2006,20:39:00,3.204,0.078,232.5,13.6,0.0,0.0,16.0
16/12/2006,20:40:00,3.232,0.078,233.63,13.8,0.0,0.0,17.0
16/12/2006,20:41:00,3.254,0.074,234.43,13.8,0.0,0.0,17.0
16/12/2006,20:42:00,3.376,0.05,234.63,14.4,0.0,0.0,17.0
16/12/2006,20:43:00,3.372,0.048,235.05,14.2,0.0,0.0,17.0
16/12/2006,20:44:00,3.366,0.048,234.96,14.2,0.0,0.0,17.0
16/12/2006,20:45:00,3.386,0.05,235.77,14.2,0.0,0.0,17.0
16/12/2006,20:46:00,3.496,0.146,236.76,14.8,0.0,0.0,17.0
16/12/2006,20:47:00,3.426,0.146,234.59,14.6,0.0,0.0,17.0
16/12/2006,20:48:00,3.44,0.148,235.13,14.6,0.0,0.0,17.0
16/12/2006,20:49:00,3.44,0.146,235.14,14.6,0.0,0.0,17.0
16/12/2006,20:50:00,3.454,0.15,235.75,14.6,0.0,0.0,17.0
16/12/2006,20:51:00,3.45,0.15,235.69,14.6,0.0,0.0,17.0
16/12/2006,20:52:00,3.48,0.154,236.86,14.6,0.0,0.0,17.0
16/12/2006,20:53:00,3.474,0.152,236.72,14.6,0.0,0.0,17.0
16/12/2006,20:54:00,3.456,0.15,236.05,14.6,0.0,0.0,17.0
16/12/2006,20:55:00,1.832,0.17,237.54,8.4,0.0,0.0,17.0
16/12/2006,20:56:00,2.044,0.102,237.44,9.4,0.0,0.0,18.0
16/12/2006,20:57:00,3.354,0.0,237.0,14.0,0.0,0.0,17.0
16/12/2006,20:58:00,3.282,0.074,235.55,13.8,0.0,0.0,17.0
16/12/2006,20:59:00,3.308,0.074,236.51,14.0,0.0,0.0,17.0
16/12/2006,21:00:00,3.314,0.072,236.76,14.0,0.0,0.0,17.0
16/12/2006,21:01:00,3.306,0.072,237.11,13.8,0.0,0.0,17.0
16/12/2006,21:02:00,1.692,0.054,238.72,7.8,0.0,0.0,18.0
16/12/2006,21:03:00,3.342,0.07,237.66,14.0,0.0,0.0,17.0
16/12/2006,21:04:00,3.354,0.07,238.2,14.0,0.0,0.0,17.0
16/12/2006,21:05:00,3.334,0.072,237.46,14.0,0.0,0.0,18.0
16/12/2006,21:06:00,3.33,0.072,237.36,14.0,0.0,0.0,17.0
16/12/2006,21:07:00,2.74,0.064,238.13,12.0,0.0,0.0,17.0
16/12/2006,21:08:00,2.188,0.06,237.74,10.0,0.0,0.0,18.0
16/12/2006,21:09:00,3.33,0.07,237.26,14.0,0.0,0.0,17.0
16/12/2006,21:10:00,3.34,0.07,237.69,14.0,0.0,0.0,17.0
16/12/2006,21:11:00,3.306,0.072,236.44,14.0,0.0,0.0,17.0
16/12/2006,21:12:00,3.044,0.072,236.23,13.2,0.0,0.0,17.0
16/12/2006,21:13:00,1.766,0.058,237.7,8.2,0.0,0.0,18.0
16/12/2006,21:14:00,3.376,0.0,235.73,14.2,0.0,0.0,17.0
16/12/2006,21:15:00,3.414,0.052,236.51,14.4,0.0,0.0,17.0
16/12/2006,21:16:00,3.426,0.054,237.11,14.4,0.0,0.0,17.0
16/12/2006,21:17:00,3.42,0.054,237.06,14.4,0.0,0.0,17.0
16/12/2006,21:18:00,1.876,0.074,238.63,8.6,0.0,0.0,18.0
16/12/2006,21:19:00,3.442,0.056,237.58,14.4,0.0,0.0,17.0
16/12/2006,21:20:00,3.414,0.054,236.87,14.4,0.0,0.0,17.0
16/12/2006,21:21:00,3.412,0.056,236.94,14.4,0.0,0.0,17.0
16/12/2006,21:22:00,2.542,0.068,238.17,11.4,0.0,0.0,18.0
16/12/2006,21:23:00,2.82,0.062,237.42,12.4,0.0,0.0,17.0
16/12/2006,21:24:00,3.41,0.054,236.91,14.4,0.0,0.0,17.0
16/12/2006,21:25:00,3.392,0.052,236.24,14.2,0.0,0.0,17.0
16/12/2006,21:26:00,2.878,0.06,237.17,12.6,0.0,0.0,17.0
16/12/2006,21:27:00,1.848,0.112,238.59,8.4,0.0,0.0,18.0
16/12/2006,21:28:00,3.494,0.144,237.43,14.6,0.0,0.0,17.0
16/12/2006,21:29:00,3.42,0.0,237.73,14.2,0.0,0.0,17.0
16/12/2006,21:30:00,3.226,0.0,237.2,13.8,0.0,0.0,18.0
16/12/2006,21:31:00,1.948,0.0,238.41,9.0,0.0,0.0,17.0
16/12/2006,21:32:00,3.392,0.0,236.6,14.2,0.0,0.0,17.0
16/12/2006,21:33:00,3.368,0.0,236.12,14.2,0.0,0.0,17.0
16/12/2006,21:34:00,3.378,0.0,236.54,14.2,0.0,0.0,17.0
16/12/2006,21:35:00,1.872,0.0,238.48,8.6,0.0,0.0,18.0
16/12/2006,21:36:00,3.212,0.0,237.27,13.6,0.0,0.0,17.0
16/12/2006,21:37:00,3.346,0.0,237.06,14.0,0.0,0.0,17.0
16/12/2006,21:38:00,3.308,0.072,236.49,14.0,0.0,0.0,17.0
16/12/2006,21:39:00,3.302,0.072,236.28,13.8,0.0,0.0,17.0
16/12/2006,21:40:00,2.36,0.064,236.89,10.8,0.0,0.0,18.0
16/12/2006,21:41:00,2.652,0.046,236.64,11.8,0.0,0.0,17.0
16/12/2006,21:42:00,3.392,0.0,236.58,14.2,0.0,1.0,17.0
16/12/2006,21:43:00,3.398,0.0,236.83,14.2,0.0,2.0,17.0
16/12/2006,21:44:00,3.424,0.046,237.75,14.4,0.0,1.0,17.0
16/12/2006,21:45:00,1.86,0.066,239.69,8.4,0.0,2.0,18.0
16/12/2006,21:46:00,3.25,0.082,238.95,13.8,0.0,1.0,17.0
16/12/2006,21:47:00,3.502,0.172,236.46,14.8,0.0,1.0,18.0
16/12/2006,21:48:00,3.484,0.17,235.98,14.6,0.0,2.0,17.0
16/12/2006,21:49:00,3.478,0.168,235.85,14.6,0.0,1.0,17.0
16/12/2006,21:50:00,1.696,0.194,238.19,7.6,0.0,2.0,17.0
16/12/2006,21:51:00,3.494,0.17,236.28,14.8,0.0,1.0,17.0
16/12/2006,21:52:00,3.482,0.17,236.4,14.6,0.0,1.0,17.0
16/12/2006,21:53:00,3.48,0.17,236.46,14.6,0.0,2.0,17.0
16/12/2006,21:54:00,3.474,0.168,236.28,14.6,0.0,1.0,17.0
16/12/2006,21:55:00,2.308,0.184,237.33,10.6,0.0,1.0,18.0
16/12/2006,21:56:00,2.926,0.178,237.09,12.8,0.0,2.0,17.0
16/12/2006,21:57:00,3.472,0.17,236.39,14.6,0.0,1.0,17.0
16/12/2006,21:58:00,3.48,0.17,236.75,14.6,0.0,1.0,17.0
16/12/2006,21:59:00,3.454,0.168,235.73,14.6,0.0,2.0,17.0
16/12/2006,22:00:00,3.464,0.17,236.03,14.6,0.0,1.0,17.0
16/12/2006,22:01:00,1.786,0.096,237.68,8.2,0.0,1.0,18.0
16/12/2006,22:02:00,3.182,0.0,235.99,13.6,0.0,1.0,17.0
16/12/2006,22:03:00,3.378,0.0,236.26,14.2,0.0,2.0,17.0
16/12/2006,22:04:00,3.372,0.0,236.03,14.2,0.0,1.0,17.0
16/12/2006,22:05:00,3.362,0.0,235.7,14.2,0.0,1.0,17.0
16/12/2006,22:06:00,3.112,0.0,236.08,13.4,0.0,1.0,17.0
16/12/2006,22:07:00,1.614,0.056,237.31,7.4,0.0,0.0,17.0
16/12/2006,22:08:00,3.358,0.0,236.14,14.2,0.0,0.0,17.0
16/12/2006,22:09:00,3.388,0.0,236.61,14.2,0.0,0.0,17.0
16/12/2006,22:10:00,3.392,0.0,236.93,14.2,0.0,0.0,17.0
16/12/2006,22:11:00,2.81,0.0,237.97,12.4,0.0,0.0,18.0
16/12/2006,22:12:00,2.18,0.0,238.02,10.0,0.0,0.0,17.0
16/12/2006,22:13:00,3.37,0.0,236.06,14.2,0.0,0.0,17.0
16/12/2006,22:14:00,3.326,0.0,234.45,14.0,0.0,0.0,17.0
16/12/2006,22:15:00,2.778,0.0,235.31,12.0,0.0,0.0,9.0
16/12/2006,22:16:00,2.358,0.0,237.1,9.8,0.0,0.0,0.0
16/12/2006,22:17:00,0.96,0.054,238.68,5.6,0.0,0.0,0.0
16/12/2006,22:18:00,1.606,0.0,238.76,7.8,0.0,0.0,0.0
16/12/2006,22:19:00,2.35,0.0,238.59,9.8,0.0,0.0,0.0
16/12/2006,22:20:00,2.428,0.068,238.87,10.0,0.0,0.0,0.0
16/12/2006,22:21:00,2.078,0.072,238.97,9.2,0.0,0.0,0.0
16/12/2006,22:22:00,0.78,0.09,239.93,4.6,0.0,0.0,0.0
16/12/2006,22:23:00,2.426,0.068,239.05,10.0,0.0,0.0,0.0
16/12/2006,22:24:00,2.412,0.066,238.46,10.0,0.0,0.0,0.0
16/12/2006,22:25:00,2.428,0.07,239.68,10.0,0.0,0.0,0.0
16/12/2006,22:26:00,1.53,0.084,240.72,7.6,0.0,0.0,0.0
16/12/2006,22:27:00,1.388,0.086,240.87,7.2,0.0,0.0,0.0
16/12/2006,22:28:00,2.424,0.07,239.71,10.0,0.0,0.0,0.0
16/12/2006,22:29:00,2.428,0.072,239.89,10.0,0.0,0.0,0.0
16/12/2006,22:30:00,2.388,0.07,239.48,10.0,0.0,0.0,0.0
16/12/2006,22:31:00,0.376,0.1,241.64,1.6,0.0,0.0,0.0
16/12/2006,22:32:00,2.202,0.074,240.07,9.6,0.0,0.0,0.0
16/12/2006,22:33:00,2.43,0.07,239.77,10.0,0.0,0.0,0.0
16/12/2006,22:34:00,2.346,0.052,240.05,9.6,0.0,0.0,0.0
16/12/2006,22:35:00,1.916,0.054,239.75,8.6,0.0,0.0,0.0
16/12/2006,22:36:00,0.384,0.0,240.58,2.4,0.0,0.0,0.0
16/12/2006,22:37:00,2.334,0.06,239.2,9.6,0.0,0.0,0.0
16/12/2006,22:38:00,2.32,0.06,238.84,9.6,0.0,0.0,0.0
16/12/2006,22:39:00,2.306,0.062,238.39,9.6,0.0,0.0,0.0
16/12/2006,22:40:00,2.306,0.064,238.39,9.6,0.0,0.0,0.0
16/12/2006,22:41:00,0.436,0.0,241.06,2.8,0.0,0.0,0.0
16/12/2006,22:42:00,1.584,0.05,240.89,7.8,0.0,0.0,0.0
16/12/2006,22:43:00,2.328,0.062,239.46,9.6,0.0,0.0,0.0
16/12/2006,22:44:00,2.326,0.062,239.27,9.6,0.0,0.0,0.0
16/12/2006,22:45:00,2.334,0.06,239.57,9.6,0.0,0.0,0.0
16/12/2006,22:46:00,1.846,0.054,239.99,8.4,0.0,0.0,0.0
16/12/2006,22:47:00,0.284,0.0,242.04,1.2,0.0,0.0,0.0
16/12/2006,22:48:00,2.342,0.06,239.89,9.8,0.0,0.0,0.0
16/12/2006,22:49:00,2.392,0.0,239.91,10.0,0.0,0.0,0.0
16/12/2006,22:50:00,2.414,0.0,240.02,10.0,0.0,0.0,0.0
16/12/2006,22:51:00,2.414,0.0,239.97,10.0,0.0,0.0,0.0
16/12/2006,22:52:00,0.754,0.086,241.27,4.4,0.0,0.0,0.0
16/12/2006,22:53:00,1.42,0.178,238.64,7.4,0.0,0.0,0.0
16/12/2006,22:54:00,2.468,0.162,237.47,10.4,0.0,0.0,0.0
16/12/2006,22:55:00,2.474,0.164,238.05,10.4,0.0,0.0,0.0
16/12/2006,22:56:00,2.488,0.168,239.03,10.4,0.0,0.0,0.0
16/12/2006,22:57:00,1.81,0.182,240.28,8.6,0.0,0.0,0.0
16/12/2006,22:58:00,0.674,0.2,241.36,4.0,0.0,0.0,0.0
16/12/2006,22:59:00,2.444,0.094,239.42,10.2,0.0,0.0,0.0
16/12/2006,23:00:00,2.41,0.068,238.9,10.0,0.0,0.0,0.0
16/12/2006,23:01:00,2.412,0.07,239.13,10.0,0.0,0.0,0.0
16/12/2006,23:02:00,2.206,0.072,239.37,9.4,0.0,0.0,0.0
16/12/2006,23:03:00,0.37,0.1,241.58,1.6,0.0,0.0,0.0
16/12/2006,23:04:00,2.104,0.076,240.11,9.2,0.0,0.0,0.0
16/12/2006,23:05:00,2.404,0.068,238.73,10.0,0.0,0.0,0.0
16/12/2006,23:06:00,2.418,0.07,239.52,10.0,0.0,0.0,0.0
16/12/2006,23:07:00,2.342,0.0,239.74,9.6,0.0,0.0,0.0
16/12/2006,23:08:00,1.262,0.046,240.96,6.8,0.0,0.0,0.0
16/12/2006,23:09:00,0.852,0.0,241.64,5.2,0.0,0.0,0.0
16/12/2006,23:10:00,2.34,0.06,240.05,9.6,0.0,0.0,0.0
16/12/2006,23:11:00,2.336,0.06,240.07,9.6,0.0,0.0,0.0
16/12/2006,23:12:00,2.334,0.06,239.99,9.6,0.0,0.0,0.0
16/12/2006,23:13:00,2.33,0.06,239.74,9.6,0.0,0.0,0.0
16/12/2006,23:14:00,1.038,0.0,241.17,6.0,0.0,0.0,0.0
16/12/2006,23:15:00,0.386,0.0,242.39,2.4,0.0,0.0,0.0
16/12/2006,23:16:00,2.35,0.06,240.41,9.6,0.0,0.0,0.0
16/12/2006,23:17:00,2.346,0.06,240.5,9.6,0.0,0.0,0.0
16/12/2006,23:18:00,2.346,0.06,240.55,9.6,0.0,0.0,0.0
16/12/2006,23:19:00,1.834,0.052,240.97,8.4,0.0,0.0,0.0
16/12/2006,23:20:00,1.222,0.046,241.58,6.6,0.0,0.0,0.0
16/12/2006,23:21:00,2.342,0.06,240.21,9.6,0.0,0.0,0.0
16/12/2006,23:22:00,2.334,0.06,239.98,9.6,0.0,0.0,0.0
16/12/2006,23:23:00,1.666,0.052,240.65,8.0,0.0,0.0,0.0
16/12/2006,23:24:00,1.198,0.0,241.68,6.6,0.0,0.0,0.0
16/12/2006,23:25:00,2.35,0.058,240.7,9.6,0.0,0.0,0.0
16/12/2006,23:26:00,2.398,0.0,240.7,9.8,0.0,0.0,0.0
16/12/2006,23:27:00,2.444,0.072,240.11,10.2,0.0,0.0,0.0
16/12/2006,23:28:00,0.406,0.098,241.71,2.0,0.0,0.0,0.0
16/12/2006,23:29:00,2.434,0.072,240.13,10.0,0.0,0.0,0.0
16/12/2006,23:30:00,2.502,0.136,240.24,10.4,0.0,0.0,0.0
16/12/2006,23:31:00,2.518,0.176,240.53,10.4,0.0,0.0,0.0
16/12/2006,23:32:00,1.516,0.19,241.36,7.6,0.0,0.0,0.0
16/12/2006,23:33:00,1.498,0.188,241.02,7.6,0.0,0.0,0.0
16/12/2006,23:34:00,2.508,0.174,240.06,10.4,0.0,0.0,0.0
16/12/2006,23:35:00,2.504,0.174,240.09,10.4,0.0,0.0,0.0
16/12/2006,23:36:00,2.492,0.172,239.49,10.4,0.0,0.0,0.0
16/12/2006,23:37:00,0.814,0.204,242.16,4.8,0.0,0.0,0.0
16/12/2006,23:38:00,2.304,0.18,240.95,9.8,0.0,0.0,0.0
16/12/2006,23:39:00,2.53,0.182,241.74,10.4,0.0,0.0,0.0
16/12/2006,23:40:00,2.378,0.0,241.18,9.8,0.0,0.0,0.0
16/12/2006,23:41:00,0.384,0.0,243.73,2.4,0.0,0.0,0.0
16/12/2006,23:42:00,2.37,0.058,241.48,9.8,0.0,0.0,0.0
16/12/2006,23:43:00,2.358,0.058,241.13,9.6,0.0,0.0,0.0
16/12/2006,23:44:00,2.352,0.058,240.96,9.6,0.0,0.0,0.0
16/12/2006,23:45:00,0.416,0.0,242.94,2.4,0.0,0.0,0.0
16/12/2006,23:46:00,2.654,0.062,240.74,11.0,0.0,0.0,0.0
16/12/2006,23:47:00,2.54,0.06,241.23,10.4,0.0,0.0,0.0
16/12/2006,23:48:00,2.526,0.058,241.79,10.8,0.0,0.0,0.0
16/12/2006,23:49:00,1.206,0.0,241.83,5.4,0.0,0.0,0.0
16/12/2006,23:50:00,3.844,0.148,238.71,16.6,0.0,0.0,0.0
16/12/2006,23:51:00,4.122,0.14,237.99,17.6,0.0,0.0,0.0
16/12/2006,23:52:00,3.458,0.0,238.89,14.8,0.0,0.0,0.0
16/12/2006,23:53:00,1.988,0.05,240.26,9.2,0.0,0.0,0.0
16/12/2006,23:54:00,0.596,0.0,240.88,2.4,0.0,0.0,0.0
16/12/2006,23:55:00,1.29,0.0,240.69,6.8,0.0,0.0,0.0
16/12/2006,23:56:00,2.73,0.06,239.43,11.4,0.0,1.0,0.0
16/12/2006,23:57:00,2.734,0.062,239.81,11.4,0.0,2.0,0.0
16/12/2006,23:58:00,2.764,0.066,241.27,11.4,0.0,1.0,0.0
16/12/2006,23:59:00,2.586,0.07,241.63,11.0,0.0,1.0,0.0
17/12/2006,00:00:00,1.044,0.152,242.73,4.4,0.0,2.0,0.0
17/12/2006,00:01:00,1.52,0.22,242.2,7.4,0.0,1.0,0.0
17/12/2006,00:02:00,3.038,0.194,240.14,12.6,0.0,2.0,0.0
17/12/2006,00:03:00,2.974,0.194,239.97,12.4,0.0,1.0,0.0
17/12/2006,00:04:00,2.846,0.198,240.39,11.8,0.0,2.0,0.0
17/12/2006,00:05:00,2.848,0.198,240.59,11.8,0.0,1.0,0.0
17/12/2006,00:06:00,2.858,0.202,241.14,11.8,0.0,1.0,0.0
17/12/2006,00:07:00,2.472,0.208,241.62,10.8,0.0,2.0,0.0
17/12/2006,00:08:00,0.658,0.244,243.75,3.0,0.0,1.0,0.0
17/12/2006,00:09:00,0.838,0.334,242.09,4.8,0.0,2.0,0.0
17/12/2006,00:10:00,2.608,0.298,239.45,10.8,0.0,1.0,0.0
17/12/2006,00:11:00,2.598,0.296,239.44,10.8,0.0,1.0,0.0
17/12/2006,00:12:00,2.56,0.286,238.71,10.8,0.0,2.0,0.0
17/12/2006,00:13:00,2.526,0.278,236.95,10.6,0.0,1.0,0.0
17/12/2006,00:14:00,2.472,0.194,237.55,10.4,0.0,1.0,0.0
17/12/2006,00:15:00,1.658,0.166,238.48,8.0,0.0,1.0,0.0
17/12/2006,00:16:00,0.422,0.184,239.79,1.8,0.0,2.0,0.0
17/12/2006,00:17:00,0.79,0.178,239.47,4.6,0.0,1.0,0.0
17/12/2006,00:18:00,2.436,0.12,238.51,10.2,0.0,1.0,0.0
17/12/2006,00:19:00,2.396,0.056,239.03,10.0,0.0,1.0,0.0
17/12/2006,00:20:00,2.338,0.0,238.37,9.8,0.0,1.0,0.0
17/12/2006,00:21:00,2.304,0.062,238.38,9.6,0.0,0.0,0.0
17/12/2006,00:22:00,0.276,0.0,240.56,1.2,0.0,0.0,0.0
17/12/2006,00:23:00,0.712,0.0,239.84,4.6,0.0,0.0,0.0
17/12/2006,00:24:00,2.332,0.06,239.11,9.6,0.0,0.0,0.0
17/12/2006,00:25:00,2.344,0.058,239.99,9.6,0.0,0.0,0.0
17/12/2006,00:26:00,2.354,0.058,240.64,9.8,0.0,0.0,0.0
17/12/2006,00:27:00,2.332,0.06,239.45,9.6,0.0,0.0,0.0
17/12/2006,00:28:00,2.368,0.056,241.4,9.8,0.0,0.0,0.0
17/12/2006,00:29:00,0.612,0.0,243.68,4.0,0.0,0.0,0.0
17/12/2006,00:30:00,0.286,0.0,244.03,1.2,0.0,0.0,0.0
17/12/2006,00:31:00,1.952,0.05,242.07,8.8,0.0,0.0,0.0
17/12/2006,00:32:00,2.376,0.056,241.86,9.8,0.0,0.0,0.0
17/12/2006,00:33:00,2.374,0.056,241.7,9.8,0.0,0.0,0.0
17/12/2006,00:34:00,2.406,0.0,240.0,10.0,0.0,0.0,0.0
17/12/2006,00:35:00,1.004,0.094,242.0,5.6,0.0,0.0,0.0
17/12/2006,00:36:00,0.388,0.104,242.58,1.6,0.0,0.0,0.0
17/12/2006,00:37:00,1.458,0.09,242.3,7.4,0.0,0.0,0.0
17/12/2006,00:38:00,2.48,0.078,241.86,10.2,0.0,0.0,0.0
17/12/2006,00:39:00,2.454,0.074,240.76,10.2,0.0,0.0,0.0
17/12/2006,00:40:00,2.468,0.078,241.52,10.2,0.0,0.0,0.0
17/12/2006,00:41:00,2.028,0.084,241.88,9.0,0.0,0.0,0.0
17/12/2006,00:42:00,0.382,0.108,243.65,1.6,0.0,0.0,0.0
17/12/2006,00:43:00,0.902,0.098,242.62,5.2,0.0,0.0,0.0
17/12/2006,00:44:00,2.466,0.076,241.43,10.2,0.0,0.0,0.0
17/12/2006,00:45:00,2.456,0.076,241.18,10.2,0.0,0.0,0.0
17/12/2006,00:46:00,2.45,0.074,240.82,10.0,0.0,0.0,0.0
17/12/2006,00:47:00,2.448,0.074,240.78,10.0,0.0,0.0,0.0
17/12/2006,00:48:00,0.93,0.0,242.94,5.6,0.0,0.0,0.0
17/12/2006,00:49:00,0.286,0.0,243.84,1.2,0.0,0.0,0.0
17/12/2006,00:50:00,1.376,0.0,243.11,7.2,0.0,0.0,0.0
17/12/2006,00:51:00,2.456,0.048,241.98,10.0,0.0,0.0,0.0
17/12/2006,00:52:00,2.456,0.048,242.01,10.0,0.0,0.0,0.0
17/12/2006,00:53:00,2.444,0.046,241.38,10.0,0.0,0.0,0.0
17/12/2006,00:54:00,2.122,0.048,240.91,9.2,0.0,0.0,0.0
17/12/2006,00:55:00,0.356,0.07,242.13,1.4,0.0,0.0,0.0
17/12/2006,00:56:00,0.952,0.062,241.5,5.6,0.0,0.0,0.0
17/12/2006,00:57:00,2.426,0.0,240.45,10.0,0.0,0.0,0.0
17/12/2006,00:58:00,2.42,0.0,240.35,10.0,0.0,0.0,0.0
17/12/2006,00:59:00,2.412,0.0,240.65,10.0,0.0,0.0,0.0
17/12/2006,01:00:00,1.008,0.0,242.35,5.4,0.0,0.0,0.0
17/12/2006,01:01:00,0.43,0.0,243.4,1.8,0.0,0.0,0.0
17/12/2006,01:02:00,2.676,0.088,240.69,11.4,0.0,0.0,0.0
17/12/2006,01:03:00,3.766,0.208,239.13,15.6,0.0,0.0,0.0
17/12/2006,01:04:00,4.582,0.258,238.08,19.6,0.0,13.0,0.0
17/12/2006,01:05:00,5.282,0.15,237.38,22.4,0.0,35.0,0.0
17/12/2006,01:06:00,2.362,0.096,241.35,10.4,0.0,28.0,0.0
17/12/2006,01:07:00,3.25,0.084,240.95,13.6,0.0,37.0,0.0
17/12/2006,01:08:00,4.618,0.104,239.61,19.6,0.0,27.0,0.0
17/12/2006,01:09:00,5.242,0.178,239.49,21.8,0.0,37.0,0.0
17/12/2006,01:10:00,4.86,0.198,239.65,20.2,0.0,36.0,0.0
17/12/2006,01:11:00,3.738,0.238,240.39,16.0,0.0,36.0,0.0
17/12/2006,01:12:00,3.426,0.256,240.31,14.4,0.0,37.0,0.0
17/12/2006,01:13:00,5.254,0.214,238.15,22.0,0.0,35.0,0.0
17/12/2006,01:14:00,5.246,0.23,237.91,22.0,0.0,36.0,0.0
17/12/2006,01:15:00,5.216,0.21,237.44,22.0,0.0,36.0,0.0
17/12/2006,01:16:00,3.858,0.24,238.52,16.6,0.0,36.0,0.0
17/12/2006,01:17:00,2.822,0.188,239.55,11.8,0.0,36.0,0.0
17/12/2006,01:18:00,3.84,0.164,238.27,16.6,0.0,35.0,0.0
17/12/2006,01:19:00,4.636,0.14,237.37,19.4,0.0,36.0,0.0
17/12/2006,01:20:00,4.634,0.152,237.17,19.4,0.0,35.0,0.0
17/12/2006,01:21:00,4.652,0.142,237.92,19.4,0.0,36.0,0.0
17/12/2006,01:22:00,3.13,0.13,239.82,14.6,0.0,26.0,0.0
17/12/2006,01:23:00,1.756,0.05,241.18,7.6,0.0,24.0,0.0
17/12/2006,01:24:00,3.478,0.0,239.84,15.0,0.0,36.0,0.0
17/12/2006,01:25:00,4.5,0.0,239.04,18.8,0.0,36.0,0.0
17/12/2006,01:26:00,3.552,0.0,240.29,14.8,0.0,21.0,0.0
17/12/2006,01:27:00,3.94,0.0,239.19,16.6,0.0,28.0,0.0
17/12/2006,01:28:00,2.44,0.0,240.8,10.0,0.0,37.0,0.0
17/12/2006,01:29:00,2.08,0.0,241.61,9.0,0.0,28.0,0.0
17/12/2006,01:30:00,3.652,0.0,240.11,15.2,0.0,22.0,0.0
17/12/2006,01:31:00,4.432,0.0,239.35,18.4,0.0,36.0,0.0
17/12/2006,01:32:00,4.46,0.0,240.08,18.6,0.0,36.0,0.0
17/12/2006,01:33:00,2.186,0.124,242.07,10.0,0.0,17.0,0.0
17/12/2006,01:34:00,2.358,0.124,241.54,9.8,0.0,33.0,0.0
17/12/2006,01:35:00,3.954,0.098,239.84,16.8,0.0,36.0,0.0
17/12/2006,01:36:00,3.746,0.106,240.36,15.6,0.0,25.0,0.0
17/12/2006,01:37:00,3.944,0.098,239.79,16.6,0.0,25.0,0.0
17/12/2006,01:38:00,3.68,0.102,239.55,15.8,0.0,36.0,0.0
17/12/2006,01:39:00,1.67,0.13,242.21,7.2,0.0,24.0,0.0
17/12/2006,01:40:00,3.214,0.118,241.92,14.6,0.0,26.0,0.0
17/12/2006,01:41:00,4.5,0.0,240.42,18.6,0.0,36.0,0.0
17/12/2006,01:42:00,3.8,0.0,241.78,15.8,0.0,26.0,0.0
17/12/2006,01:43:00,2.664,0.0,243.31,11.2,0.0,23.0,0.0
17/12/2006,01:44:00,2.528,0.122,242.92,10.4,0.0,37.0,0.0
17/12/2006,01:45:00,2.668,0.14,241.8,11.6,0.0,18.0,0.0
17/12/2006,01:46:00,4.256,0.184,240.29,17.8,0.0,30.0,0.0
17/12/2006,01:47:00,4.126,0.244,240.61,17.6,0.0,28.0,0.0
17/12/2006,01:48:00,3.216,0.27,242.14,15.0,0.0,31.0,0.0
17/12/2006,01:49:00,0.574,0.302,243.88,2.6,0.0,5.0,0.0
17/12/2006,01:50:00,2.344,0.272,241.49,10.8,0.0,16.0,0.0
17/12/2006,01:51:00,3.804,0.244,240.34,16.2,0.0,23.0,0.0
17/12/2006,01:52:00,4.622,0.24,239.59,19.2,0.0,37.0,0.0
17/12/2006,01:53:00,3.218,0.25,240.38,13.8,0.0,16.0,0.0
17/12/2006,01:54:00,0.774,0.294,242.43,4.2,0.0,5.0,0.0
17/12/2006,01:55:00,0.572,0.3,243.55,2.6,0.0,5.0,0.0
17/12/2006,01:56:00,1.952,0.282,242.33,9.0,0.0,5.0,0.0
17/12/2006,01:57:00,2.608,0.188,241.86,10.8,0.0,4.0,0.0
17/12/2006,01:58:00,2.6,0.134,242.14,10.6,0.0,5.0,0.0
17/12/2006,01:59:00,2.568,0.132,241.97,10.6,0.0,5.0,0.0
17/12/2006,02:00:00,1.334,0.148,242.14,7.0,0.0,5.0,0.0
17/12/2006,02:01:00,0.362,0.124,244.33,1.6,0.0,3.0,0.0
17/12/2006,02:02:00,1.238,0.1,245.86,6.6,0.0,1.0,0.0
17/12/2006,02:03:00,2.448,0.088,244.84,10.0,0.0,2.0,0.0
17/12/2006,02:04:00,2.426,0.082,244.83,9.8,0.0,1.0,0.0
17/12/2006,02:05:00,1.794,0.098,245.8,8.4,0.0,2.0,0.0
17/12/2006,02:06:00,0.288,0.118,247.65,1.2,0.0,1.0,0.0
17/12/2006,02:07:00,0.608,0.12,247.49,3.8,0.0,1.0,0.0
17/12/2006,02:08:00,2.426,0.082,244.73,9.8,0.0,2.0,0.0
17/12/2006,02:09:00,2.442,0.088,244.9,10.0,0.0,1.0,0.0
17/12/2006,02:10:00,2.428,0.084,244.77,9.8,0.0,1.0,0.0
17/12/2006,02:11:00,0.674,0.116,247.47,4.4,0.0,2.0,0.0
17/12/2006,02:12:00,0.306,0.128,248.48,1.4,0.0,1.0,0.0
17/12/2006,02:13:00,2.09,0.094,247.01,9.0,0.0,2.0,0.0
17/12/2006,02:14:00,2.508,0.134,246.12,10.2,0.0,1.0,0.0
17/12/2006,02:15:00,2.228,0.126,246.32,9.4,0.0,1.0,0.0
17/12/2006,02:16:00,0.308,0.108,248.01,1.4,0.0,0.0,0.0
17/12/2006,02:17:00,0.29,0.102,248.2,1.2,0.0,0.0,0.0
17/12/2006,02:18:00,2.442,0.072,245.61,10.0,0.0,1.0,0.0
17/12/2006,02:19:00,2.514,0.156,245.29,10.2,0.0,0.0,0.0
17/12/2006,02:20:00,2.506,0.202,243.75,10.2,0.0,0.0,0.0
17/12/2006,02:21:00,0.388,0.234,246.17,1.8,0.0,0.0,0.0
17/12/2006,02:22:00,0.538,0.242,246.94,3.2,0.0,0.0,0.0
17/12/2006,02:23:00,2.496,0.142,245.35,10.2,0.0,0.0,0.0
17/12/2006,02:24:00,2.47,0.1,244.97,10.0,0.0,1.0,0.0
17/12/2006,02:25:00,2.448,0.096,244.97,10.0,0.0,0.0,0.0
17/12/2006,02:26:00,0.82,0.126,246.17,5.0,0.0,0.0,0.0
17/12/2006,02:27:00,0.308,0.13,247.3,1.4,0.0,0.0,0.0
17/12/2006,02:28:00,2.45,0.102,244.96,10.0,0.0,0.0,0.0
17/12/2006,02:29:00,2.432,0.092,244.2,9.8,0.0,0.0,0.0
17/12/2006,02:30:00,2.444,0.098,243.93,10.0,0.0,0.0,0.0
17/12/2006,02:31:00,1.97,0.1,244.35,8.8,0.0,0.0,0.0
17/12/2006,02:32:00,0.256,0.0,246.64,1.2,0.0,1.0,0.0
17/12/2006,02:33:00,0.508,0.0,246.7,3.6,0.0,0.0,0.0
17/12/2006,02:34:00,2.37,0.0,244.7,9.6,0.0,0.0,0.0
17/12/2006,02:35:00,2.352,0.0,245.05,9.6,0.0,0.0,0.0
17/12/2006,02:36:00,2.14,0.0,246.52,9.0,0.0,0.0,0.0
17/12/2006,02:37:00,0.212,0.0,248.94,0.8,0.0,0.0,0.0
17/12/2006,02:38:00,0.992,0.0,247.33,5.8,0.0,1.0,0.0
17/12/2006,02:39:00,2.362,0.0,245.39,9.6,0.0,0.0,0.0
17/12/2006,02:40:00,2.384,0.0,245.71,9.6,0.0,0.0,0.0
17/12/2006,02:41:00,1.928,0.0,246.1,8.4,0.0,0.0,0.0
17/12/2006,02:42:00,0.218,0.0,249.37,1.0,0.0,0.0,0.0
17/12/2006,02:43:00,0.656,0.0,249.07,4.4,0.0,1.0,0.0
17/12/2006,02:44:00,2.398,0.0,247.31,9.6,0.0,0.0,0.0
17/12/2006,02:45:00,2.412,0.0,247.26,9.6,0.0,0.0,0.0
17/12/2006,02:46:00,1.672,0.0,245.95,7.8,0.0,0.0,0.0
17/12/2006,02:47:00,0.226,0.0,246.16,1.0,0.0,0.0,0.0
17/12/2006,02:48:00,1.632,0.0,244.51,7.8,0.0,0.0,0.0
17/12/2006,02:49:00,2.352,0.0,243.91,9.6,0.0,1.0,0.0
17/12/2006,02:50:00,2.328,0.046,243.68,9.4,0.0,0.0,0.0
17/12/2006,02:51:00,0.732,0.0,244.57,4.6,0.0,0.0,0.0
17/12/2006,02:52:00,0.206,0.0,245.98,0.8,0.0,0.0,0.0
17/12/2006,02:53:00,2.332,0.0,244.32,9.6,0.0,0.0,0.0
17/12/2006,02:54:00,2.39,0.0,244.51,9.8,0.0,0.0,0.0
17/12/2006,02:55:00,2.476,0.1,244.84,10.0,0.0,1.0,0.0
17/12/2006,02:56:00,0.604,0.126,247.15,3.8,0.0,0.0,0.0
17/12/2006,02:57:00,0.38,0.178,246.59,1.8,0.0,0.0,0.0
17/12/2006,02:58:00,1.774,0.21,244.52,8.4,0.0,0.0,0.0
17/12/2006,02:59:00,2.52,0.202,243.43,10.4,0.0,0.0,0.0
17/12/2006,03:00:00,2.542,0.214,244.06,10.4,0.0,0.0,0.0
17/12/2006,03:01:00,2.228,0.294,245.05,9.8,0.0,4.0,0.0
17/12/2006,03:02:00,0.59,0.316,247.12,2.6,0.0,4.0,0.0
17/12/2006,03:03:00,1.354,0.316,246.86,7.0,0.0,3.0,0.0
17/12/2006,03:04:00,2.734,0.28,245.41,11.2,0.0,4.0,0.0
17/12/2006,03:05:00,2.734,0.288,245.27,11.2,0.0,3.0,0.0
17/12/2006,03:06:00,2.002,0.214,245.79,9.0,0.0,4.0,0.0
17/12/2006,03:07:00,0.472,0.144,247.11,2.0,0.0,3.0,0.0
17/12/2006,03:08:00,0.876,0.0,244.7,5.0,0.0,4.0,0.0
17/12/2006,03:09:00,2.324,0.046,243.24,9.4,0.0,0.0,0.0
17/12/2006,03:10:00,2.342,0.0,243.46,9.6,0.0,0.0,0.0
17/12/2006,03:11:00,2.326,0.046,243.57,9.4,0.0,0.0,0.0
17/12/2006,03:12:00,0.302,0.0,246.19,2.0,0.0,0.0,0.0
17/12/2006,03:13:00,0.208,0.0,247.17,0.8,0.0,0.0,0.0
17/12/2006,03:14:00,2.022,0.0,245.69,8.8,0.0,0.0,0.0
17/12/2006,03:15:00,2.356,0.0,245.08,9.6,0.0,0.0,0.0
17/12/2006,03:16:00,2.346,0.0,243.7,9.6,0.0,1.0,0.0
17/12/2006,03:17:00,2.24,0.0,243.92,9.2,0.0,0.0,0.0
17/12/2006,03:18:00,0.224,0.0,245.54,1.0,0.0,0.0,0.0
17/12/2006,03:19:00,0.424,0.0,244.88,3.2,0.0,0.0,0.0
17/12/2006,03:20:00,2.344,0.0,243.27,9.6,0.0,0.0,0.0
17/12/2006,03:21:00,2.308,0.048,242.65,9.4,0.0,0.0,0.0
17/12/2006,03:22:00,2.338,0.0,243.29,9.6,0.0,1.0,0.0
17/12/2006,03:23:00,1.48,0.0,243.73,7.4,0.0,0.0,0.0
17/12/2006,03:24:00,0.222,0.0,245.29,1.0,0.0,0.0,0.0
17/12/2006,03:25:00,0.82,0.0,245.38,5.2,0.0,0.0,0.0
17/12/2006,03:26:00,2.352,0.0,243.84,9.6,0.0,0.0,0.0
17/12/2006,03:27:00,2.312,0.048,242.8,9.4,0.0,0.0,0.0
17/12/2006,03:28:00,2.324,0.0,242.52,9.6,0.0,1.0,0.0
17/12/2006,03:29:00,0.232,0.0,244.9,1.4,0.0,0.0,0.0
17/12/2006,03:30:00,0.342,0.12,244.81,1.6,0.0,0.0,0.0
17/12/2006,03:31:00,1.94,0.098,243.8,8.8,0.0,0.0,0.0
17/12/2006,03:32:00,2.456,0.098,244.03,10.0,0.0,0.0,0.0
17/12/2006,03:33:00,2.448,0.096,244.73,10.0,0.0,0.0,0.0
17/12/2006,03:34:00,1.838,0.108,244.66,8.4,0.0,1.0,0.0
17/12/2006,03:35:00,0.32,0.13,246.4,1.4,0.0,0.0,0.0
17/12/2006,03:36:00,1.154,0.116,245.5,6.4,0.0,0.0,0.0
17/12/2006,03:37:00,2.442,0.096,243.49,10.0,0.0,0.0,0.0
17/12/2006,03:38:00,2.41,0.09,243.08,9.8,0.0,0.0,0.0
17/12/2006,03:39:00,2.282,0.096,243.17,9.6,0.0,0.0,0.0
17/12/2006,03:40:00,0.32,0.126,244.44,1.6,0.0,0.0,0.0
17/12/2006,03:41:00,0.812,0.224,244.05,4.8,0.0,1.0,0.0
17/12/2006,03:42:00,2.446,0.138,242.72,10.0,0.0,0.0,0.0
17/12/2006,03:43:00,2.426,0.066,243.81,9.8,0.0,0.0,0.0
17/12/2006,03:44:00,2.41,0.062,244.12,9.8,0.0,0.0,0.0
17/12/2006,03:45:00,0.436,0.096,245.64,2.8,0.0,0.0,0.0
17/12/2006,03:46:00,0.492,0.088,245.18,3.2,0.0,0.0,0.0
17/12/2006,03:47:00,2.424,0.064,243.7,9.8,0.0,1.0,0.0
17/12/2006,03:48:00,2.392,0.058,243.41,9.8,0.0,0.0,0.0
17/12/2006,03:49:00,2.382,0.0,243.42,9.8,0.0,0.0,0.0
17/12/2006,03:50:00,0.754,0.0,245.53,4.8,0.0,0.0,0.0
17/12/2006,03:51:00,0.412,0.0,246.54,3.0,0.0,0.0,0.0
17/12/2006,03:52:00,2.354,0.0,244.63,9.6,0.0,0.0,0.0
17/12/2006,03:53:00,2.412,0.0,244.59,9.8,0.0,1.0,0.0
17/12/2006,03:54:00,2.426,0.082,244.42,9.8,0.0,2.0,0.0
17/12/2006,03:55:00,1.384,0.1,244.64,7.2,0.0,2.0,0.0
17/12/2006,03:56:00,0.292,0.11,245.31,1.2,0.0,1.0,0.0
17/12/2006,03:57:00,1.33,0.098,243.78,7.0,0.0,2.0,0.0
17/12/2006,03:58:00,2.396,0.076,242.57,9.8,0.0,1.0,0.0
17/12/2006,03:59:00,2.422,0.082,243.16,9.8,0.0,2.0,0.0
17/12/2006,04:00:00,2.402,0.076,243.18,9.8,0.0,1.0,0.0
17/12/2006,04:01:00,0.43,0.112,245.02,2.6,0.0,2.0,0.0
17/12/2006,04:02:00,0.666,0.104,244.9,4.2,0.0,2.0,0.0
17/12/2006,04:03:00,2.42,0.08,242.77,9.8,0.0,1.0,0.0
17/12/2006,04:04:00,2.39,0.074,242.47,9.8,0.0,2.0,0.0
17/12/2006,04:05:00,2.446,0.12,242.14,10.0,0.0,1.0,0.0
17/12/2006,04:06:00,0.978,0.248,245.15,5.6,0.0,2.0,0.0
17/12/2006,04:07:00,0.4,0.254,245.86,1.8,0.0,1.0,0.0
17/12/2006,04:08:00,2.432,0.222,243.47,10.2,0.0,2.0,0.0
17/12/2006,04:09:00,2.5,0.214,243.36,10.2,0.0,1.0,0.0
17/12/2006,04:10:00,2.52,0.22,243.54,10.4,0.0,2.0,0.0
17/12/2006,04:11:00,0.788,0.246,245.68,4.8,0.0,1.0,0.0
17/12/2006,04:12:00,0.402,0.256,245.69,2.0,0.0,2.0,0.0
17/12/2006,04:13:00,2.238,0.216,243.21,9.6,0.0,1.0,0.0
17/12/2006,04:14:00,2.512,0.22,243.49,10.2,0.0,2.0,0.0
17/12/2006,04:15:00,2.486,0.212,243.2,10.2,0.0,1.0,0.0
17/12/2006,04:16:00,1.936,0.23,244.12,8.8,0.0,1.0,0.0
17/12/2006,04:17:00,0.376,0.256,246.45,1.8,0.0,2.0,0.0
17/12/2006,04:18:00,0.908,0.078,245.71,5.2,0.0,1.0,0.0
17/12/2006,04:19:00,2.336,0.046,243.86,9.4,0.0,0.0,0.0
17/12/2006,04:20:00,2.346,0.0,243.5,9.6,0.0,0.0,0.0
17/12/2006,04:21:00,2.328,0.046,243.62,9.4,0.0,0.0,0.0
17/12/2006,04:22:00,1.708,0.0,243.73,8.0,0.0,0.0,0.0
17/12/2006,04:23:00,0.206,0.0,245.17,0.8,0.0,0.0,0.0
17/12/2006,04:24:00,0.516,0.0,245.13,3.6,0.0,1.0,0.0
17/12/2006,04:25:00,2.426,0.06,243.67,9.8,0.0,0.0,0.0
17/12/2006,04:26:00,2.43,0.066,244.0,9.8,0.0,0.0,0.0
17/12/2006,04:27:00,2.424,0.06,243.6,9.8,0.0,0.0,0.0
17/12/2006,04:28:00,2.306,0.064,242.93,9.6,0.0,0.0,0.0
17/12/2006,04:29:00,0.288,0.088,245.08,1.2,0.0,0.0,0.0
17/12/2006,04:30:00,0.756,0.092,245.69,3.8,0.0,0.0,5.0
17/12/2006,04:31:00,3.498,0.05,242.83,14.4,0.0,0.0,19.0
17/12/2006,04:32:00,3.522,0.054,242.92,14.4,0.0,1.0,18.0
17/12/2006,04:33:00,3.46,0.0,243.03,14.2,0.0,0.0,19.0
17/12/2006,04:34:00,3.434,0.05,242.95,14.0,0.0,0.0,18.0
17/12/2006,04:35:00,1.646,0.0,245.6,7.4,0.0,0.0,19.0
17/12/2006,04:36:00,1.336,0.0,245.94,5.4,0.0,0.0,18.0
17/12/2006,04:37:00,2.874,0.0,244.16,12.4,0.0,1.0,18.0
17/12/2006,04:38:00,3.41,0.056,243.04,14.0,0.0,0.0,19.0
17/12/2006,04:39:00,3.412,0.052,242.49,14.0,0.0,0.0,18.0
17/12/2006,04:40:00,3.386,0.056,242.22,13.8,0.0,0.0,18.0
17/12/2006,04:41:00,1.844,0.048,244.07,8.2,0.0,0.0,18.0
17/12/2006,04:42:00,1.414,0.106,244.55,5.8,0.0,0.0,18.0
17/12/2006,04:43:00,3.352,0.086,242.89,14.0,0.0,1.0,18.0
17/12/2006,04:44:00,3.5,0.08,242.65,14.4,0.0,0.0,18.0
17/12/2006,04:45:00,3.516,0.084,242.63,14.4,0.0,0.0,18.0
17/12/2006,04:46:00,3.174,0.084,243.15,13.4,0.0,0.0,18.0
17/12/2006,04:47:00,1.428,0.114,245.1,5.8,0.0,0.0,19.0
17/12/2006,04:48:00,1.994,0.1,244.15,9.0,0.0,0.0,18.0
17/12/2006,04:49:00,3.492,0.082,241.83,14.4,0.0,1.0,18.0
17/12/2006,04:50:00,3.46,0.076,241.53,14.2,0.0,0.0,18.0
17/12/2006,04:51:00,3.492,0.082,242.06,14.4,0.0,0.0,18.0
17/12/2006,04:52:00,3.482,0.08,242.39,14.2,0.0,0.0,18.0
17/12/2006,04:53:00,1.492,0.104,245.95,6.2,0.0,0.0,18.0
17/12/2006,04:54:00,1.326,0.0,246.55,5.4,0.0,0.0,19.0
17/12/2006,04:55:00,3.282,0.046,243.76,13.6,0.0,1.0,18.0
17/12/2006,04:56:00,3.422,0.054,243.58,14.0,0.0,0.0,18.0
17/12/2006,04:57:00,3.424,0.05,242.95,14.0,0.0,0.0,18.0
17/12/2006,04:58:00,3.254,0.054,242.7,13.4,0.0,0.0,18.0
17/12/2006,04:59:00,1.32,0.0,244.27,5.4,0.0,0.0,18.0
17/12/2006,05:00:00,2.294,0.0,243.14,10.4,0.0,0.0,19.0
17/12/2006,05:01:00,3.4,0.052,242.01,14.0,0.0,0.0,17.0
17/12/2006,05:02:00,3.402,0.056,242.73,14.0,0.0,0.0,18.0
17/12/2006,05:03:00,3.418,0.05,242.7,14.0,0.0,1.0,18.0
17/12/2006,05:04:00,2.994,0.05,243.77,12.6,0.0,0.0,19.0
17/12/2006,05:05:00,1.326,0.0,244.66,5.4,0.0,0.0,18.0
17/12/2006,05:06:00,2.02,0.0,243.62,9.2,0.0,0.0,18.0
17/12/2006,05:07:00,3.378,0.056,241.41,14.0,0.0,0.0,18.0
17/12/2006,05:08:00,3.372,0.054,240.91,14.0,0.0,1.0,18.0
17/12/2006,05:09:00,3.374,0.046,240.82,14.0,0.0,0.0,17.0
17/12/2006,05:10:00,3.426,0.046,240.23,14.2,0.0,0.0,18.0
17/12/2006,05:11:00,1.462,0.066,242.12,6.2,0.0,0.0,18.0
17/12/2006,05:12:00,1.834,0.07,242.93,8.4,0.0,0.0,18.0
17/12/2006,05:13:00,3.462,0.046,242.13,14.2,0.0,0.0,18.0
17/12/2006,05:14:00,3.486,0.054,242.49,14.2,0.0,1.0,18.0
17/12/2006,05:15:00,2.91,0.056,243.69,12.0,0.0,0.0,9.0
17/12/2006,05:16:00,0.936,0.09,245.93,5.4,0.0,0.0,0.0
17/12/2006,05:17:00,0.338,0.152,246.45,1.6,0.0,0.0,0.0
17/12/2006,05:18:00,1.926,0.136,244.33,8.8,0.0,0.0,0.0
17/12/2006,05:19:00,2.42,0.088,242.87,9.8,0.0,0.0,0.0
17/12/2006,05:20:00,2.438,0.094,243.06,10.0,0.0,1.0,0.0
17/12/2006,05:21:00,2.43,0.092,243.67,9.8,0.0,0.0,0.0
17/12/2006,05:22:00,2.454,0.098,244.05,10.0,0.0,0.0,0.0
17/12/2006,05:23:00,0.424,0.126,246.26,2.6,0.0,0.0,0.0
17/12/2006,05:24:00,0.716,0.128,246.23,4.4,0.0,0.0,0.0
17/12/2006,05:25:00,2.462,0.098,245.16,10.0,0.0,0.0,0.0
17/12/2006,05:26:00,2.46,0.1,244.25,10.0,0.0,1.0,0.0
17/12/2006,05:27:00,2.418,0.09,243.19,9.8,0.0,0.0,0.0
17/12/2006,05:28:00,1.0,0.112,243.77,5.8,0.0,0.0,0.0
17/12/2006,05:29:00,0.298,0.118,244.73,1.2,0.0,0.0,0.0
17/12/2006,05:30:00,1.65,0.0,243.03,7.8,0.0,0.0,0.0
17/12/2006,05:31:00,2.31,0.048,242.67,9.4,0.0,0.0,0.0
17/12/2006,05:32:00,2.332,0.0,242.87,9.6,0.0,1.0,0.0
17/12/2006,05:33:00,2.242,0.046,243.03,9.2,0.0,0.0,0.0
17/12/2006,05:34:00,0.224,0.0,244.96,1.0,0.0,0.0,0.0
17/12/2006,05:35:00,0.752,0.0,244.5,4.8,0.0,0.0,0.0
17/12/2006,05:36:00,2.33,0.0,242.56,9.6,0.0,0.0,0.0
17/12/2006,05:37:00,2.322,0.0,242.61,9.4,0.0,0.0,0.0
17/12/2006,05:38:00,2.312,0.048,242.19,9.4,0.0,0.0,0.0
17/12/2006,05:39:00,0.76,0.0,243.74,4.8,0.0,1.0,0.0
17/12/2006,05:40:00,0.364,0.0,244.4,2.6,0.0,0.0,0.0
17/12/2006,05:41:00,2.336,0.0,242.39,9.6,0.0,0.0,0.0
17/12/2006,05:42:00,2.312,0.048,242.51,9.4,0.0,0.0,0.0
17/12/2006,05:43:00,2.332,0.0,242.61,9.6,0.0,0.0,0.0
17/12/2006,05:44:00,0.856,0.0,243.82,5.2,0.0,0.0,0.0
17/12/2006,05:45:00,0.864,0.0,243.55,5.4,0.0,1.0,0.0
17/12/2006,05:46:00,2.302,0.05,242.22,9.4,0.0,0.0,0.0
17/12/2006,05:47:00,2.324,0.0,242.6,9.6,0.0,0.0,0.0
17/12/2006,05:48:00,1.852,0.0,243.74,8.4,0.0,0.0,0.0
17/12/2006,05:49:00,0.226,0.0,247.08,1.0,0.0,0.0,0.0
17/12/2006,05:50:00,2.184,0.0,244.99,9.2,0.0,0.0,0.0
17/12/2006,05:51:00,2.38,0.0,245.62,9.6,0.0,1.0,0.0
17/12/2006,05:52:00,1.92,0.0,245.71,8.6,0.0,0.0,0.0
17/12/2006,05:53:00,0.254,0.0,246.97,1.2,0.0,0.0,0.0
17/12/2006,05:54:00,2.164,0.098,244.63,9.2,0.0,0.0,0.0
17/12/2006,05:55:00,2.554,0.188,244.72,10.4,0.0,0.0,0.0
17/12/2006,05:56:00,2.026,0.212,245.14,9.0,0.0,0.0,0.0
17/12/2006,05:57:00,0.414,0.244,246.58,2.0,0.0,1.0,0.0
17/12/2006,05:58:00,2.106,0.206,244.28,9.2,0.0,0.0,0.0
17/12/2006,05:59:00,2.522,0.202,243.58,10.4,0.0,0.0,0.0
17/12/2006,06:00:00,2.076,0.206,244.36,9.2,0.0,0.0,0.0
17/12/2006,06:01:00,0.402,0.238,245.77,1.8,0.0,0.0,0.0
17/12/2006,06:02:00,2.118,0.204,243.95,9.2,0.0,0.0,0.0
17/12/2006,06:03:00,2.486,0.176,243.01,10.2,0.0,1.0,0.0
17/12/2006,06:04:00,1.34,0.2,245.34,7.0,0.0,1.0,0.0
17/12/2006,06:05:00,0.666,0.258,246.0,4.0,0.0,1.0,0.0
17/12/2006,06:06:00,2.44,0.11,243.7,10.0,0.0,2.0,0.0
17/12/2006,06:07:00,2.426,0.082,243.53,9.8,0.0,2.0,0.0
17/12/2006,06:08:00,1.278,0.096,243.92,6.8,0.0,1.0,0.0
17/12/2006,06:09:00,0.43,0.106,244.99,2.8,0.0,2.0,0.0
17/12/2006,06:10:00,2.426,0.08,243.06,10.0,0.0,1.0,0.0
17/12/2006,06:11:00,2.382,0.072,241.95,9.8,0.0,2.0,0.0
17/12/2006,06:12:00,2.406,0.078,242.35,9.8,0.0,2.0,0.0
17/12/2006,06:13:00,0.33,0.106,244.82,1.8,0.0,1.0,0.0
17/12/2006,06:14:00,1.208,0.098,243.99,6.6,0.0,2.0,0.0
17/12/2006,06:15:00,2.406,0.076,242.91,9.8,0.0,1.0,0.0
17/12/2006,06:16:00,2.442,0.086,242.84,10.0,0.0,2.0,0.0
17/12/2006,06:17:00,2.426,0.082,243.09,10.0,0.0,1.0,0.0
17/12/2006,06:18:00,2.432,0.084,242.41,10.0,0.0,2.0,0.0
17/12/2006,06:19:00,2.414,0.08,242.63,9.8,0.0,1.0,0.0
17/12/2006,06:20:00,0.484,0.116,244.86,2.4,0.0,2.0,0.0
17/12/2006,06:21:00,0.312,0.112,245.05,1.4,0.0,1.0,0.0
17/12/2006,06:22:00,2.352,0.088,243.36,9.8,0.0,2.0,0.0
17/12/2006,06:23:00,2.428,0.084,243.66,9.8,0.0,1.0,0.0
17/12/2006,06:24:00,2.582,0.092,244.02,10.6,0.0,2.0,0.0
17/12/2006,06:25:00,2.784,0.086,243.85,11.4,0.0,1.0,0.0
17/12/2006,06:26:00,2.68,0.09,243.73,11.0,0.0,1.0,0.0
17/12/2006,06:27:00,1.42,0.098,244.93,7.0,0.0,2.0,0.0
17/12/2006,06:28:00,0.908,0.088,244.83,3.8,0.0,1.0,0.0
17/12/2006,06:29:00,3.194,0.048,242.05,13.2,0.0,0.0,0.0
17/12/2006,06:30:00,3.328,0.094,241.89,13.6,0.0,0.0,0.0
17/12/2006,06:31:00,2.67,0.094,242.62,11.6,0.0,0.0,0.0
17/12/2006,06:32:00,1.238,0.124,244.76,5.0,0.0,1.0,0.0
17/12/2006,06:33:00,1.12,0.116,244.4,4.6,0.0,0.0,0.0
17/12/2006,06:34:00,0.592,0.128,245.39,2.6,0.0,0.0,0.0
17/12/2006,06:35:00,0.8,0.122,245.94,3.2,0.0,0.0,0.0
17/12/2006,06:36:00,0.82,0.126,245.84,3.4,0.0,0.0,0.0
17/12/2006,06:37:00,0.796,0.116,244.5,3.2,0.0,0.0,0.0
17/12/2006,06:38:00,0.798,0.116,244.02,3.2,0.0,1.0,0.0
17/12/2006,06:39:00,0.694,0.12,244.13,2.8,0.0,0.0,0.0
17/12/2006,06:40:00,0.694,0.136,244.35,3.0,0.0,0.0,0.0
17/12/2006,06:41:00,0.758,0.228,244.3,3.2,0.0,0.0,0.0
17/12/2006,06:42:00,0.682,0.14,244.14,2.8,0.0,0.0,0.0
17/12/2006,06:43:00,0.664,0.09,244.49,2.6,0.0,1.0,0.0
17/12/2006,06:44:00,0.642,0.084,244.14,2.6,0.0,0.0,0.0
17/12/2006,06:45:00,0.66,0.088,243.94,2.6,0.0,0.0,0.0
17/12/2006,06:46:00,0.636,0.082,243.58,2.6,0.0,0.0,0.0
17/12/2006,06:47:00,0.66,0.09,244.64,2.6,0.0,0.0,0.0
17/12/2006,06:48:00,0.638,0.084,244.26,2.6,0.0,0.0,0.0
17/12/2006,06:49:00,0.478,0.092,244.46,2.0,0.0,1.0,0.0
17/12/2006,06:50:00,0.316,0.0,245.54,1.2,0.0,0.0,0.0
17/12/2006,06:51:00,0.33,0.0,246.01,1.4,0.0,0.0,0.0
17/12/2006,06:52:00,0.38,0.0,245.94,1.6,0.0,0.0,0.0
17/12/2006,06:53:00,0.522,0.0,245.22,2.2,0.0,0.0,0.0
17/12/2006,06:54:00,0.422,0.0,244.45,1.8,0.0,0.0,0.0
17/12/2006,06:55:00,0.262,0.0,243.96,1.2,0.0,1.0,0.0
17/12/2006,06:56:00,0.22,0.0,243.39,1.0,0.0,0.0,0.0
17/12/2006,06:57:00,0.246,0.0,244.35,1.0,0.0,0.0,0.0
17/12/2006,06:58:00,0.212,0.0,244.26,0.8,0.0,0.0,0.0
17/12/2006,06:59:00,0.242,0.0,244.62,1.0,0.0,0.0,0.0
17/12/2006,07:00:00,0.222,0.0,244.67,1.0,0.0,0.0,0.0
17/12/2006,07:01:00,0.24,0.0,244.23,1.0,0.0,1.0,0.0
17/12/2006,07:02:00,0.216,0.0,244.87,1.0,0.0,0.0,0.0
17/12/2006,07:03:00,0.228,0.0,243.64,1.0,0.0,0.0,0.0
17/12/2006,07:04:00,0.21,0.0,242.49,0.8,0.0,0.0,0.0
17/12/2006,07:05:00,0.276,0.0,242.25,1.4,0.0,0.0,0.0
17/12/2006,07:06:00,0.322,0.104,242.08,1.4,0.0,0.0,0.0
17/12/2006,07:07:00,0.336,0.108,241.89,1.4,0.0,0.0,0.0
17/12/2006,07:08:00,0.318,0.108,242.08,1.4,0.0,0.0,0.0
17/12/2006,07:09:00,0.314,0.11,242.57,1.4,0.0,1.0,0.0
17/12/2006,07:10:00,0.328,0.114,243.04,1.4,0.0,0.0,0.0
17/12/2006,07:11:00,0.308,0.108,242.59,1.4,0.0,0.0,0.0
17/12/2006,07:12:00,0.326,0.112,242.55,1.4,0.0,0.0,0.0
17/12/2006,07:13:00,0.304,0.108,242.8,1.4,0.0,0.0,0.0
17/12/2006,07:14:00,2.206,0.086,240.97,9.4,0.0,1.0,0.0
17/12/2006,07:15:00,2.338,0.072,239.16,9.6,0.0,0.0,0.0
17/12/2006,07:16:00,2.362,0.076,239.21,9.8,0.0,0.0,0.0
17/12/2006,07:17:00,2.356,0.074,239.79,9.8,0.0,0.0,0.0
17/12/2006,07:18:00,2.324,0.0,239.78,9.6,0.0,0.0,0.0
17/12/2006,07:19:00,2.264,0.056,239.92,9.4,0.0,0.0,0.0
17/12/2006,07:20:00,2.28,0.052,240.03,9.4,0.0,1.0,0.0
17/12/2006,07:21:00,2.258,0.056,239.9,9.4,0.0,0.0,0.0
17/12/2006,07:22:00,2.306,0.048,241.23,9.4,0.0,0.0,0.0
17/12/2006,07:23:00,2.288,0.054,241.35,9.4,0.0,0.0,0.0
17/12/2006,07:24:00,2.3,0.048,241.01,9.4,0.0,0.0,0.0
17/12/2006,07:25:00,2.346,0.0,241.57,9.6,0.0,0.0,0.0
17/12/2006,07:26:00,2.378,0.054,241.27,9.8,0.0,1.0,0.0
17/12/2006,07:27:00,2.346,0.048,240.92,9.6,0.0,0.0,0.0
17/12/2006,07:28:00,2.35,0.05,240.04,9.8,0.0,0.0,0.0
17/12/2006,07:29:00,2.326,0.0,239.39,9.6,0.0,0.0,0.0
17/12/2006,07:30:00,2.336,0.048,238.93,9.6,0.0,0.0,0.0
17/12/2006,07:31:00,2.326,0.0,239.46,9.6,0.0,0.0,0.0
17/12/2006,07:32:00,0.504,0.08,242.27,3.2,0.0,1.0,0.0
17/12/2006,07:33:00,0.268,0.076,242.22,1.2,0.0,0.0,0.0
17/12/2006,07:34:00,1.734,0.0,242.55,8.0,0.0,0.0,0.0
17/12/2006,07:35:00,2.318,0.05,242.88,9.4,0.0,0.0,0.0
17/12/2006,07:36:00,2.322,0.046,242.18,9.6,0.0,0.0,0.0
17/12/2006,07:37:00,2.302,0.052,242.16,9.4,0.0,0.0,0.0
17/12/2006,07:38:00,2.318,0.046,241.97,9.4,0.0,1.0,0.0
17/12/2006,07:39:00,2.302,0.05,241.71,9.4,0.0,0.0,0.0
17/12/2006,07:40:00,2.29,0.052,241.53,9.4,0.0,0.0,0.0
17/12/2006,07:41:00,2.376,0.0,241.3,9.8,0.0,0.0,0.0
17/12/2006,07:42:00,0.368,0.114,244.31,2.0,0.0,0.0,0.0
17/12/2006,07:43:00,0.332,0.124,244.83,1.4,0.0,0.0,0.0
17/12/2006,07:44:00,1.734,0.096,243.37,8.2,0.0,0.0,0.0
17/12/2006,07:45:00,2.416,0.088,242.04,10.0,0.0,1.0,0.0
17/12/2006,07:46:00,2.4,0.084,242.24,9.8,0.0,0.0,0.0
17/12/2006,07:47:00,2.418,0.088,242.1,10.0,0.0,0.0,0.0
17/12/2006,07:48:00,2.388,0.082,241.56,9.8,0.0,0.0,0.0
17/12/2006,07:49:00,2.406,0.086,241.57,9.8,0.0,0.0,0.0
17/12/2006,07:50:00,2.378,0.08,241.33,9.8,0.0,0.0,0.0
17/12/2006,07:51:00,1.164,0.108,243.28,6.4,0.0,1.0,0.0
17/12/2006,07:52:00,0.3,0.118,244.95,1.2,0.0,0.0,0.0
17/12/2006,07:53:00,0.7,0.12,244.83,4.4,0.0,0.0,0.0
17/12/2006,07:54:00,2.376,0.0,242.85,9.8,0.0,0.0,0.0
17/12/2006,07:55:00,2.32,0.046,242.06,9.6,0.0,0.0,0.0
17/12/2006,07:56:00,2.278,0.054,241.04,9.4,0.0,0.0,0.0
17/12/2006,07:57:00,2.28,0.05,240.31,9.4,0.0,1.0,0.0
17/12/2006,07:58:00,2.278,0.054,240.95,9.4,0.0,0.0,0.0
17/12/2006,07:59:00,2.294,0.05,240.67,9.4,0.0,0.0,0.0
17/12/2006,08:00:00,2.28,0.056,240.9,9.4,0.0,0.0,0.0
17/12/2006,08:01:00,2.3,0.05,240.97,9.4,0.0,0.0,0.0
17/12/2006,08:02:00,0.21,0.0,243.21,1.2,0.0,0.0,0.0
17/12/2006,08:03:00,0.216,0.0,243.6,1.0,0.0,1.0,0.0
17/12/2006,08:04:00,2.256,0.052,241.99,9.4,0.0,0.0,0.0
17/12/2006,08:05:00,2.312,0.048,241.62,9.4,0.0,0.0,0.0
17/12/2006,08:06:00,2.288,0.052,241.37,9.4,0.0,0.0,0.0
17/12/2006,08:07:00,2.308,0.048,241.44,9.4,0.0,0.0,0.0
17/12/2006,08:08:00,2.272,0.054,240.62,9.4,0.0,0.0,0.0
17/12/2006,08:09:00,2.354,0.0,241.27,9.6,0.0,1.0,0.0
17/12/2006,08:10:00,0.616,0.084,243.88,4.0,0.0,0.0,0.0
17/12/2006,08:11:00,0.282,0.082,243.68,1.2,0.0,0.0,0.0
17/12/2006,08:12:00,1.78,0.06,241.11,8.4,0.0,0.0,0.0
17/12/2006,08:13:00,2.348,0.048,240.67,9.6,0.0,0.0,0.0
17/12/2006,08:14:00,2.368,0.054,241.1,9.8,0.0,1.0,0.0
17/12/2006,08:15:00,2.362,0.052,241.84,9.6,0.0,0.0,0.0
17/12/2006,08:16:00,2.378,0.056,241.48,9.8,0.0,0.0,0.0
17/12/2006,08:17:00,2.43,0.134,240.97,10.0,0.0,0.0,0.0
17/12/2006,08:18:00,2.512,0.256,239.37,10.4,0.0,2.0,0.0
17/12/2006,08:19:00,0.616,0.226,241.48,3.8,0.0,1.0,0.0
17/12/2006,08:20:00,0.398,0.234,241.86,1.8,0.0,2.0,0.0
17/12/2006,08:21:00,1.528,0.212,241.11,7.6,0.0,1.0,0.0
17/12/2006,08:22:00,2.484,0.208,241.06,10.2,0.0,2.0,0.0
17/12/2006,08:23:00,2.462,0.202,241.06,10.2,0.0,1.0,0.0
17/12/2006,08:24:00,2.502,0.214,242.36,10.2,0.0,2.0,0.0
17/12/2006,08:25:00,2.484,0.21,242.66,10.2,0.0,1.0,0.0
17/12/2006,08:26:00,2.486,0.212,242.06,10.2,0.0,2.0,0.0
17/12/2006,08:27:00,2.04,0.214,242.4,9.0,0.0,2.0,0.0
17/12/2006,08:28:00,0.402,0.246,244.02,2.0,0.0,1.0,0.0
17/12/2006,08:29:00,0.38,0.24,243.78,1.8,0.0,2.0,0.0
17/12/2006,08:30:00,1.876,0.196,241.39,8.6,0.0,1.0,0.0
17/12/2006,08:31:00,2.36,0.068,241.03,9.8,0.0,2.0,0.0
17/12/2006,08:32:00,2.364,0.07,240.69,9.8,0.0,1.0,0.0
17/12/2006,08:33:00,2.336,0.064,240.11,9.6,0.0,2.0,0.0
17/12/2006,08:34:00,2.352,0.068,239.68,9.8,0.0,1.0,0.0
17/12/2006,08:35:00,2.34,0.064,240.17,9.6,0.0,2.0,0.0
17/12/2006,08:36:00,2.36,0.07,240.34,9.8,0.0,1.0,0.0
17/12/2006,08:37:00,0.914,0.088,242.65,5.4,0.0,1.0,0.0
17/12/2006,08:38:00,0.29,0.104,243.51,1.2,0.0,2.0,0.0
17/12/2006,08:39:00,1.058,0.09,243.08,6.0,0.0,1.0,0.0
17/12/2006,08:40:00,2.374,0.07,241.42,9.8,0.0,2.0,0.0
17/12/2006,08:41:00,2.388,0.076,241.94,9.8,0.0,1.0,0.0
17/12/2006,08:42:00,2.358,0.0,242.68,9.6,0.0,1.0,0.0
17/12/2006,08:43:00,2.294,0.05,241.02,9.4,0.0,1.0,0.0
17/12/2006,08:44:00,2.278,0.054,241.32,9.4,0.0,0.0,0.0
17/12/2006,08:45:00,2.28,0.05,240.08,9.4,0.0,0.0,0.0
17/12/2006,08:46:00,0.268,0.0,241.7,1.8,0.0,0.0,0.0
17/12/2006,08:47:00,0.222,0.0,242.47,1.0,0.0,0.0,0.0
17/12/2006,08:48:00,1.622,0.046,241.27,7.8,0.0,0.0,0.0
17/12/2006,08:49:00,2.296,0.048,241.03,9.4,0.0,1.0,0.0
17/12/2006,08:50:00,2.278,0.054,241.14,9.4,0.0,0.0,0.0
17/12/2006,08:51:00,2.296,0.05,240.7,9.4,0.0,0.0,0.0
17/12/2006,08:52:00,2.26,0.056,239.73,9.4,0.0,0.0,0.0
17/12/2006,08:53:00,2.94,0.218,238.57,12.4,0.0,0.0,0.0
17/12/2006,08:54:00,2.792,0.17,238.51,11.6,0.0,0.0,0.0
17/12/2006,08:55:00,1.158,0.248,239.96,6.0,0.0,1.0,0.0
17/12/2006,08:56:00,0.932,0.398,240.25,4.2,0.0,0.0,0.0
17/12/2006,08:57:00,2.514,0.368,239.1,11.2,0.0,0.0,0.0
17/12/2006,08:58:00,2.984,0.334,239.27,12.4,0.0,1.0,0.0
17/12/2006,08:59:00,2.996,0.338,238.94,12.6,0.0,1.0,0.0
17/12/2006,09:00:00,2.94,0.31,239.09,12.2,0.0,1.0,0.0
17/12/2006,09:01:00,3.278,0.158,239.63,14.2,0.0,7.0,0.0
17/12/2006,09:02:00,5.908,0.134,237.9,25.4,0.0,38.0,0.0
17/12/2006,09:03:00,7.064,0.124,235.57,30.0,0.0,37.0,0.0
17/12/2006,09:04:00,6.926,0.118,235.35,29.4,0.0,37.0,0.0
17/12/2006,09:05:00,6.58,0.056,235.15,28.2,0.0,38.0,0.0
17/12/2006,09:06:00,6.05,0.0,235.22,26.2,0.0,37.0,0.0
17/12/2006,09:07:00,6.104,0.05,235.32,25.8,0.0,37.0,0.0
17/12/2006,09:08:00,4.762,0.088,237.44,20.0,0.0,38.0,0.0
17/12/2006,09:09:00,4.506,0.088,237.25,19.0,0.0,38.0,0.0
17/12/2006,09:10:00,4.472,0.088,236.34,18.8,0.0,37.0,0.0
17/12/2006,09:11:00,3.708,0.084,236.82,16.2,0.0,27.0,0.0
17/12/2006,09:12:00,0.724,0.054,240.88,4.6,0.0,2.0,0.0
17/12/2006,09:13:00,1.892,0.066,239.37,9.0,0.0,26.0,0.0
17/12/2006,09:14:00,2.012,0.0,239.17,9.0,0.0,2.0,0.0
17/12/2006,09:15:00,2.372,0.0,238.36,9.8,0.0,1.0,0.0
17/12/2006,09:16:00,2.386,0.0,238.96,10.0,0.0,0.0,0.0
17/12/2006,09:17:00,2.4,0.064,238.59,10.0,0.0,1.0,0.0
17/12/2006,09:18:00,2.424,0.068,238.48,10.0,0.0,2.0,0.0
17/12/2006,09:19:00,1.066,0.05,240.0,6.0,0.0,1.0,0.0
17/12/2006,09:20:00,0.38,0.0,240.77,1.6,0.0,2.0,0.0
17/12/2006,09:21:00,1.632,0.0,239.72,7.8,0.0,1.0,0.0
17/12/2006,09:22:00,2.41,0.0,239.47,10.0,0.0,1.0,0.0
17/12/2006,09:23:00,2.38,0.062,239.45,9.8,0.0,0.0,0.0
17/12/2006,09:24:00,2.402,0.06,239.23,10.0,0.0,1.0,0.0
17/12/2006,09:25:00,2.438,0.066,239.37,10.2,0.0,1.0,0.0
17/12/2006,09:26:00,2.432,0.066,239.18,10.0,0.0,1.0,0.0
17/12/2006,09:27:00,1.64,0.054,239.87,8.0,0.0,2.0,0.0
17/12/2006,09:28:00,0.424,0.0,240.71,1.8,0.0,2.0,0.0
17/12/2006,09:29:00,1.41,0.124,239.52,7.2,0.0,5.0,0.0
17/12/2006,09:30:00,2.722,0.136,237.51,11.4,0.0,5.0,0.0
17/12/2006,09:31:00,2.712,0.136,237.44,11.4,0.0,5.0,0.0
17/12/2006,09:32:00,2.706,0.134,237.39,11.4,0.0,5.0,0.0
17/12/2006,09:33:00,2.488,0.112,237.7,10.4,0.0,1.0,0.0
17/12/2006,09:34:00,2.424,0.072,238.73,10.0,0.0,0.0,0.0
17/12/2006,09:35:00,1.258,0.184,239.79,6.8,0.0,0.0,0.0
17/12/2006,09:36:00,0.37,0.206,240.85,1.8,0.0,0.0,0.0
17/12/2006,09:37:00,0.786,0.202,240.73,4.8,0.0,0.0,0.0
17/12/2006,09:38:00,2.474,0.176,238.59,10.4,0.0,0.0,0.0
17/12/2006,09:39:00,2.474,0.176,238.58,10.4,0.0,0.0,0.0
17/12/2006,09:40:00,2.488,0.178,239.21,10.4,0.0,0.0,0.0
17/12/2006,09:41:00,2.486,0.178,239.29,10.4,0.0,0.0,0.0
17/12/2006,09:42:00,2.444,0.13,238.64,10.2,0.0,0.0,0.0
17/12/2006,09:43:00,2.272,0.048,239.04,9.6,0.0,0.0,0.0
17/12/2006,09:44:00,0.338,0.076,241.21,1.4,0.0,0.0,0.0
17/12/2006,09:45:00,0.29,0.0,241.1,1.4,0.0,0.0,0.0
17/12/2006,09:46:00,1.466,0.0,240.92,7.4,0.0,0.0,0.0
17/12/2006,09:47:00,2.324,0.05,239.84,9.6,0.0,0.0,0.0
17/12/2006,09:48:00,2.32,0.052,239.14,9.6,0.0,0.0,0.0
17/12/2006,09:49:00,2.308,0.052,238.59,9.6,0.0,0.0,0.0
17/12/2006,09:50:00,2.314,0.054,238.76,9.6,0.0,0.0,0.0
17/12/2006,09:51:00,2.312,0.052,239.03,9.6,0.0,0.0,0.0
17/12/2006,09:52:00,2.306,0.052,239.26,9.6,0.0,0.0,0.0
17/12/2006,09:53:00,0.444,0.0,241.82,3.0,0.0,0.0,0.0
17/12/2006,09:54:00,0.268,0.0,242.48,1.2,0.0,0.0,0.0
17/12/2006,09:55:00,1.846,0.046,240.12,8.4,0.0,0.0,0.0
17/12/2006,09:56:00,2.308,0.054,238.67,9.6,0.0,0.0,0.0
17/12/2006,09:57:00,2.29,0.056,238.04,9.6,0.0,0.0,0.0
17/12/2006,09:58:00,2.288,0.056,238.09,9.6,0.0,0.0,0.0
17/12/2006,09:59:00,2.296,0.054,238.13,9.6,0.0,0.0,0.0
17/12/2006,10:00:00,2.292,0.054,238.03,9.6,0.0,0.0,0.0
17/12/2006,10:01:00,0.37,0.0,240.26,2.4,0.0,0.0,0.0
17/12/2006,10:02:00,0.472,0.0,240.15,2.4,0.0,0.0,0.0
17/12/2006,10:03:00,3.054,0.06,237.55,13.4,0.0,0.0,18.0
17/12/2006,10:04:00,3.48,0.066,235.97,14.6,0.0,0.0,18.0
17/12/2006,10:05:00,3.572,0.046,235.65,15.0,0.0,0.0,17.0
17/12/2006,10:06:00,3.56,0.058,235.44,15.0,0.0,0.0,18.0
17/12/2006,10:07:00,3.528,0.056,234.71,15.0,0.0,0.0,17.0
17/12/2006,10:08:00,3.49,0.05,233.52,14.8,0.0,0.0,16.0
17/12/2006,10:09:00,2.038,0.068,235.76,9.4,0.0,0.0,17.0
17/12/2006,10:10:00,1.406,0.078,237.13,5.8,0.0,0.0,18.0
17/12/2006,10:11:00,2.84,0.064,236.1,12.6,0.0,0.0,17.0
17/12/2006,10:12:00,3.388,0.06,235.99,14.2,0.0,0.0,17.0
17/12/2006,10:13:00,3.394,0.062,236.29,14.2,0.0,0.0,17.0
17/12/2006,10:14:00,3.36,0.06,235.94,14.2,0.0,0.0,17.0
17/12/2006,10:15:00,1.354,0.084,238.25,5.6,0.0,0.0,18.0
17/12/2006,10:16:00,1.334,0.082,237.88,5.6,0.0,0.0,17.0
17/12/2006,10:17:00,1.358,0.09,238.01,5.6,0.0,0.0,17.0
17/12/2006,10:18:00,1.37,0.118,237.93,5.8,0.0,0.0,18.0
17/12/2006,10:19:00,1.322,0.054,237.72,5.4,0.0,0.0,17.0
17/12/2006,10:20:00,1.304,0.05,236.92,5.4,0.0,0.0,17.0
17/12/2006,10:21:00,1.394,0.07,238.37,5.8,0.0,0.0,17.0
17/12/2006,10:22:00,1.702,0.082,238.37,7.0,0.0,0.0,18.0
17/12/2006,10:23:00,2.242,0.162,237.33,10.0,1.0,7.0,17.0
17/12/2006,10:24:00,3.714,0.296,235.15,15.8,2.0,35.0,17.0
17/12/2006,10:25:00,3.212,0.304,235.99,14.2,1.0,26.0,17.0
17/12/2006,10:26:00,3.694,0.28,235.16,15.6,1.0,35.0,17.0
17/12/2006,10:27:00,3.204,0.292,236.08,14.0,1.0,27.0,17.0
17/12/2006,10:28:00,3.676,0.268,234.85,15.6,1.0,35.0,17.0
17/12/2006,10:29:00,3.666,0.282,234.34,15.6,2.0,35.0,17.0
17/12/2006,10:30:00,3.678,0.204,236.01,15.6,1.0,35.0,17.0
17/12/2006,10:31:00,3.722,0.3,236.22,15.8,1.0,37.0,17.0
17/12/2006,10:32:00,3.716,0.28,236.39,15.6,1.0,36.0,17.0
17/12/2006,10:33:00,3.75,0.298,236.67,15.8,1.0,37.0,17.0
17/12/2006,10:34:00,4.17,0.268,235.42,18.0,6.0,36.0,17.0
17/12/2006,10:35:00,5.776,0.266,232.89,24.8,37.0,36.0,17.0
17/12/2006,10:36:00,5.718,0.244,232.07,24.6,37.0,35.0,16.0
17/12/2006,10:37:00,5.738,0.26,232.13,24.6,36.0,35.0,17.0
17/12/2006,10:38:00,5.714,0.242,231.99,24.6,37.0,36.0,16.0
17/12/2006,10:39:00,5.732,0.268,231.88,24.6,36.0,35.0,17.0
17/12/2006,10:40:00,5.73,0.272,231.61,24.6,36.0,35.0,16.0
17/12/2006,10:41:00,5.848,0.396,232.11,25.2,37.0,36.0,17.0
17/12/2006,10:42:00,5.842,0.38,232.47,25.0,36.0,35.0,16.0
17/12/2006,10:43:00,5.88,0.4,233.05,25.2,37.0,36.0,17.0
17/12/2006,10:44:00,5.872,0.384,233.26,25.2,36.0,35.0,17.0
17/12/2006,10:45:00,5.07,0.416,234.44,21.8,37.0,23.0,17.0
17/12/2006,10:46:00,5.488,0.396,234.81,23.4,38.0,27.0,16.0
17/12/2006,10:47:00,5.898,0.404,233.85,25.2,36.0,36.0,17.0
17/12/2006,10:48:00,5.026,0.382,232.73,22.0,25.0,35.0,17.0
17/12/2006,10:49:00,3.246,0.4,234.31,14.2,1.0,29.0,17.0
17/12/2006,10:50:00,2.712,0.256,234.81,11.8,2.0,21.0,16.0
17/12/2006,10:51:00,3.538,0.26,233.91,15.0,1.0,36.0,17.0
17/12/2006,10:52:00,3.574,0.254,235.74,15.2,1.0,36.0,17.0
17/12/2006,10:53:00,3.016,0.286,237.04,12.8,1.0,25.0,17.0
17/12/2006,10:54:00,3.002,0.224,237.17,12.8,1.0,26.0,18.0
17/12/2006,10:55:00,4.444,0.136,235.97,19.2,2.0,50.0,17.0
17/12/2006,10:56:00,5.568,0.106,234.01,23.8,1.0,71.0,17.0
17/12/2006,10:57:00,4.84,0.132,235.21,20.6,1.0,59.0,16.0
17/12/2006,10:58:00,5.066,0.112,234.54,21.6,1.0,62.0,17.0
17/12/2006,10:59:00,5.57,0.154,232.91,23.8,1.0,70.0,17.0
17/12/2006,11:00:00,3.65,0.22,234.55,15.6,1.0,40.0,17.0
17/12/2006,11:01:00,2.394,0.248,235.94,10.2,2.0,17.0,17.0
17/12/2006,11:02:00,3.024,0.222,234.81,13.2,1.0,29.0,17.0
17/12/2006,11:03:00,3.25,0.232,234.6,14.2,1.0,29.0,17.0
17/12/2006,11:04:00,3.378,0.16,235.39,14.4,1.0,34.0,17.0
17/12/2006,11:05:00,2.264,0.144,237.06,9.6,2.0,12.0,17.0
17/12/2006,11:06:00,3.108,0.112,235.01,13.4,1.0,28.0,17.0
17/12/2006,11:07:00,2.978,0.11,233.95,13.2,1.0,26.0,16.0
17/12/2006,11:08:00,1.966,0.118,234.51,8.6,1.0,12.0,17.0
17/12/2006,11:09:00,1.928,0.134,235.57,8.4,1.0,8.0,17.0
17/12/2006,11:10:00,2.526,0.082,234.36,11.0,1.0,20.0,17.0
17/12/2006,11:11:00,1.51,0.0,235.49,6.4,1.0,3.0,17.0
17/12/2006,11:12:00,1.572,0.064,236.83,6.6,1.0,4.0,17.0
17/12/2006,11:13:00,1.602,0.076,237.21,6.8,2.0,4.0,18.0
17/12/2006,11:14:00,1.562,0.062,236.76,6.6,1.0,4.0,17.0
17/12/2006,11:15:00,1.55,0.0,237.83,6.4,1.0,3.0,17.0
17/12/2006,11:16:00,1.586,0.05,237.91,6.6,1.0,4.0,17.0
17/12/2006,11:17:00,1.658,0.168,238.35,7.0,1.0,3.0,18.0
17/12/2006,11:18:00,1.658,0.164,236.8,7.0,2.0,3.0,17.0
17/12/2006,11:19:00,1.65,0.314,234.89,7.0,0.0,1.0,17.0
17/12/2006,11:20:00,1.676,0.312,235.59,7.2,1.0,0.0,17.0
17/12/2006,11:21:00,2.492,0.31,234.99,11.4,12.0,1.0,17.0
17/12/2006,11:22:00,3.828,0.288,234.29,16.4,37.0,1.0,17.0
17/12/2006,11:23:00,3.822,0.262,234.72,16.2,37.0,0.0,16.0
17/12/2006,11:24:00,3.834,0.254,235.27,16.2,37.0,1.0,17.0
17/12/2006,11:25:00,3.81,0.248,235.19,16.2,37.0,0.0,17.0
17/12/2006,11:26:00,3.824,0.244,234.83,16.2,37.0,0.0,17.0
17/12/2006,11:27:00,3.838,0.226,235.06,16.2,37.0,0.0,17.0
17/12/2006,11:28:00,3.844,0.23,234.72,16.4,37.0,1.0,17.0
17/12/2006,11:29:00,3.824,0.25,234.49,16.2,37.0,0.0,17.0
17/12/2006,11:30:00,3.844,0.208,234.82,16.4,37.0,1.0,17.0
17/12/2006,11:31:00,3.88,0.146,234.73,16.4,37.0,2.0,17.0
17/12/2006,11:32:00,4.004,0.162,236.29,16.8,37.0,5.0,17.0
17/12/2006,11:33:00,3.784,0.124,235.97,16.0,38.0,0.0,17.0
17/12/2006,11:34:00,3.784,0.104,236.2,16.0,37.0,1.0,17.0
17/12/2006,11:35:00,3.792,0.104,237.09,16.0,37.0,0.0,17.0
17/12/2006,11:36:00,2.146,0.192,236.81,9.8,11.0,0.0,17.0
17/12/2006,11:37:00,1.608,0.208,237.06,6.8,0.0,0.0,17.0
17/12/2006,11:38:00,1.828,0.212,237.83,7.6,0.0,0.0,18.0
17/12/2006,11:39:00,1.922,0.212,237.67,8.0,0.0,0.0,17.0
17/12/2006,11:40:00,1.978,0.252,237.94,8.4,0.0,0.0,17.0
17/12/2006,11:41:00,1.93,0.218,238.08,8.0,1.0,0.0,18.0
17/12/2006,11:42:00,1.964,0.222,239.49,8.2,0.0,1.0,17.0
17/12/2006,11:43:00,1.854,0.224,240.69,7.6,0.0,0.0,18.0
17/12/2006,11:44:00,1.762,0.228,240.31,7.4,0.0,0.0,18.0
17/12/2006,11:45:00,1.738,0.218,239.63,7.2,0.0,0.0,17.0
17/12/2006,11:46:00,1.766,0.228,240.77,7.4,0.0,0.0,18.0
17/12/2006,11:47:00,1.746,0.234,240.59,7.2,0.0,0.0,18.0
17/12/2006,11:48:00,1.734,0.236,239.63,7.2,0.0,1.0,17.0
17/12/2006,11:49:00,1.738,0.252,239.29,7.2,0.0,0.0,18.0
17/12/2006,11:50:00,1.958,0.248,238.73,8.2,0.0,0.0,17.0
17/12/2006,11:51:00,1.964,0.222,239.3,8.2,0.0,0.0,18.0
17/12/2006,11:52:00,1.962,0.232,239.43,8.2,0.0,0.0,17.0
17/12/2006,11:53:00,2.05,0.348,238.99,8.6,0.0,1.0,18.0
17/12/2006,11:54:00,2.032,0.342,239.1,8.6,0.0,0.0,17.0
17/12/2006,11:55:00,2.036,0.34,238.21,8.6,0.0,0.0,18.0
17/12/2006,11:56:00,1.964,0.27,238.1,8.2,0.0,0.0,17.0
17/12/2006,11:57:00,1.97,0.252,238.53,8.2,0.0,0.0,18.0
17/12/2006,11:58:00,1.946,0.246,238.36,8.2,0.0,0.0,17.0
17/12/2006,11:59:00,1.97,0.254,238.87,8.2,0.0,1.0,17.0
17/12/2006,12:00:00,1.962,0.252,239.73,8.2,0.0,0.0,18.0
17/12/2006,12:01:00,1.988,0.26,240.32,8.2,0.0,0.0,18.0
17/12/2006,12:02:00,1.972,0.258,240.63,8.2,0.0,0.0,17.0
17/12/2006,12:03:00,1.974,0.256,239.28,8.2,0.0,0.0,18.0
17/12/2006,12:04:00,1.954,0.25,239.0,8.2,0.0,0.0,17.0
17/12/2006,12:05:00,1.958,0.25,238.1,8.2,0.0,0.0,18.0
17/12/2006,12:06:00,2.01,0.35,236.29,8.6,0.0,0.0,17.0
17/12/2006,12:07:00,1.946,0.304,237.11,8.2,0.0,1.0,17.0
17/12/2006,12:08:00,1.928,0.294,237.56,8.2,0.0,0.0,17.0
17/12/2006,12:09:00,1.908,0.208,238.25,8.0,0.0,0.0,18.0
17/12/2006,12:10:00,1.708,0.118,238.16,7.2,0.0,0.0,17.0
17/12/2006,12:11:00,1.564,0.132,239.22,6.4,0.0,0.0,18.0
17/12/2006,12:12:00,1.54,0.126,238.96,6.4,0.0,0.0,17.0
17/12/2006,12:13:00,1.56,0.13,238.77,6.4,0.0,1.0,18.0
17/12/2006,12:14:00,1.584,0.124,238.7,6.6,0.0,0.0,17.0
17/12/2006,12:15:00,1.734,0.122,237.94,7.2,0.0,0.0,17.0
17/12/2006,12:16:00,1.772,0.11,238.63,7.4,0.0,0.0,18.0
17/12/2006,12:17:00,1.874,0.106,238.61,7.8,0.0,0.0,17.0
17/12/2006,12:18:00,1.74,0.11,238.48,7.2,0.0,0.0,18.0
17/12/2006,12:19:00,1.622,0.118,237.83,6.8,0.0,0.0,17.0
17/12/2006,12:20:00,1.854,0.114,238.4,7.8,0.0,0.0,17.0
17/12/2006,12:21:00,1.854,0.114,238.5,7.8,0.0,0.0,18.0
17/12/2006,12:22:00,1.906,0.148,239.11,8.0,0.0,0.0,17.0
17/12/2006,12:23:00,1.946,0.222,239.38,8.0,0.0,0.0,18.0
17/12/2006,12:24:00,3.36,0.528,237.53,14.6,0.0,0.0,17.0
17/12/2006,12:25:00,3.518,0.504,237.66,15.0,0.0,0.0,17.0
17/12/2006,12:26:00,2.438,0.294,237.39,10.8,0.0,0.0,18.0
17/12/2006,12:27:00,1.924,0.218,238.26,8.0,0.0,0.0,17.0
17/12/2006,12:28:00,1.954,0.244,238.24,8.2,0.0,0.0,17.0
17/12/2006,12:29:00,2.018,0.344,237.51,8.6,0.0,0.0,18.0
17/12/2006,12:30:00,2.014,0.346,237.63,8.6,0.0,0.0,17.0
17/12/2006,12:31:00,1.992,0.34,236.48,8.4,0.0,0.0,17.0
17/12/2006,12:32:00,1.996,0.344,237.2,8.4,0.0,0.0,17.0
17/12/2006,12:33:00,2.002,0.344,237.42,8.4,0.0,0.0,18.0
17/12/2006,12:34:00,1.964,0.292,237.15,8.4,0.0,0.0,17.0
17/12/2006,12:35:00,1.93,0.242,236.99,8.2,0.0,0.0,17.0
17/12/2006,12:36:00,1.83,0.304,237.22,7.8,0.0,0.0,17.0
17/12/2006,12:37:00,1.706,0.366,237.1,7.2,0.0,1.0,17.0
17/12/2006,12:38:00,2.93,0.574,236.1,13.0,0.0,2.0,18.0
17/12/2006,12:39:00,3.182,0.582,236.37,13.8,0.0,1.0,17.0
17/12/2006,12:40:00,1.718,0.37,237.78,7.4,0.0,1.0,17.0
17/12/2006,12:41:00,1.716,0.366,237.42,7.4,0.0,2.0,17.0
17/12/2006,12:42:00,1.71,0.364,236.75,7.4,0.0,1.0,17.0
17/12/2006,12:43:00,1.712,0.364,236.81,7.4,0.0,2.0,18.0
17/12/2006,12:44:00,1.702,0.36,235.93,7.2,0.0,1.0,17.0
17/12/2006,12:45:00,1.732,0.37,238.15,7.4,0.0,1.0,17.0
17/12/2006,12:46:00,1.722,0.366,237.32,7.4,0.0,2.0,17.0
17/12/2006,12:47:00,1.712,0.362,236.64,7.4,0.0,1.0,17.0
17/12/2006,12:48:00,1.716,0.364,236.92,7.4,0.0,1.0,18.0
17/12/2006,12:49:00,1.714,0.362,236.68,7.4,0.0,2.0,17.0
17/12/2006,12:50:00,1.71,0.362,236.6,7.4,0.0,1.0,17.0
17/12/2006,12:51:00,1.722,0.366,237.55,7.4,0.0,1.0,17.0
17/12/2006,12:52:00,1.72,0.366,237.38,7.4,0.0,2.0,17.0
17/12/2006,12:53:00,1.714,0.364,237.05,7.4,0.0,1.0,18.0
17/12/2006,12:54:00,1.736,0.372,238.67,7.4,0.0,1.0,17.0
17/12/2006,12:55:00,1.726,0.368,237.97,7.4,0.0,1.0,17.0
17/12/2006,12:56:00,1.712,0.364,236.97,7.4,0.0,2.0,18.0
17/12/2006,12:57:00,1.72,0.366,237.59,7.4,0.0,1.0,17.0
17/12/2006,12:58:00,1.718,0.364,237.38,7.4,0.0,1.0,17.0
17/12/2006,12:59:00,1.704,0.36,236.31,7.2,0.0,1.0,17.0
17/12/2006,13:00:00,1.754,0.392,237.65,7.6,0.0,1.0,18.0
17/12/2006,13:01:00,1.798,0.47,237.85,7.8,0.0,2.0,17.0
17/12/2006,13:02:00,1.742,0.364,238.42,7.4,0.0,0.0,17.0
17/12/2006,13:03:00,1.74,0.354,238.72,7.4,0.0,0.0,18.0
17/12/2006,13:04:00,1.742,0.356,238.91,7.4,0.0,0.0,17.0
17/12/2006,13:05:00,1.75,0.358,239.53,7.4,0.0,0.0,18.0
17/12/2006,13:06:00,1.736,0.354,238.56,7.4,0.0,0.0,17.0
17/12/2006,13:07:00,1.712,0.344,236.85,7.2,0.0,0.0,17.0
17/12/2006,13:08:00,1.566,0.246,237.24,6.6,0.0,0.0,18.0
17/12/2006,13:09:00,1.488,0.196,236.94,6.2,0.0,0.0,17.0
17/12/2006,13:10:00,1.494,0.198,237.5,6.2,0.0,0.0,17.0
17/12/2006,13:11:00,1.504,0.202,238.52,6.2,0.0,0.0,18.0
17/12/2006,13:12:00,1.498,0.198,237.91,6.2,0.0,0.0,17.0
17/12/2006,13:13:00,1.44,0.104,238.95,6.0,0.0,0.0,17.0
17/12/2006,13:14:00,1.44,0.102,239.01,6.0,0.0,0.0,18.0
17/12/2006,13:15:00,1.434,0.1,238.37,6.0,0.0,0.0,17.0
17/12/2006,13:16:00,1.446,0.104,239.46,6.0,0.0,0.0,18.0
17/12/2006,13:17:00,1.442,0.102,239.19,6.0,0.0,0.0,17.0
17/12/2006,13:18:00,1.434,0.1,238.38,6.0,0.0,0.0,18.0
17/12/2006,13:19:00,1.456,0.106,240.35,6.0,0.0,0.0,17.0
17/12/2006,13:20:00,1.462,0.108,240.48,6.0,0.0,0.0,18.0
17/12/2006,13:21:00,1.478,0.112,241.88,6.0,0.0,0.0,18.0
17/12/2006,13:22:00,1.47,0.114,242.17,6.0,0.0,0.0,18.0
17/12/2006,13:23:00,1.456,0.11,241.05,6.0,0.0,0.0,18.0
17/12/2006,13:24:00,1.45,0.108,240.69,6.0,0.0,0.0,17.0
17/12/2006,13:25:00,1.448,0.108,240.46,6.0,0.0,0.0,18.0
17/12/2006,13:26:00,1.442,0.106,240.11,6.0,0.0,0.0,18.0
17/12/2006,13:27:00,1.446,0.108,240.45,6.0,0.0,0.0,17.0
17/12/2006,13:28:00,1.446,0.108,240.73,6.0,0.0,0.0,18.0
17/12/2006,13:29:00,1.44,0.106,240.29,6.0,0.0,0.0,18.0
17/12/2006,13:30:00,1.44,0.108,240.19,6.0,0.0,0.0,18.0
17/12/2006,13:31:00,1.436,0.106,240.06,6.0,0.0,0.0,17.0
17/12/2006,13:32:00,1.44,0.108,240.48,6.0,0.0,0.0,18.0
17/12/2006,13:33:00,1.436,0.106,240.2,6.0,0.0,0.0,18.0
17/12/2006,13:34:00,1.434,0.106,240.03,6.0,0.0,0.0,17.0
17/12/2006,13:35:00,1.648,0.102,239.8,6.8,0.0,0.0,18.0
17/12/2006,13:36:00,1.734,0.102,239.49,7.2,0.0,0.0,17.0
17/12/2006,13:37:00,1.816,0.202,239.02,7.6,0.0,0.0,18.0
17/12/2006,13:38:00,1.808,0.204,239.8,7.6,0.0,0.0,17.0
17/12/2006,13:39:00,1.822,0.21,240.61,7.6,0.0,0.0,18.0
17/12/2006,13:40:00,1.822,0.21,240.47,7.6,0.0,0.0,18.0
17/12/2006,13:41:00,1.826,0.21,240.86,7.6,0.0,0.0,18.0
17/12/2006,13:42:00,1.824,0.21,240.8,7.6,0.0,0.0,17.0
17/12/2006,13:43:00,1.82,0.208,240.56,7.6,0.0,0.0,18.0
17/12/2006,13:44:00,1.81,0.206,239.91,7.6,0.0,0.0,18.0
17/12/2006,13:45:00,1.81,0.206,240.01,7.6,0.0,0.0,17.0
17/12/2006,13:46:00,1.806,0.206,239.84,7.6,0.0,0.0,18.0
17/12/2006,13:47:00,1.814,0.208,240.45,7.6,0.0,0.0,18.0
17/12/2006,13:48:00,1.812,0.208,240.41,7.6,0.0,0.0,17.0
17/12/2006,13:49:00,1.784,0.154,241.24,7.4,0.0,0.0,18.0
17/12/2006,13:50:00,1.758,0.112,241.6,7.2,0.0,0.0,18.0
17/12/2006,13:51:00,1.768,0.114,242.26,7.2,0.0,0.0,18.0
17/12/2006,13:52:00,1.764,0.112,242.0,7.2,0.0,0.0,18.0
17/12/2006,13:53:00,1.764,0.112,242.11,7.2,0.0,0.0,18.0
17/12/2006,13:54:00,2.152,0.106,241.42,9.2,0.0,0.0,18.0
17/12/2006,13:55:00,3.092,0.092,240.03,12.8,0.0,0.0,17.0
17/12/2006,13:56:00,1.79,0.108,241.81,7.4,0.0,0.0,18.0
17/12/2006,13:57:00,1.76,0.108,241.58,7.2,0.0,0.0,18.0
17/12/2006,13:58:00,1.752,0.104,240.73,7.2,0.0,0.0,18.0
17/12/2006,13:59:00,1.75,0.106,240.85,7.2,0.0,0.0,17.0
17/12/2006,14:00:00,1.744,0.104,240.38,7.2,0.0,0.0,18.0
17/12/2006,14:01:00,1.77,0.11,241.89,7.2,0.0,0.0,18.0
17/12/2006,14:02:00,1.794,0.118,243.5,7.4,0.0,0.0,18.0
17/12/2006,14:03:00,1.774,0.11,241.96,7.2,0.0,0.0,18.0
17/12/2006,14:04:00,1.782,0.112,242.61,7.2,0.0,0.0,18.0
17/12/2006,14:05:00,1.788,0.114,243.21,7.4,0.0,0.0,18.0
17/12/2006,14:06:00,2.4,0.134,242.58,10.2,0.0,0.0,18.0
17/12/2006,14:07:00,1.8,0.122,244.28,7.4,0.0,0.0,18.0
17/12/2006,14:08:00,1.938,0.12,244.51,8.0,0.0,0.0,19.0
17/12/2006,14:09:00,2.304,0.116,244.46,9.8,0.0,0.0,18.0
17/12/2006,14:10:00,2.066,0.142,243.75,8.6,0.0,0.0,18.0
17/12/2006,14:11:00,1.938,0.12,244.03,8.0,0.0,0.0,18.0
17/12/2006,14:12:00,1.802,0.122,244.71,7.4,0.0,0.0,19.0
17/12/2006,14:13:00,1.954,0.246,243.89,8.0,0.0,0.0,18.0
17/12/2006,14:14:00,2.058,0.316,243.32,8.6,0.0,0.0,18.0
17/12/2006,14:15:00,2.102,0.402,243.13,8.8,0.0,0.0,18.0
17/12/2006,14:16:00,2.118,0.404,244.38,8.8,0.0,0.0,18.0
17/12/2006,14:17:00,2.12,0.402,244.59,8.8,0.0,0.0,19.0
17/12/2006,14:18:00,2.106,0.396,244.39,8.6,0.0,0.0,18.0
17/12/2006,14:19:00,2.124,0.4,245.83,8.8,0.0,0.0,18.0
17/12/2006,14:20:00,2.134,0.404,246.7,8.8,0.0,0.0,19.0
17/12/2006,14:21:00,2.134,0.404,246.85,8.8,0.0,0.0,19.0
17/12/2006,14:22:00,2.12,0.398,246.06,8.6,0.0,0.0,18.0
17/12/2006,14:23:00,2.122,0.394,246.31,8.6,0.0,0.0,19.0
17/12/2006,14:24:00,2.118,0.39,246.04,8.6,0.0,0.0,18.0
17/12/2006,14:25:00,2.106,0.386,245.34,8.6,0.0,0.0,19.0
17/12/2006,14:26:00,2.136,0.354,245.72,8.8,0.0,0.0,18.0
17/12/2006,14:27:00,2.51,0.274,246.0,10.4,0.0,0.0,19.0
17/12/2006,14:28:00,2.68,0.292,246.04,11.2,0.0,0.0,18.0
17/12/2006,14:29:00,2.372,0.282,245.64,9.8,0.0,0.0,19.0
17/12/2006,14:30:00,2.154,0.268,245.51,8.8,0.0,0.0,18.0
17/12/2006,14:31:00,2.146,0.266,245.08,8.8,0.0,0.0,18.0
17/12/2006,14:32:00,2.14,0.262,244.67,8.8,0.0,0.0,19.0
17/12/2006,14:33:00,2.142,0.26,244.49,8.8,0.0,0.0,18.0
17/12/2006,14:34:00,2.228,0.258,244.51,9.0,0.0,0.0,18.0
17/12/2006,14:35:00,2.19,0.254,243.88,9.0,0.0,0.0,18.0
17/12/2006,14:36:00,2.122,0.252,243.18,8.8,0.0,0.0,19.0
17/12/2006,14:37:00,2.118,0.25,242.89,8.6,0.0,0.0,18.0
17/12/2006,14:38:00,2.12,0.252,243.16,8.8,0.0,0.0,18.0
17/12/2006,14:39:00,2.118,0.25,242.94,8.6,0.0,0.0,18.0
17/12/2006,14:40:00,2.11,0.254,242.46,8.6,0.0,0.0,18.0
17/12/2006,14:41:00,2.11,0.266,242.6,8.6,0.0,0.0,18.0
17/12/2006,14:42:00,2.11,0.264,242.48,8.6,0.0,0.0,18.0
17/12/2006,14:43:00,2.108,0.264,242.47,8.6,0.0,0.0,18.0
17/12/2006,14:44:00,2.104,0.268,241.65,8.8,0.0,0.0,18.0
17/12/2006,14:45:00,1.856,0.238,242.58,7.6,0.0,0.0,18.0
17/12/2006,14:46:00,1.858,0.24,242.86,7.6,0.0,2.0,18.0
17/12/2006,14:47:00,1.87,0.244,243.87,7.6,0.0,1.0,18.0
17/12/2006,14:48:00,2.046,0.242,243.91,8.4,0.0,1.0,18.0
17/12/2006,14:49:00,2.152,0.236,243.17,8.8,0.0,2.0,18.0
17/12/2006,14:50:00,2.17,0.244,244.36,8.8,0.0,1.0,18.0
17/12/2006,14:51:00,2.162,0.24,243.88,8.8,0.0,2.0,19.0
17/12/2006,14:52:00,2.16,0.24,243.8,8.8,0.0,1.0,18.0
17/12/2006,14:53:00,2.154,0.24,243.78,8.8,0.0,1.0,18.0
17/12/2006,14:54:00,2.238,0.324,244.46,9.2,0.0,2.0,18.0
17/12/2006,14:55:00,2.24,0.348,244.05,9.2,0.0,1.0,18.0
17/12/2006,14:56:00,2.248,0.352,244.6,9.2,0.0,2.0,19.0
17/12/2006,14:57:00,2.188,0.26,244.76,9.0,0.0,1.0,18.0
17/12/2006,14:58:00,2.152,0.212,244.71,8.8,0.0,1.0,18.0
17/12/2006,14:59:00,2.13,0.208,243.88,8.6,0.0,2.0,19.0
17/12/2006,15:00:00,2.11,0.202,243.11,8.6,0.0,1.0,18.0
17/12/2006,15:01:00,2.112,0.204,243.38,8.6,0.0,1.0,18.0
17/12/2006,15:02:00,2.12,0.208,244.07,8.6,0.0,2.0,18.0
17/12/2006,15:03:00,2.108,0.204,243.26,8.6,0.0,1.0,18.0
17/12/2006,15:04:00,2.106,0.204,243.31,8.6,0.0,1.0,18.0
17/12/2006,15:05:00,2.076,0.178,242.84,8.6,0.0,1.0,18.0
17/12/2006,15:06:00,1.996,0.07,241.88,8.2,0.0,2.0,18.0
17/12/2006,15:07:00,2.004,0.07,241.87,8.2,0.0,1.0,18.0
17/12/2006,15:08:00,2.01,0.074,242.78,8.2,0.0,1.0,18.0
17/12/2006,15:09:00,2.002,0.072,242.11,8.2,0.0,1.0,18.0
17/12/2006,15:10:00,1.934,0.0,241.73,8.0,0.0,0.0,18.0
17/12/2006,15:11:00,1.954,0.0,242.36,8.0,0.0,0.0,18.0
17/12/2006,15:12:00,2.06,0.08,242.68,8.4,0.0,0.0,18.0
17/12/2006,15:13:00,2.022,0.082,241.48,8.4,0.0,0.0,18.0
17/12/2006,15:14:00,2.128,0.08,241.38,8.8,0.0,0.0,18.0
17/12/2006,15:15:00,2.18,0.078,241.26,9.0,0.0,0.0,17.0
17/12/2006,15:16:00,2.178,0.078,241.22,9.0,0.0,0.0,18.0
17/12/2006,15:17:00,2.172,0.076,240.88,9.0,0.0,0.0,18.0
17/12/2006,15:18:00,2.18,0.078,241.42,9.0,0.0,0.0,18.0
17/12/2006,15:19:00,2.1,0.08,241.37,8.6,0.0,0.0,18.0
17/12/2006,15:20:00,2.142,0.084,241.85,8.8,0.0,0.0,18.0
17/12/2006,15:21:00,2.144,0.086,241.88,8.8,0.0,0.0,17.0
17/12/2006,15:22:00,2.07,0.088,242.3,8.4,0.0,0.0,18.0
17/12/2006,15:23:00,2.042,0.09,242.71,8.4,0.0,0.0,18.0
17/12/2006,15:24:00,3.006,0.106,241.29,12.4,0.0,0.0,18.0
17/12/2006,15:25:00,3.156,0.126,241.89,13.0,1.0,0.0,18.0
17/12/2006,15:26:00,3.118,0.106,240.9,12.8,1.0,0.0,18.0
17/12/2006,15:27:00,3.124,0.098,241.15,12.8,2.0,0.0,18.0
17/12/2006,15:28:00,4.502,0.082,238.42,19.8,1.0,0.0,17.0
17/12/2006,15:29:00,5.57,0.076,237.77,23.4,1.0,0.0,17.0
17/12/2006,15:30:00,3.054,0.1,240.93,13.0,1.0,0.0,18.0
17/12/2006,15:31:00,2.886,0.17,240.92,12.0,1.0,0.0,18.0
17/12/2006,15:32:00,2.902,0.208,241.53,12.0,2.0,0.0,18.0
17/12/2006,15:33:00,2.892,0.204,240.76,12.0,1.0,0.0,18.0
17/12/2006,15:34:00,2.888,0.204,240.83,12.0,1.0,0.0,17.0
17/12/2006,15:35:00,2.88,0.202,240.21,12.0,1.0,0.0,18.0
17/12/2006,15:36:00,2.858,0.198,239.38,11.8,1.0,0.0,18.0
17/12/2006,15:37:00,3.382,0.148,238.54,14.6,9.0,0.0,17.0
17/12/2006,15:38:00,4.944,0.048,236.93,20.8,38.0,0.0,17.0
17/12/2006,15:39:00,4.928,0.048,236.76,20.8,38.0,0.0,17.0
17/12/2006,15:40:00,4.908,0.046,236.28,20.6,38.0,0.0,17.0
17/12/2006,15:41:00,4.918,0.046,236.66,20.6,37.0,0.0,18.0
17/12/2006,15:42:00,4.956,0.05,237.67,20.8,38.0,0.0,17.0
17/12/2006,15:43:00,4.944,0.052,237.55,20.8,38.0,0.0,17.0
17/12/2006,15:44:00,4.968,0.0,237.92,20.8,38.0,0.0,17.0
17/12/2006,15:45:00,4.89,0.0,236.94,20.6,38.0,0.0,18.0
17/12/2006,15:46:00,4.9,0.0,237.11,20.6,38.0,0.0,17.0
17/12/2006,15:47:00,2.812,0.0,240.43,11.8,4.0,0.0,18.0
17/12/2006,15:48:00,4.794,0.0,238.88,20.2,33.0,0.0,17.0
17/12/2006,15:49:00,2.92,0.0,239.87,12.2,5.0,0.0,18.0
17/12/2006,15:50:00,2.852,0.0,239.6,11.8,1.0,0.0,17.0
17/12/2006,15:51:00,2.814,0.0,239.64,11.6,2.0,0.0,18.0
17/12/2006,15:52:00,2.744,0.0,239.6,11.4,1.0,0.0,17.0
17/12/2006,15:53:00,2.76,0.0,240.5,11.4,1.0,0.0,18.0
17/12/2006,15:54:00,2.758,0.0,240.87,11.4,1.0,0.0,18.0
17/12/2006,15:55:00,2.824,0.068,240.25,11.6,2.0,0.0,18.0
17/12/2006,15:56:00,2.848,0.118,240.31,11.8,1.0,0.0,17.0
17/12/2006,15:57:00,2.844,0.118,239.97,11.8,1.0,0.0,18.0
17/12/2006,15:58:00,2.81,0.112,238.46,11.8,1.0,0.0,17.0
17/12/2006,15:59:00,2.82,0.116,239.0,11.8,1.0,0.0,18.0
17/12/2006,16:00:00,2.818,0.114,239.01,11.8,2.0,0.0,17.0
17/12/2006,16:01:00,2.842,0.126,239.73,11.8,1.0,0.0,18.0
17/12/2006,16:02:00,2.834,0.12,239.83,11.8,1.0,0.0,17.0
17/12/2006,16:03:00,2.83,0.118,239.79,11.8,1.0,0.0,18.0
17/12/2006,16:04:00,2.824,0.118,239.51,11.8,1.0,0.0,18.0
17/12/2006,16:05:00,2.814,0.116,238.95,11.8,2.0,0.0,17.0
17/12/2006,16:06:00,2.794,0.112,237.97,11.6,1.0,0.0,17.0
17/12/2006,16:07:00,2.794,0.112,237.98,11.6,1.0,0.0,18.0
17/12/2006,16:08:00,2.78,0.11,237.26,11.6,1.0,0.0,17.0
17/12/2006,16:09:00,2.78,0.11,237.39,11.6,1.0,0.0,17.0
17/12/2006,16:10:00,2.756,0.138,236.41,11.6,2.0,0.0,17.0
17/12/2006,16:11:00,2.748,0.13,237.14,11.6,0.0,0.0,18.0
17/12/2006,16:12:00,2.776,0.116,236.79,11.6,2.0,0.0,17.0
17/12/2006,16:13:00,2.842,0.154,238.03,12.0,1.0,0.0,17.0
17/12/2006,16:14:00,2.856,0.184,238.47,12.0,1.0,0.0,17.0
17/12/2006,16:15:00,2.798,0.088,238.96,11.6,1.0,0.0,18.0
17/12/2006,16:16:00,2.81,0.09,239.43,11.6,1.0,0.0,18.0
17/12/2006,16:17:00,2.81,0.088,239.55,11.6,2.0,0.0,17.0
17/12/2006,16:18:00,2.792,0.088,238.81,11.6,1.0,0.0,18.0
17/12/2006,16:19:00,2.792,0.114,238.95,11.6,1.0,0.0,17.0
17/12/2006,16:20:00,2.75,0.112,238.63,11.4,1.0,0.0,17.0
17/12/2006,16:21:00,2.762,0.094,237.46,11.6,1.0,0.0,18.0
17/12/2006,16:22:00,4.838,0.066,235.24,20.6,34.0,0.0,17.0
17/12/2006,16:23:00,4.878,0.064,234.93,20.6,37.0,0.0,17.0
17/12/2006,16:24:00,4.864,0.0,235.59,20.6,37.0,0.0,17.0
17/12/2006,16:25:00,4.868,0.0,236.61,20.4,38.0,0.0,17.0
17/12/2006,16:26:00,4.876,0.0,236.75,20.6,37.0,0.0,17.0
17/12/2006,16:27:00,4.81,0.0,235.09,20.4,37.0,0.0,17.0
17/12/2006,16:28:00,4.79,0.0,234.48,20.4,37.0,0.0,17.0
17/12/2006,16:29:00,4.784,0.0,234.2,20.4,37.0,0.0,17.0
17/12/2006,16:30:00,4.806,0.0,234.92,20.4,37.0,0.0,16.0
17/12/2006,16:31:00,4.834,0.0,235.96,20.4,37.0,0.0,17.0
17/12/2006,16:32:00,4.856,0.0,236.54,20.4,38.0,0.0,18.0
17/12/2006,16:33:00,4.844,0.0,236.17,20.4,37.0,0.0,17.0
17/12/2006,16:34:00,4.912,0.084,234.94,20.8,37.0,0.0,17.0
17/12/2006,16:35:00,3.12,0.1,237.16,13.6,8.0,0.0,17.0
17/12/2006,16:36:00,2.73,0.1,237.83,11.4,0.0,0.0,17.0
17/12/2006,16:37:00,2.962,0.096,237.8,12.4,0.0,0.0,17.0
17/12/2006,16:38:00,2.764,0.104,237.65,11.6,0.0,0.0,18.0
17/12/2006,16:39:00,2.748,0.138,238.22,11.4,1.0,0.0,17.0
17/12/2006,16:40:00,2.722,0.106,237.75,11.4,0.0,0.0,17.0
17/12/2006,16:41:00,2.768,0.098,237.72,11.6,0.0,0.0,18.0
17/12/2006,16:42:00,2.832,0.098,238.25,11.8,0.0,0.0,17.0
17/12/2006,16:43:00,2.804,0.092,236.91,11.8,0.0,0.0,17.0
17/12/2006,16:44:00,2.788,0.09,236.12,11.8,0.0,0.0,17.0
17/12/2006,16:45:00,2.802,0.092,236.72,11.8,0.0,0.0,18.0
17/12/2006,16:46:00,2.8,0.092,236.59,11.8,0.0,0.0,17.0
17/12/2006,16:47:00,2.776,0.088,235.4,11.8,0.0,0.0,17.0
17/12/2006,16:48:00,2.768,0.1,234.2,11.8,0.0,0.0,16.0
17/12/2006,16:49:00,2.798,0.116,234.66,11.8,0.0,0.0,17.0
17/12/2006,16:50:00,2.846,0.098,234.7,12.0,0.0,0.0,17.0
17/12/2006,16:51:00,3.234,0.072,233.86,13.8,0.0,0.0,17.0
17/12/2006,16:52:00,3.256,0.0,235.0,13.8,0.0,0.0,17.0
17/12/2006,16:53:00,3.272,0.0,235.64,13.8,0.0,0.0,17.0
17/12/2006,16:54:00,3.328,0.1,235.31,14.2,0.0,0.0,17.0
17/12/2006,16:55:00,3.316,0.128,234.47,14.0,0.0,0.0,17.0
17/12/2006,16:56:00,3.39,0.18,235.44,14.4,0.0,0.0,17.0
17/12/2006,16:57:00,3.418,0.248,235.23,14.4,0.0,1.0,17.0
17/12/2006,16:58:00,3.384,0.244,233.64,14.4,0.0,1.0,16.0
17/12/2006,16:59:00,3.374,0.242,233.17,14.4,0.0,2.0,17.0
17/12/2006,17:00:00,3.388,0.244,233.82,14.4,0.0,1.0,17.0
17/12/2006,17:01:00,3.376,0.242,233.35,14.4,0.0,2.0,17.0
17/12/2006,17:02:00,3.354,0.238,232.46,14.4,0.0,1.0,16.0
17/12/2006,17:03:00,3.472,0.236,232.29,15.0,0.0,1.0,17.0
17/12/2006,17:04:00,3.484,0.176,231.57,15.0,0.0,2.0,16.0
17/12/2006,17:05:00,3.422,0.136,231.18,14.8,0.0,1.0,16.0
17/12/2006,17:06:00,3.416,0.136,230.94,14.8,0.0,1.0,17.0
17/12/2006,17:07:00,3.446,0.136,231.33,14.8,0.0,2.0,16.0
17/12/2006,17:08:00,3.66,0.138,233.01,15.6,0.0,1.0,17.0
17/12/2006,17:09:00,3.586,0.144,233.93,15.2,0.0,1.0,17.0
17/12/2006,17:10:00,3.556,0.14,232.83,15.2,0.0,2.0,16.0
17/12/2006,17:11:00,3.604,0.156,234.18,15.4,0.0,1.0,17.0
17/12/2006,17:12:00,3.728,0.276,235.76,15.8,0.0,1.0,17.0
17/12/2006,17:13:00,3.7,0.27,234.86,15.8,0.0,2.0,17.0
17/12/2006,17:14:00,3.678,0.268,234.11,15.6,0.0,1.0,17.0
17/12/2006,17:15:00,3.67,0.266,233.91,15.6,0.0,1.0,17.0
17/12/2006,17:16:00,3.702,0.272,235.24,15.8,0.0,1.0,17.0
17/12/2006,17:17:00,3.744,0.276,234.86,16.0,0.0,1.0,16.0
17/12/2006,17:18:00,3.796,0.288,234.46,16.2,0.0,2.0,17.0
17/12/2006,17:19:00,3.808,0.288,234.74,16.2,0.0,1.0,17.0
17/12/2006,17:20:00,3.58,0.294,235.39,15.2,0.0,1.0,17.0
17/12/2006,17:21:00,3.37,0.22,233.34,14.4,0.0,1.0,17.0
17/12/2006,17:22:00,3.13,0.174,234.05,13.4,0.0,0.0,17.0
17/12/2006,17:23:00,3.238,0.172,233.58,13.8,0.0,0.0,16.0
17/12/2006,17:24:00,3.39,0.17,232.65,14.6,0.0,0.0,17.0
17/12/2006,17:25:00,3.36,0.164,231.2,14.4,0.0,0.0,16.0
17/12/2006,17:26:00,3.4,0.162,232.86,14.6,0.0,0.0,17.0
17/12/2006,17:27:00,3.396,0.164,232.89,14.6,0.0,0.0,17.0
17/12/2006,17:28:00,3.282,0.1,232.33,14.0,0.0,0.0,16.0
17/12/2006,17:29:00,2.996,0.056,232.47,12.8,0.0,0.0,17.0
17/12/2006,17:30:00,3.002,0.058,232.79,12.8,0.0,0.0,16.0
17/12/2006,17:31:00,3.0,0.058,232.88,12.8,0.0,0.0,17.0
17/12/2006,17:32:00,2.994,0.056,233.03,12.8,0.0,0.0,17.0
17/12/2006,17:33:00,3.058,0.056,233.11,13.0,0.0,0.0,16.0
17/12/2006,17:34:00,3.118,0.12,232.58,13.4,0.0,0.0,17.0
17/12/2006,17:35:00,3.168,0.158,234.57,13.4,0.0,0.0,17.0
17/12/2006,17:36:00,3.262,0.158,234.69,13.8,0.0,0.0,17.0
17/12/2006,17:37:00,3.306,0.158,235.39,14.0,0.0,0.0,17.0
17/12/2006,17:38:00,3.288,0.156,234.84,14.0,0.0,0.0,17.0
17/12/2006,17:39:00,3.282,0.154,234.63,14.0,0.0,0.0,16.0
17/12/2006,17:40:00,3.292,0.158,234.99,14.0,0.0,0.0,17.0
17/12/2006,17:41:00,3.28,0.154,234.39,14.0,0.0,0.0,17.0
17/12/2006,17:42:00,3.502,0.158,235.51,14.8,0.0,0.0,17.0
17/12/2006,17:43:00,3.376,0.156,235.42,14.4,0.0,0.0,17.0
17/12/2006,17:44:00,3.332,0.114,235.56,14.2,0.0,0.0,17.0
17/12/2006,17:45:00,3.292,0.06,235.58,14.0,0.0,0.0,17.0
17/12/2006,17:46:00,3.28,0.058,234.99,14.0,0.0,0.0,17.0
17/12/2006,17:47:00,3.298,0.058,235.77,14.0,0.0,0.0,17.0
17/12/2006,17:48:00,3.296,0.06,235.69,14.0,0.0,0.0,17.0
17/12/2006,17:49:00,3.274,0.058,234.74,14.0,0.0,0.0,17.0
17/12/2006,17:50:00,3.412,0.184,235.79,14.4,0.0,0.0,17.0
17/12/2006,17:51:00,3.412,0.188,236.2,14.4,0.0,0.0,17.0
17/12/2006,17:52:00,3.418,0.188,236.21,14.4,0.0,0.0,17.0
17/12/2006,17:53:00,3.416,0.19,236.37,14.4,0.0,0.0,17.0
17/12/2006,17:54:00,3.418,0.19,236.59,14.4,0.0,0.0,18.0
17/12/2006,17:55:00,3.43,0.192,237.11,14.4,0.0,0.0,17.0
17/12/2006,17:56:00,3.434,0.19,236.87,14.4,0.0,0.0,17.0
17/12/2006,17:57:00,3.792,0.176,235.98,16.0,0.0,0.0,17.0
17/12/2006,17:58:00,3.652,0.166,235.91,15.4,0.0,0.0,17.0
17/12/2006,17:59:00,3.59,0.166,236.02,15.2,0.0,0.0,17.0
17/12/2006,18:00:00,3.328,0.168,235.86,14.0,0.0,0.0,17.0
17/12/2006,18:01:00,3.336,0.172,236.27,14.0,0.0,0.0,17.0
17/12/2006,18:02:00,3.386,0.17,236.31,14.2,0.0,0.0,17.0
17/12/2006,18:03:00,3.528,0.272,235.63,15.0,0.0,0.0,17.0
17/12/2006,18:04:00,3.496,0.26,235.22,14.8,0.0,0.0,17.0
17/12/2006,18:05:00,3.396,0.166,235.28,14.4,0.0,0.0,17.0
17/12/2006,18:06:00,3.266,0.106,234.27,13.8,0.0,0.0,17.0
17/12/2006,18:07:00,3.34,0.0,234.72,14.2,0.0,0.0,17.0
17/12/2006,18:08:00,3.26,0.0,235.73,13.8,0.0,0.0,17.0
17/12/2006,18:09:00,3.236,0.0,235.84,13.6,0.0,0.0,17.0
17/12/2006,18:10:00,3.216,0.0,235.0,13.6,0.0,0.0,17.0
17/12/2006,18:11:00,3.232,0.0,235.67,13.6,0.0,0.0,17.0
17/12/2006,18:12:00,3.236,0.0,235.9,13.6,0.0,0.0,17.0
17/12/2006,18:13:00,3.254,0.0,236.64,13.8,0.0,0.0,17.0
17/12/2006,18:14:00,3.308,0.076,237.39,14.0,0.0,0.0,18.0
17/12/2006,18:15:00,3.612,0.254,236.94,15.2,0.0,0.0,17.0
17/12/2006,18:16:00,4.1,0.156,236.33,17.8,0.0,0.0,17.0
17/12/2006,18:17:00,6.254,0.118,233.69,26.6,0.0,0.0,17.0
17/12/2006,18:18:00,6.204,0.116,232.7,26.6,0.0,0.0,16.0
17/12/2006,18:19:00,4.536,0.128,234.34,20.0,0.0,0.0,17.0
17/12/2006,18:20:00,3.606,0.134,234.73,15.4,0.0,0.0,17.0
17/12/2006,18:21:00,3.594,0.132,234.58,15.2,0.0,0.0,17.0
17/12/2006,18:22:00,3.614,0.136,235.46,15.4,0.0,0.0,17.0
17/12/2006,18:23:00,3.612,0.136,235.45,15.2,0.0,0.0,17.0
17/12/2006,18:24:00,3.612,0.134,235.42,15.2,0.0,0.0,17.0
17/12/2006,18:25:00,3.576,0.086,235.42,15.2,0.0,0.0,17.0
17/12/2006,18:26:00,3.552,0.0,235.79,15.0,0.0,0.0,17.0
17/12/2006,18:27:00,3.55,0.0,235.75,15.0,0.0,0.0,17.0
17/12/2006,18:28:00,3.566,0.046,235.54,15.0,0.0,0.0,17.0
17/12/2006,18:29:00,3.66,0.166,235.77,15.4,0.0,0.0,17.0
17/12/2006,18:30:00,3.624,0.162,234.53,15.4,0.0,0.0,17.0
17/12/2006,18:31:00,3.626,0.162,234.72,15.4,0.0,0.0,17.0
17/12/2006,18:32:00,3.62,0.162,234.58,15.4,0.0,0.0,16.0
17/12/2006,18:33:00,3.42,0.172,235.19,14.6,0.0,0.0,17.0
17/12/2006,18:34:00,3.356,0.188,235.26,14.2,0.0,0.0,17.0
17/12/2006,18:35:00,3.362,0.188,235.42,14.2,0.0,0.0,17.0
17/12/2006,18:36:00,3.372,0.19,235.72,14.2,0.0,0.0,17.0
17/12/2006,18:37:00,3.38,0.188,236.11,14.2,0.0,0.0,17.0
17/12/2006,18:38:00,3.344,0.184,234.99,14.2,0.0,0.0,17.0
17/12/2006,18:39:00,3.612,0.172,234.74,15.4,0.0,0.0,17.0
17/12/2006,18:40:00,3.652,0.164,234.97,15.6,0.0,0.0,17.0
17/12/2006,18:41:00,3.638,0.166,234.44,15.4,0.0,0.0,17.0
17/12/2006,18:42:00,3.618,0.176,234.12,15.4,0.0,0.0,17.0
17/12/2006,18:43:00,3.588,0.178,233.88,15.4,0.0,0.0,17.0
17/12/2006,18:44:00,3.596,0.176,233.39,15.4,0.0,0.0,16.0
17/12/2006,18:45:00,3.708,0.052,234.25,15.8,0.0,0.0,17.0
17/12/2006,18:46:00,3.79,0.054,234.9,16.0,0.0,0.0,17.0
17/12/2006,18:47:00,3.76,0.052,233.79,16.0,0.0,0.0,17.0
17/12/2006,18:48:00,3.754,0.052,233.49,16.0,0.0,0.0,16.0
17/12/2006,18:49:00,3.742,0.048,232.74,16.0,0.0,0.0,17.0
17/12/2006,18:50:00,3.954,0.046,232.09,17.0,0.0,0.0,17.0
17/12/2006,18:51:00,3.81,0.046,231.71,16.4,0.0,0.0,16.0
17/12/2006,18:52:00,3.808,0.1,231.57,16.4,0.0,0.0,17.0
17/12/2006,18:53:00,3.978,0.24,231.06,17.2,0.0,0.0,16.0
17/12/2006,18:54:00,3.974,0.232,230.35,17.2,0.0,0.0,16.0
17/12/2006,18:55:00,4.006,0.222,229.85,17.4,0.0,0.0,16.0
17/12/2006,18:56:00,4.112,0.302,230.96,17.8,0.0,0.0,17.0
17/12/2006,18:57:00,4.06,0.304,229.57,17.6,0.0,0.0,16.0
17/12/2006,18:58:00,4.05,0.294,230.68,17.6,0.0,0.0,16.0
17/12/2006,18:59:00,4.046,0.3,229.63,17.6,0.0,0.0,16.0
17/12/2006,19:00:00,4.078,0.3,230.78,17.6,0.0,0.0,17.0
17/12/2006,19:01:00,4.18,0.31,234.09,17.8,0.0,0.0,17.0
17/12/2006,19:02:00,4.132,0.306,233.78,17.6,0.0,0.0,16.0
17/12/2006,19:03:00,3.768,0.312,234.67,16.0,0.0,0.0,17.0
17/12/2006,19:04:00,3.556,0.36,233.42,15.2,0.0,0.0,17.0
17/12/2006,19:05:00,3.528,0.436,233.77,15.2,0.0,0.0,17.0
17/12/2006,19:06:00,2.922,0.38,234.78,12.6,0.0,0.0,17.0
17/12/2006,19:07:00,2.42,0.3,235.32,10.4,0.0,0.0,16.0
17/12/2006,19:08:00,2.398,0.368,231.7,10.4,0.0,0.0,17.0
17/12/2006,19:09:00,2.398,0.37,231.83,10.4,0.0,1.0,16.0
17/12/2006,19:10:00,2.388,0.366,231.31,10.4,0.0,2.0,17.0
17/12/2006,19:11:00,2.432,0.376,233.97,10.4,0.0,1.0,17.0
17/12/2006,19:12:00,3.764,0.562,232.4,16.6,0.0,2.0,16.0
17/12/2006,19:13:00,3.782,0.44,233.22,16.4,0.0,1.0,17.0
17/12/2006,19:14:00,3.222,0.35,233.95,14.2,0.0,1.0,17.0
17/12/2006,19:15:00,2.21,0.226,234.54,9.4,0.0,2.0,16.0
17/12/2006,19:16:00,2.208,0.224,234.5,9.4,0.0,1.0,17.0
17/12/2006,19:17:00,2.22,0.228,235.39,9.4,0.0,1.0,17.0
17/12/2006,19:18:00,2.234,0.232,236.35,9.4,0.0,2.0,17.0
17/12/2006,19:19:00,2.224,0.23,236.29,9.4,0.0,1.0,18.0
17/12/2006,19:20:00,2.164,0.212,235.82,9.2,0.0,2.0,17.0
17/12/2006,19:21:00,2.472,0.276,235.79,10.8,0.0,1.0,17.0
17/12/2006,19:22:00,2.506,0.256,235.86,11.0,0.0,1.0,17.0
17/12/2006,19:23:00,2.168,0.214,235.9,9.2,0.0,1.0,17.0
17/12/2006,19:24:00,2.154,0.21,235.16,9.2,0.0,2.0,17.0
17/12/2006,19:25:00,2.146,0.208,234.66,9.2,0.0,1.0,17.0
17/12/2006,19:26:00,2.134,0.208,234.48,9.0,0.0,1.0,16.0
17/12/2006,19:27:00,2.104,0.198,232.36,9.0,0.0,1.0,17.0
17/12/2006,19:28:00,2.104,0.194,232.24,9.0,0.0,2.0,17.0
17/12/2006,19:29:00,2.116,0.2,233.35,9.0,0.0,1.0,16.0
17/12/2006,19:30:00,2.114,0.202,233.42,9.0,0.0,1.0,17.0
17/12/2006,19:31:00,2.532,0.38,232.29,11.0,0.0,1.0,16.0
17/12/2006,19:32:00,2.478,0.248,232.7,10.6,0.0,1.0,17.0
17/12/2006,19:33:00,2.366,0.088,232.56,10.2,0.0,0.0,17.0
17/12/2006,19:34:00,2.74,0.156,233.91,11.6,0.0,0.0,16.0
17/12/2006,19:35:00,3.424,0.178,232.75,14.8,0.0,0.0,17.0
17/12/2006,19:36:00,3.538,0.258,231.41,15.2,0.0,0.0,16.0
17/12/2006,19:37:00,4.012,0.378,231.18,17.6,0.0,0.0,17.0
17/12/2006,19:38:00,4.842,0.426,230.08,21.2,0.0,0.0,16.0
17/12/2006,19:39:00,3.578,0.45,233.04,15.4,0.0,0.0,17.0
17/12/2006,19:40:00,3.438,0.426,233.2,14.8,0.0,0.0,16.0
17/12/2006,19:41:00,3.29,0.28,233.65,14.0,0.0,0.0,17.0
17/12/2006,19:42:00,3.13,0.268,232.88,13.4,0.0,0.0,17.0
17/12/2006,19:43:00,3.15,0.264,232.31,13.6,0.0,0.0,16.0
17/12/2006,19:44:00,3.314,0.264,232.63,14.2,0.0,0.0,17.0
17/12/2006,19:45:00,3.022,0.266,232.41,13.0,0.0,0.0,16.0
17/12/2006,19:46:00,3.004,0.264,232.43,13.0,0.0,0.0,17.0
17/12/2006,19:47:00,3.02,0.266,232.6,13.0,0.0,0.0,17.0
17/12/2006,19:48:00,2.96,0.176,232.52,12.8,0.0,0.0,16.0
17/12/2006,19:49:00,3.544,0.166,231.68,15.6,0.0,0.0,17.0
17/12/2006,19:50:00,2.934,0.17,232.11,12.6,0.0,0.0,16.0
17/12/2006,19:51:00,3.034,0.168,232.19,13.0,0.0,0.0,17.0
17/12/2006,19:52:00,3.244,0.168,232.77,14.0,0.0,0.0,16.0
17/12/2006,19:53:00,3.304,0.164,231.7,14.2,0.0,0.0,17.0
17/12/2006,19:54:00,3.024,0.166,231.47,13.0,0.0,0.0,16.0
17/12/2006,19:55:00,3.032,0.168,231.83,13.0,0.0,0.0,17.0
17/12/2006,19:56:00,2.826,0.16,230.37,12.2,0.0,0.0,16.0
17/12/2006,19:57:00,2.558,0.16,231.97,11.0,0.0,0.0,17.0
17/12/2006,19:58:00,2.514,0.164,232.93,10.8,0.0,0.0,16.0
17/12/2006,19:59:00,2.406,0.166,233.07,10.4,0.0,0.0,17.0
17/12/2006,20:00:00,2.388,0.166,232.78,10.2,0.0,0.0,16.0
17/12/2006,20:01:00,2.314,0.17,233.79,9.8,0.0,0.0,17.0
17/12/2006,20:02:00,2.326,0.172,234.51,10.0,0.0,0.0,17.0
17/12/2006,20:03:00,2.56,0.17,233.87,11.2,0.0,0.0,17.0
17/12/2006,20:04:00,2.67,0.168,234.12,11.6,0.0,0.0,17.0
17/12/2006,20:05:00,2.42,0.104,233.75,10.4,0.0,0.0,16.0
17/12/2006,20:06:00,2.55,0.048,233.02,11.0,0.0,0.0,17.0
17/12/2006,20:07:00,2.6,0.102,232.75,11.2,0.0,0.0,17.0
17/12/2006,20:08:00,2.628,0.162,232.57,11.2,0.0,1.0,16.0
17/12/2006,20:09:00,2.632,0.164,233.02,11.2,0.0,2.0,17.0
17/12/2006,20:10:00,2.664,0.162,232.92,11.4,0.0,1.0,16.0
17/12/2006,20:11:00,2.576,0.164,233.24,11.0,0.0,2.0,17.0
17/12/2006,20:12:00,2.972,0.17,236.43,12.6,0.0,1.0,17.0
17/12/2006,20:13:00,3.202,0.164,235.3,13.6,0.0,2.0,17.0
17/12/2006,20:14:00,3.178,0.166,235.52,13.6,0.0,1.0,17.0
17/12/2006,20:15:00,3.19,0.162,235.17,13.6,0.0,1.0,17.0
17/12/2006,20:16:00,3.26,0.216,235.0,14.0,0.0,2.0,17.0
17/12/2006,20:17:00,3.262,0.26,234.6,14.0,0.0,1.0,17.0
17/12/2006,20:18:00,3.39,0.364,234.43,14.6,0.0,2.0,17.0
17/12/2006,20:19:00,3.566,0.378,234.1,15.4,0.0,1.0,17.0
17/12/2006,20:20:00,3.668,0.374,234.1,15.8,0.0,2.0,16.0
17/12/2006,20:21:00,4.464,0.388,233.9,19.4,0.0,1.0,17.0
17/12/2006,20:22:00,4.448,0.396,233.44,19.4,0.0,1.0,17.0
17/12/2006,20:23:00,3.698,0.388,236.07,15.8,0.0,2.0,17.0
17/12/2006,20:24:00,3.712,0.396,236.92,15.8,0.0,1.0,17.0
17/12/2006,20:25:00,3.732,0.4,237.66,15.8,0.0,1.0,17.0
17/12/2006,20:26:00,3.736,0.402,238.05,15.8,0.0,1.0,18.0
17/12/2006,20:27:00,3.66,0.302,237.73,15.4,0.0,2.0,17.0
17/12/2006,20:28:00,3.636,0.298,237.01,15.4,0.0,1.0,17.0
17/12/2006,20:29:00,3.62,0.296,236.47,15.4,0.0,1.0,17.0
17/12/2006,20:30:00,3.614,0.292,236.16,15.4,0.0,2.0,18.0
17/12/2006,20:31:00,3.59,0.284,235.07,15.4,0.0,1.0,17.0
17/12/2006,20:32:00,3.61,0.286,235.7,15.4,0.0,1.0,17.0
17/12/2006,20:33:00,3.616,0.29,236.23,15.4,0.0,1.0,17.0
17/12/2006,20:34:00,3.644,0.292,236.6,15.4,0.0,2.0,17.0
17/12/2006,20:35:00,3.822,0.29,235.93,16.2,0.0,1.0,17.0
17/12/2006,20:36:00,3.538,0.308,238.31,15.0,0.0,1.0,17.0
17/12/2006,20:37:00,3.504,0.31,238.69,14.8,0.0,1.0,18.0
17/12/2006,20:38:00,3.682,0.308,238.8,15.4,0.0,2.0,17.0
17/12/2006,20:39:00,3.694,0.314,239.45,15.4,0.0,1.0,18.0
17/12/2006,20:40:00,3.692,0.312,239.47,15.4,0.0,1.0,17.0
17/12/2006,20:41:00,3.712,0.318,240.35,15.6,0.0,1.0,18.0
17/12/2006,20:42:00,3.628,0.314,239.82,15.2,0.0,2.0,18.0
17/12/2006,20:43:00,3.374,0.32,239.76,14.2,0.0,1.0,17.0
17/12/2006,20:44:00,3.368,0.322,239.91,14.2,0.0,1.0,18.0
17/12/2006,20:45:00,3.352,0.318,239.53,14.0,0.0,1.0,17.0
17/12/2006,20:46:00,3.35,0.32,239.63,14.0,0.0,1.0,18.0
17/12/2006,20:47:00,3.318,0.31,238.11,14.0,0.0,2.0,17.0
17/12/2006,20:48:00,3.324,0.31,238.46,14.0,0.0,1.0,18.0
17/12/2006,20:49:00,3.594,0.308,238.81,15.2,0.0,1.0,17.0
17/12/2006,20:50:00,3.798,0.308,238.88,16.0,0.0,1.0,18.0
17/12/2006,20:51:00,3.852,0.308,238.62,16.2,0.0,2.0,17.0
17/12/2006,20:52:00,3.832,0.304,238.0,16.2,0.0,1.0,17.0
17/12/2006,20:53:00,3.832,0.304,238.0,16.2,0.0,1.0,18.0
17/12/2006,20:54:00,3.75,0.3,237.52,15.8,0.0,1.0,17.0
17/12/2006,20:55:00,3.568,0.302,237.97,15.0,0.0,2.0,17.0
17/12/2006,20:56:00,3.476,0.288,238.08,14.6,0.0,1.0,18.0
17/12/2006,20:57:00,3.316,0.266,236.6,14.0,0.0,1.0,17.0
17/12/2006,20:58:00,3.274,0.258,236.88,13.8,0.0,1.0,17.0
17/12/2006,20:59:00,3.244,0.254,238.01,13.6,0.0,1.0,17.0
17/12/2006,21:00:00,3.576,0.252,237.8,15.2,0.0,2.0,18.0
17/12/2006,21:01:00,3.898,0.25,238.03,16.4,0.0,1.0,17.0
17/12/2006,21:02:00,3.638,0.262,238.51,15.2,0.0,1.0,17.0
17/12/2006,21:03:00,3.204,0.266,238.69,13.4,0.0,1.0,18.0
17/12/2006,21:04:00,3.078,0.266,238.79,12.8,0.0,1.0,17.0
17/12/2006,21:05:00,3.076,0.266,238.7,12.8,0.0,2.0,18.0
17/12/2006,21:06:00,3.086,0.256,239.34,12.8,0.0,1.0,17.0
17/12/2006,21:07:00,3.002,0.162,238.17,12.6,0.0,1.0,18.0
17/12/2006,21:08:00,2.992,0.162,238.0,12.6,0.0,1.0,17.0
17/12/2006,21:09:00,3.038,0.214,237.82,12.8,0.0,1.0,17.0
17/12/2006,21:10:00,3.088,0.29,237.8,13.0,0.0,2.0,18.0
17/12/2006,21:11:00,3.116,0.296,239.26,13.0,0.0,1.0,17.0
17/12/2006,21:12:00,3.108,0.296,239.19,13.0,0.0,1.0,18.0
17/12/2006,21:13:00,3.096,0.292,238.82,13.0,0.0,1.0,17.0
17/12/2006,21:14:00,3.086,0.29,238.48,13.0,0.0,1.0,18.0
17/12/2006,21:15:00,3.076,0.288,238.0,13.0,0.0,2.0,17.0
17/12/2006,21:16:00,3.08,0.288,238.15,13.0,0.0,1.0,17.0
17/12/2006,21:17:00,3.08,0.29,238.27,13.0,0.0,1.0,18.0
17/12/2006,21:18:00,3.096,0.286,237.52,13.0,0.0,1.0,17.0
17/12/2006,21:19:00,3.13,0.288,237.89,13.2,0.0,1.0,17.0
17/12/2006,21:20:00,3.074,0.29,238.07,13.0,0.0,2.0,18.0
17/12/2006,21:21:00,3.118,0.302,239.79,13.0,0.0,1.0,17.0
17/12/2006,21:22:00,3.082,0.292,238.12,13.0,0.0,1.0,18.0
17/12/2006,21:23:00,3.068,0.288,237.59,13.0,0.0,1.0,17.0
17/12/2006,21:24:00,3.084,0.292,238.37,13.0,0.0,1.0,17.0
17/12/2006,21:25:00,3.268,0.294,239.23,13.6,0.0,2.0,18.0
17/12/2006,21:26:00,3.316,0.288,238.55,13.8,0.0,1.0,17.0
17/12/2006,21:27:00,3.07,0.288,238.01,12.8,0.0,1.0,18.0
17/12/2006,21:28:00,3.1,0.296,239.25,13.0,0.0,1.0,17.0
17/12/2006,21:29:00,3.098,0.288,239.44,13.0,0.0,1.0,18.0
17/12/2006,21:30:00,3.096,0.28,239.79,12.8,0.0,2.0,17.0
17/12/2006,21:31:00,3.1,0.28,240.04,13.0,0.0,1.0,18.0
17/12/2006,21:32:00,3.094,0.278,239.71,12.8,0.0,1.0,17.0
17/12/2006,21:33:00,3.1,0.28,240.01,12.8,0.0,1.0,18.0
17/12/2006,21:34:00,3.118,0.284,240.87,13.0,0.0,1.0,18.0
17/12/2006,21:35:00,3.124,0.286,241.09,13.0,0.0,2.0,18.0
17/12/2006,21:36:00,3.108,0.312,241.4,12.8,0.0,1.0,17.0
17/12/2006,21:37:00,3.14,0.392,241.29,13.0,0.0,1.0,18.0
17/12/2006,21:38:00,3.138,0.392,241.37,13.0,0.0,1.0,18.0
17/12/2006,21:39:00,3.12,0.39,241.07,13.0,0.0,1.0,18.0
17/12/2006,21:40:00,3.102,0.384,239.65,13.0,0.0,1.0,18.0
17/12/2006,21:41:00,3.098,0.384,239.57,13.0,0.0,2.0,17.0
17/12/2006,21:42:00,3.086,0.38,239.01,13.0,0.0,1.0,18.0
17/12/2006,21:43:00,3.08,0.38,238.83,13.0,0.0,1.0,17.0
17/12/2006,21:44:00,2.996,0.38,238.59,12.6,0.0,1.0,17.0
17/12/2006,21:45:00,2.914,0.288,238.27,12.2,0.0,1.0,18.0
17/12/2006,21:46:00,2.986,0.248,238.71,12.4,0.0,2.0,17.0
17/12/2006,21:47:00,2.84,0.19,238.66,11.8,0.0,1.0,18.0
17/12/2006,21:48:00,2.824,0.142,237.35,11.8,0.0,1.0,17.0
17/12/2006,21:49:00,2.97,0.144,238.17,12.4,0.0,1.0,17.0
17/12/2006,21:50:00,2.91,0.144,238.49,12.2,0.0,1.0,18.0
17/12/2006,21:51:00,2.754,0.152,239.17,11.4,0.0,1.0,17.0
17/12/2006,21:52:00,2.588,0.156,240.12,10.8,0.0,2.0,18.0
17/12/2006,21:53:00,2.624,0.172,239.32,11.0,0.0,1.0,17.0
17/12/2006,21:54:00,2.614,0.18,240.99,10.8,0.0,1.0,18.0
17/12/2006,21:55:00,2.618,0.182,241.31,10.8,0.0,1.0,18.0
17/12/2006,21:56:00,2.604,0.18,240.53,10.8,0.0,1.0,18.0
17/12/2006,21:57:00,2.596,0.178,239.99,10.8,0.0,1.0,17.0
17/12/2006,21:58:00,2.588,0.176,239.55,10.8,0.0,2.0,18.0
17/12/2006,21:59:00,2.694,0.286,239.68,11.2,0.0,1.0,17.0
17/12/2006,22:00:00,2.69,0.31,239.17,11.2,0.0,1.0,18.0
17/12/2006,22:01:00,2.682,0.304,238.35,11.2,0.0,1.0,17.0
17/12/2006,22:02:00,2.688,0.306,238.89,11.2,0.0,1.0,18.0
17/12/2006,22:03:00,2.688,0.31,239.28,11.2,0.0,1.0,17.0
17/12/2006,22:04:00,2.688,0.308,239.24,11.2,0.0,2.0,18.0
17/12/2006,22:05:00,2.694,0.308,239.19,11.2,0.0,1.0,17.0
17/12/2006,22:06:00,2.69,0.304,238.92,11.2,0.0,1.0,18.0
17/12/2006,22:07:00,2.688,0.306,238.91,11.2,0.0,1.0,17.0
17/12/2006,22:08:00,2.156,0.318,240.49,9.2,0.0,1.0,10.0
17/12/2006,22:09:00,1.65,0.322,240.8,7.0,0.0,1.0,0.0
17/12/2006,22:10:00,1.652,0.32,240.62,7.0,0.0,2.0,0.0
17/12/2006,22:11:00,1.646,0.322,241.02,7.0,0.0,1.0,0.0
17/12/2006,22:12:00,1.656,0.326,241.78,7.0,0.0,1.0,0.0
17/12/2006,22:13:00,1.648,0.324,241.32,7.0,0.0,1.0,0.0
17/12/2006,22:14:00,1.654,0.326,241.72,7.0,0.0,1.0,0.0
17/12/2006,22:15:00,1.632,0.314,239.4,7.0,0.0,1.0,0.0
17/12/2006,22:16:00,1.632,0.31,238.58,7.0,0.0,2.0,0.0
17/12/2006,22:17:00,1.676,0.336,239.18,7.2,0.0,1.0,0.0
17/12/2006,22:18:00,1.714,0.414,239.18,7.4,0.0,1.0,0.0
17/12/2006,22:19:00,1.72,0.418,239.7,7.4,0.0,1.0,0.0
17/12/2006,22:20:00,1.726,0.422,240.32,7.4,0.0,1.0,0.0
17/12/2006,22:21:00,1.722,0.408,240.42,7.4,0.0,1.0,0.0
17/12/2006,22:22:00,1.654,0.302,240.46,7.0,0.0,0.0,0.0
17/12/2006,22:23:00,1.662,0.306,241.6,7.0,0.0,0.0,0.0
17/12/2006,22:24:00,1.66,0.308,241.47,7.0,0.0,0.0,0.0
17/12/2006,22:25:00,1.66,0.308,241.65,7.0,0.0,0.0,0.0
17/12/2006,22:26:00,1.654,0.31,241.96,7.0,0.0,0.0,0.0
17/12/2006,22:27:00,1.652,0.308,241.7,7.0,0.0,0.0,0.0
17/12/2006,22:28:00,1.582,0.21,241.41,6.6,0.0,0.0,0.0
17/12/2006,22:29:00,1.582,0.202,241.31,6.6,0.0,0.0,0.0
17/12/2006,22:30:00,1.542,0.144,241.22,6.4,0.0,0.0,0.0
17/12/2006,22:31:00,1.678,0.062,240.08,7.0,0.0,0.0,0.0
17/12/2006,22:32:00,1.748,0.066,240.82,7.2,0.0,0.0,0.0
17/12/2006,22:33:00,1.752,0.066,240.96,7.2,0.0,0.0,0.0
17/12/2006,22:34:00,1.91,0.064,240.92,8.0,0.0,0.0,0.0
17/12/2006,22:35:00,2.136,0.062,241.29,8.8,0.0,0.0,0.0
17/12/2006,22:36:00,1.754,0.072,242.49,7.2,0.0,0.0,0.0
17/12/2006,22:37:00,0.862,0.076,243.62,3.6,0.0,0.0,0.0
17/12/2006,22:38:00,0.812,0.076,243.53,3.4,0.0,0.0,0.0
17/12/2006,22:39:00,0.808,0.08,244.13,3.4,0.0,0.0,0.0
17/12/2006,22:40:00,0.806,0.082,244.39,3.4,0.0,0.0,0.0
17/12/2006,22:41:00,0.812,0.082,244.26,3.4,0.0,0.0,0.0
17/12/2006,22:42:00,0.818,0.084,245.07,3.4,0.0,0.0,0.0
17/12/2006,22:43:00,0.82,0.086,245.96,3.4,0.0,0.0,0.0
17/12/2006,22:44:00,0.848,0.112,245.73,3.6,0.0,0.0,0.0
17/12/2006,22:45:00,0.914,0.222,245.23,3.8,0.0,0.0,0.0
17/12/2006,22:46:00,0.902,0.222,245.01,3.8,0.0,0.0,0.0
17/12/2006,22:47:00,0.902,0.222,244.98,3.8,0.0,0.0,0.0
17/12/2006,22:48:00,0.902,0.222,245.13,3.8,0.0,0.0,0.0
17/12/2006,22:49:00,0.902,0.218,244.47,3.8,0.0,0.0,0.0
17/12/2006,22:50:00,0.888,0.218,244.24,3.8,0.0,0.0,0.0
17/12/2006,22:51:00,0.892,0.22,244.7,3.8,0.0,0.0,0.0
17/12/2006,22:52:00,0.85,0.216,245.8,3.6,0.0,0.0,0.0
17/12/2006,22:53:00,0.796,0.206,245.52,3.4,0.0,0.0,0.0
17/12/2006,22:54:00,0.9,0.202,245.37,3.8,0.0,0.0,0.0
17/12/2006,22:55:00,0.912,0.204,245.76,3.8,0.0,0.0,0.0
17/12/2006,22:56:00,0.912,0.202,245.77,3.8,0.0,0.0,0.0
17/12/2006,22:57:00,0.914,0.206,246.16,3.8,0.0,0.0,0.0
17/12/2006,22:58:00,0.938,0.22,245.5,4.0,0.0,0.0,0.0
17/12/2006,22:59:00,0.952,0.318,245.39,4.0,0.0,0.0,0.0
17/12/2006,23:00:00,1.116,0.344,245.22,4.8,0.0,0.0,0.0
17/12/2006,23:01:00,0.864,0.308,245.4,3.8,0.0,0.0,0.0
17/12/2006,23:02:00,0.724,0.276,245.89,3.0,0.0,0.0,0.0
17/12/2006,23:03:00,0.602,0.276,245.37,2.6,0.0,0.0,0.0
17/12/2006,23:04:00,0.566,0.278,245.56,2.6,0.0,0.0,0.0
17/12/2006,23:05:00,0.566,0.28,245.82,2.6,0.0,0.0,0.0
17/12/2006,23:06:00,0.566,0.284,246.65,2.6,0.0,0.0,0.0
17/12/2006,23:07:00,0.564,0.278,245.9,2.4,0.0,0.0,0.0
17/12/2006,23:08:00,0.56,0.274,245.04,2.4,0.0,0.0,0.0
17/12/2006,23:09:00,0.5,0.184,245.69,2.2,0.0,0.0,0.0
17/12/2006,23:10:00,0.492,0.172,246.0,2.0,0.0,0.0,0.0
17/12/2006,23:11:00,0.496,0.176,247.08,2.0,0.0,0.0,0.0
17/12/2006,23:12:00,0.498,0.182,247.92,2.0,0.0,0.0,0.0
17/12/2006,23:13:00,0.416,0.052,248.33,1.6,0.0,0.0,0.0
17/12/2006,23:14:00,0.404,0.0,247.27,1.6,0.0,0.0,0.0
17/12/2006,23:15:00,0.404,0.0,247.09,1.6,0.0,0.0,0.0
17/12/2006,23:16:00,0.318,0.0,246.84,1.2,0.0,0.0,0.0
17/12/2006,23:17:00,0.292,0.0,246.27,1.2,0.0,0.0,0.0
17/12/2006,23:18:00,0.29,0.0,245.95,1.2,0.0,0.0,0.0
17/12/2006,23:19:00,0.288,0.0,244.99,1.2,0.0,0.0,0.0
17/12/2006,23:20:00,0.286,0.0,244.0,1.2,0.0,0.0,0.0
17/12/2006,23:21:00,0.288,0.0,245.05,1.2,0.0,0.0,0.0
17/12/2006,23:22:00,0.396,0.156,245.92,1.8,0.0,1.0,0.0
17/12/2006,23:23:00,0.382,0.154,245.24,1.6,0.0,1.0,0.0
17/12/2006,23:24:00,0.382,0.156,245.61,1.6,0.0,2.0,0.0
17/12/2006,23:25:00,0.38,0.156,245.64,1.6,0.0,1.0,0.0
17/12/2006,23:26:00,0.378,0.154,245.36,1.6,0.0,2.0,0.0
17/12/2006,23:27:00,0.444,0.228,244.7,2.0,0.0,1.0,0.0
17/12/2006,23:28:00,0.478,0.292,244.56,2.2,0.0,2.0,0.0
17/12/2006,23:29:00,0.472,0.29,244.28,2.2,0.0,1.0,0.0
17/12/2006,23:30:00,0.47,0.292,244.69,2.2,0.0,2.0,0.0
17/12/2006,23:31:00,0.47,0.294,245.05,2.2,0.0,1.0,0.0
17/12/2006,23:32:00,0.468,0.3,245.95,2.2,0.0,2.0,0.0
17/12/2006,23:33:00,0.464,0.296,245.51,2.2,0.0,1.0,0.0
17/12/2006,23:34:00,0.462,0.296,245.3,2.2,0.0,1.0,0.0
17/12/2006,23:35:00,0.396,0.27,245.55,2.0,0.0,1.0,0.0
17/12/2006,23:36:00,0.378,0.266,246.03,1.8,0.0,2.0,0.0
17/12/2006,23:37:00,0.378,0.266,245.94,1.8,0.0,1.0,0.0
17/12/2006,23:38:00,0.376,0.264,245.68,1.8,0.0,1.0,0.0
17/12/2006,23:39:00,0.374,0.264,245.5,1.8,0.0,2.0,0.0
17/12/2006,23:40:00,0.44,0.336,246.0,2.2,0.0,1.0,0.0
17/12/2006,23:41:00,0.452,0.38,246.59,2.4,0.0,1.0,0.0
17/12/2006,23:42:00,0.454,0.382,246.81,2.4,0.0,1.0,0.0
17/12/2006,23:43:00,0.454,0.386,247.59,2.4,0.0,1.0,0.0
17/12/2006,23:44:00,0.452,0.382,247.03,2.4,0.0,2.0,0.0
17/12/2006,23:45:00,0.45,0.382,246.96,2.4,0.0,1.0,0.0
17/12/2006,23:46:00,0.446,0.38,246.55,2.4,0.0,1.0,0.0
17/12/2006,23:47:00,0.444,0.38,246.62,2.4,0.0,1.0,0.0
17/12/2006,23:48:00,0.442,0.374,245.99,2.2,0.0,2.0,0.0
17/12/2006,23:49:00,0.44,0.372,245.49,2.2,0.0,1.0,0.0
17/12/2006,23:50:00,0.388,0.292,244.78,2.0,0.0,1.0,0.0
17/12/2006,23:51:00,0.366,0.26,244.86,1.8,0.0,1.0,0.0
17/12/2006,23:52:00,0.364,0.256,244.42,1.8,0.0,1.0,0.0
17/12/2006,23:53:00,0.366,0.258,244.8,1.8,0.0,1.0,0.0
17/12/2006,23:54:00,0.284,0.134,245.61,1.2,0.0,2.0,0.0
17/12/2006,23:55:00,0.276,0.122,245.63,1.2,0.0,1.0,0.0
17/12/2006,23:56:00,0.274,0.118,244.57,1.2,0.0,1.0,0.0
17/12/2006,23:57:00,0.274,0.116,244.19,1.2,0.0,1.0,0.0
17/12/2006,23:58:00,0.274,0.12,244.82,1.2,0.0,1.0,0.0
17/12/2006,23:59:00,0.276,0.12,244.89,1.2,0.0,1.0,0.0
18/12/2006,00:00:00,0.278,0.126,246.17,1.2,0.0,2.0,0.0
18/12/2006,00:01:00,0.238,0.056,246.4,1.0,0.0,0.0,0.0
18/12/2006,00:02:00,0.208,0.0,246.46,0.8,0.0,0.0,0.0
18/12/2006,00:03:00,0.206,0.0,245.94,0.8,0.0,0.0,0.0
18/12/2006,00:04:00,0.206,0.0,245.98,0.8,0.0,0.0,0.0
18/12/2006,00:05:00,0.206,0.0,245.56,0.8,0.0,0.0,0.0
18/12/2006,00:06:00,0.204,0.0,245.22,0.8,0.0,0.0,0.0
18/12/2006,00:07:00,0.204,0.0,244.14,0.8,0.0,0.0,0.0
18/12/2006,00:08:00,0.212,0.0,244.0,1.0,0.0,0.0,0.0
18/12/2006,00:09:00,0.316,0.134,244.62,1.4,0.0,0.0,0.0
18/12/2006,00:10:00,0.308,0.132,244.61,1.4,0.0,0.0,0.0
18/12/2006,00:11:00,0.306,0.134,244.97,1.4,0.0,0.0,0.0
18/12/2006,00:12:00,0.306,0.136,245.51,1.4,0.0,0.0,0.0
18/12/2006,00:13:00,0.306,0.14,246.37,1.4,0.0,0.0,0.0
18/12/2006,00:14:00,0.306,0.14,246.42,1.4,0.0,0.0,0.0
18/12/2006,00:15:00,0.302,0.14,246.11,1.4,0.0,0.0,0.0
18/12/2006,00:16:00,0.302,0.14,246.32,1.4,0.0,0.0,0.0
18/12/2006,00:17:00,0.3,0.136,245.61,1.4,0.0,0.0,0.0
18/12/2006,00:18:00,0.3,0.138,245.86,1.4,0.0,0.0,0.0
18/12/2006,00:19:00,0.302,0.142,246.73,1.4,0.0,0.0,0.0
18/12/2006,00:20:00,0.3,0.136,245.53,1.4,0.0,0.0,0.0
18/12/2006,00:21:00,0.316,0.138,244.92,1.6,0.0,0.0,0.0
18/12/2006,00:22:00,0.376,0.24,244.78,1.8,0.0,0.0,0.0
18/12/2006,00:23:00,0.374,0.238,244.49,1.8,0.0,0.0,0.0
18/12/2006,00:24:00,0.372,0.236,244.02,1.8,0.0,0.0,0.0
18/12/2006,00:25:00,0.372,0.236,243.92,1.8,0.0,0.0,0.0
18/12/2006,00:26:00,0.372,0.236,244.04,1.8,0.0,0.0,0.0
18/12/2006,00:27:00,0.368,0.234,243.56,1.8,0.0,0.0,0.0
18/12/2006,00:28:00,0.368,0.234,243.87,1.8,0.0,0.0,0.0
18/12/2006,00:29:00,0.366,0.234,243.73,1.8,0.0,0.0,0.0
18/12/2006,00:30:00,0.366,0.234,243.6,1.8,0.0,0.0,0.0
18/12/2006,00:31:00,0.342,0.2,243.19,1.6,0.0,0.0,0.0
18/12/2006,00:32:00,0.294,0.132,244.16,1.2,0.0,0.0,0.0
18/12/2006,00:33:00,0.23,0.0,244.14,1.0,0.0,0.0,0.0
18/12/2006,00:34:00,0.202,0.0,243.24,0.8,0.0,0.0,0.0
18/12/2006,00:35:00,0.202,0.0,243.47,0.8,0.0,0.0,0.0
18/12/2006,00:36:00,0.202,0.0,243.71,0.8,0.0,0.0,0.0
18/12/2006,00:37:00,0.204,0.0,244.17,0.8,0.0,0.0,0.0
18/12/2006,00:38:00,0.204,0.0,244.46,0.8,0.0,0.0,0.0
18/12/2006,00:39:00,0.204,0.0,244.92,0.8,0.0,0.0,0.0
18/12/2006,00:40:00,0.206,0.0,245.31,0.8,0.0,0.0,0.0
18/12/2006,00:41:00,0.204,0.0,244.02,0.8,0.0,0.0,0.0
18/12/2006,00:42:00,0.204,0.0,243.88,0.8,0.0,0.0,0.0
18/12/2006,00:43:00,0.202,0.0,243.94,0.8,0.0,0.0,0.0
18/12/2006,00:44:00,0.202,0.0,243.78,0.8,0.0,0.0,0.0
18/12/2006,00:45:00,0.202,0.0,243.79,0.8,0.0,0.0,0.0
18/12/2006,00:46:00,0.202,0.0,243.15,0.8,0.0,0.0,0.0
18/12/2006,00:47:00,0.202,0.0,243.79,0.8,0.0,0.0,0.0
18/12/2006,00:48:00,0.3,0.1,244.15,1.4,0.0,0.0,0.0
18/12/2006,00:49:00,0.31,0.134,245.12,1.4,0.0,0.0,0.0
18/12/2006,00:50:00,0.308,0.134,245.27,1.4,0.0,0.0,0.0
18/12/2006,00:51:00,0.306,0.136,245.61,1.4,0.0,0.0,0.0
18/12/2006,00:52:00,0.304,0.132,244.63,1.4,0.0,0.0,0.0
18/12/2006,00:53:00,0.3,0.13,244.2,1.4,0.0,0.0,0.0
18/12/2006,00:54:00,0.3,0.128,243.98,1.4,0.0,0.0,0.0
18/12/2006,00:55:00,0.296,0.122,242.81,1.2,0.0,0.0,0.0
18/12/2006,00:56:00,0.296,0.124,242.92,1.2,0.0,0.0,0.0
18/12/2006,00:57:00,0.296,0.126,243.36,1.2,0.0,0.0,0.0
18/12/2006,00:58:00,0.296,0.126,243.64,1.2,0.0,0.0,0.0
18/12/2006,00:59:00,0.296,0.13,244.18,1.2,0.0,0.0,0.0
18/12/2006,01:00:00,0.296,0.13,244.05,1.2,0.0,0.0,0.0
18/12/2006,01:01:00,0.298,0.132,244.43,1.2,0.0,0.0,0.0
18/12/2006,01:02:00,0.298,0.132,244.5,1.2,0.0,0.0,0.0
18/12/2006,01:03:00,0.324,0.146,243.95,1.6,0.0,0.0,0.0
18/12/2006,01:04:00,0.372,0.234,243.72,1.8,0.0,0.0,0.0
18/12/2006,01:05:00,0.372,0.234,243.74,1.8,0.0,0.0,0.0
18/12/2006,01:06:00,0.372,0.232,243.46,1.8,0.0,0.0,0.0
18/12/2006,01:07:00,0.368,0.226,242.39,1.8,0.0,0.0,0.0
18/12/2006,01:08:00,0.368,0.226,242.17,1.8,0.0,0.0,0.0
18/12/2006,01:09:00,0.368,0.23,242.92,1.8,0.0,0.0,0.0
18/12/2006,01:10:00,0.348,0.202,243.36,1.6,0.0,0.0,0.0
18/12/2006,01:11:00,0.276,0.096,243.61,1.2,0.0,0.0,0.0
18/12/2006,01:12:00,0.274,0.096,243.19,1.2,0.0,0.0,0.0
18/12/2006,01:13:00,0.226,0.0,242.83,1.0,0.0,0.0,0.0
18/12/2006,01:14:00,0.292,0.094,243.06,1.4,0.0,0.0,0.0
18/12/2006,01:15:00,0.292,0.112,242.82,1.2,0.0,2.0,0.0
18/12/2006,01:16:00,0.292,0.112,242.98,1.2,0.0,1.0,0.0
18/12/2006,01:17:00,0.294,0.116,243.98,1.2,0.0,2.0,0.0
18/12/2006,01:18:00,0.292,0.116,243.65,1.2,0.0,1.0,0.0
18/12/2006,01:19:00,0.29,0.114,243.23,1.2,0.0,2.0,0.0
18/12/2006,01:20:00,0.29,0.114,243.4,1.2,0.0,1.0,0.0
18/12/2006,01:21:00,0.288,0.114,243.1,1.2,0.0,2.0,0.0
18/12/2006,01:22:00,0.286,0.112,242.85,1.2,0.0,1.0,0.0
18/12/2006,01:23:00,0.286,0.114,243.32,1.2,0.0,2.0,0.0
18/12/2006,01:24:00,0.284,0.112,243.11,1.2,0.0,1.0,0.0
18/12/2006,01:25:00,0.282,0.11,242.32,1.2,0.0,1.0,0.0
18/12/2006,01:26:00,0.398,0.246,242.31,2.0,0.0,2.0,0.0
18/12/2006,01:27:00,0.382,0.244,241.97,1.8,0.0,1.0,0.0
18/12/2006,01:28:00,0.38,0.246,242.51,1.8,0.0,1.0,0.0
18/12/2006,01:29:00,0.376,0.246,242.4,1.8,0.0,1.0,0.0
18/12/2006,01:30:00,0.374,0.246,242.29,1.8,0.0,2.0,0.0
18/12/2006,01:31:00,0.372,0.246,242.21,1.8,0.0,1.0,0.0
18/12/2006,01:32:00,0.372,0.25,242.9,1.8,0.0,1.0,0.0
18/12/2006,01:33:00,0.37,0.25,242.87,1.8,0.0,1.0,0.0
18/12/2006,01:34:00,0.37,0.252,243.57,1.8,0.0,2.0,0.0
18/12/2006,01:35:00,0.37,0.256,244.26,1.8,0.0,1.0,0.0
18/12/2006,01:36:00,0.37,0.258,244.38,1.8,0.0,1.0,0.0
18/12/2006,01:37:00,0.37,0.256,244.0,1.8,0.0,1.0,0.0
18/12/2006,01:38:00,0.368,0.256,244.24,1.8,0.0,1.0,0.0
18/12/2006,01:39:00,0.368,0.256,244.12,1.8,0.0,2.0,0.0
18/12/2006,01:40:00,0.368,0.254,244.02,1.8,0.0,1.0,0.0
18/12/2006,01:41:00,0.328,0.184,244.45,1.6,0.0,0.0,0.0
18/12/2006,01:42:00,0.298,0.134,244.82,1.4,0.0,0.0,0.0
18/12/2006,01:43:00,0.296,0.132,244.34,1.2,0.0,0.0,0.0
18/12/2006,01:44:00,0.296,0.13,243.95,1.2,0.0,0.0,0.0
18/12/2006,01:45:00,0.294,0.124,242.93,1.2,0.0,0.0,0.0
18/12/2006,01:46:00,0.374,0.21,242.44,1.8,0.0,0.0,0.0
18/12/2006,01:47:00,0.28,0.094,242.84,1.2,0.0,0.0,0.0
18/12/2006,01:48:00,0.28,0.096,243.36,1.2,0.0,0.0,0.0
18/12/2006,01:49:00,0.282,0.098,244.19,1.2,0.0,0.0,0.0
18/12/2006,01:50:00,0.282,0.1,244.63,1.2,0.0,0.0,0.0
18/12/2006,01:51:00,0.28,0.1,244.85,1.2,0.0,0.0,0.0
18/12/2006,01:52:00,0.28,0.102,244.91,1.2,0.0,0.0,0.0
18/12/2006,01:53:00,0.276,0.096,243.6,1.2,0.0,0.0,0.0
18/12/2006,01:54:00,0.276,0.096,243.61,1.2,0.0,0.0,0.0
18/12/2006,01:55:00,0.218,0.0,244.18,1.0,0.0,0.0,0.0
18/12/2006,01:56:00,0.204,0.0,243.93,0.8,0.0,0.0,0.0
18/12/2006,01:57:00,0.204,0.0,244.55,0.8,0.0,0.0,0.0
18/12/2006,01:58:00,0.206,0.0,244.85,0.8,0.0,0.0,0.0
18/12/2006,01:59:00,0.208,0.0,244.54,0.8,0.0,0.0,0.0
18/12/2006,02:00:00,0.21,0.0,244.2,0.8,0.0,0.0,0.0
18/12/2006,02:01:00,0.21,0.0,245.21,0.8,0.0,0.0,0.0
18/12/2006,02:02:00,0.278,0.07,245.48,1.2,0.0,0.0,0.0
18/12/2006,02:03:00,0.314,0.132,244.47,1.4,0.0,0.0,0.0
18/12/2006,02:04:00,0.312,0.138,245.83,1.4,0.0,0.0,0.0
18/12/2006,02:05:00,0.312,0.142,246.78,1.4,0.0,0.0,0.0
18/12/2006,02:06:00,0.312,0.146,247.33,1.4,0.0,0.0,0.0
18/12/2006,02:07:00,0.312,0.15,247.97,1.4,0.0,0.0,0.0
18/12/2006,02:08:00,0.312,0.15,248.05,1.4,0.0,0.0,0.0
18/12/2006,02:09:00,0.31,0.15,248.08,1.4,0.0,0.0,0.0
18/12/2006,02:10:00,0.308,0.15,248.07,1.4,0.0,0.0,0.0
18/12/2006,02:11:00,0.304,0.142,246.45,1.4,0.0,0.0,0.0
18/12/2006,02:12:00,0.304,0.142,246.49,1.4,0.0,0.0,0.0
18/12/2006,02:13:00,0.304,0.144,246.88,1.4,0.0,0.0,0.0
18/12/2006,02:14:00,0.302,0.142,246.46,1.4,0.0,0.0,0.0
18/12/2006,02:15:00,0.302,0.144,246.8,1.4,0.0,0.0,0.0
18/12/2006,02:16:00,0.304,0.144,247.15,1.4,0.0,0.0,0.0
18/12/2006,02:17:00,0.304,0.146,247.51,1.4,0.0,0.0,0.0
18/12/2006,02:18:00,0.304,0.144,247.19,1.4,0.0,0.0,0.0
18/12/2006,02:19:00,0.304,0.146,247.18,1.4,0.0,0.0,0.0
18/12/2006,02:20:00,0.302,0.144,246.97,1.4,0.0,0.0,0.0
18/12/2006,02:21:00,0.302,0.14,246.31,1.4,0.0,0.0,0.0
18/12/2006,02:22:00,0.24,0.048,246.56,1.0,0.0,0.0,0.0
18/12/2006,02:23:00,0.21,0.0,246.98,0.8,0.0,0.0,0.0
18/12/2006,02:24:00,0.21,0.0,247.03,0.8,0.0,0.0,0.0
18/12/2006,02:25:00,0.21,0.0,247.48,0.8,0.0,0.0,0.0
18/12/2006,02:26:00,0.212,0.0,247.91,0.8,0.0,0.0,0.0
18/12/2006,02:27:00,0.212,0.0,247.9,0.8,0.0,0.0,0.0
18/12/2006,02:28:00,0.304,0.112,247.44,1.4,0.0,0.0,0.0
18/12/2006,02:29:00,0.286,0.11,246.95,1.2,0.0,0.0,0.0
18/12/2006,02:30:00,0.286,0.106,245.8,1.2,0.0,0.0,0.0
18/12/2006,02:31:00,0.284,0.102,245.24,1.2,0.0,0.0,0.0
18/12/2006,02:32:00,0.284,0.106,246.04,1.2,0.0,0.0,0.0
18/12/2006,02:33:00,0.282,0.104,245.52,1.2,0.0,0.0,0.0
18/12/2006,02:34:00,0.282,0.104,245.72,1.2,0.0,0.0,0.0
18/12/2006,02:35:00,0.28,0.106,246.03,1.2,0.0,0.0,0.0
18/12/2006,02:36:00,0.26,0.076,246.11,1.2,0.0,0.0,0.0
18/12/2006,02:37:00,0.208,0.0,245.72,0.8,0.0,0.0,0.0
18/12/2006,02:38:00,0.264,0.056,245.9,1.2,0.0,0.0,0.0
18/12/2006,02:39:00,0.318,0.14,246.58,1.4,0.0,0.0,0.0
18/12/2006,02:40:00,0.312,0.138,245.93,1.4,0.0,0.0,0.0
18/12/2006,02:41:00,0.31,0.138,246.03,1.4,0.0,0.0,0.0
18/12/2006,02:42:00,0.308,0.138,245.98,1.4,0.0,0.0,0.0
18/12/2006,02:43:00,0.308,0.142,246.78,1.4,0.0,0.0,0.0
18/12/2006,02:44:00,0.308,0.144,247.17,1.4,0.0,0.0,0.0
18/12/2006,02:45:00,0.308,0.146,247.52,1.4,0.0,0.0,0.0
18/12/2006,02:46:00,0.308,0.15,248.27,1.4,0.0,0.0,0.0
18/12/2006,02:47:00,0.308,0.148,247.91,1.4,0.0,0.0,0.0
18/12/2006,02:48:00,0.304,0.144,247.22,1.4,0.0,0.0,0.0
18/12/2006,02:49:00,0.306,0.146,247.54,1.4,0.0,0.0,0.0
18/12/2006,02:50:00,0.306,0.146,247.46,1.4,0.0,0.0,0.0
18/12/2006,02:51:00,0.304,0.148,247.61,1.4,0.0,0.0,0.0
18/12/2006,02:52:00,0.306,0.15,248.07,1.4,0.0,0.0,0.0
18/12/2006,02:53:00,0.306,0.15,248.31,1.4,0.0,0.0,0.0
18/12/2006,02:54:00,0.304,0.146,247.73,1.4,0.0,0.0,0.0
18/12/2006,02:55:00,0.304,0.148,247.81,1.4,0.0,0.0,0.0
18/12/2006,02:56:00,0.304,0.148,247.81,1.4,0.0,0.0,0.0
18/12/2006,02:57:00,0.272,0.098,247.95,1.2,0.0,0.0,0.0
18/12/2006,02:58:00,0.212,0.0,248.48,0.8,0.0,0.0,0.0
18/12/2006,02:59:00,0.212,0.0,248.11,0.8,0.0,0.0,0.0
18/12/2006,03:00:00,0.21,0.0,247.42,0.8,0.0,0.0,0.0
18/12/2006,03:01:00,0.208,0.0,246.17,0.8,0.0,0.0,0.0
18/12/2006,03:02:00,0.282,0.084,246.17,1.4,0.0,0.0,0.0
18/12/2006,03:03:00,0.296,0.124,245.83,1.2,0.0,2.0,0.0
18/12/2006,03:04:00,0.296,0.126,246.05,1.2,0.0,1.0,0.0
18/12/2006,03:05:00,0.296,0.124,245.59,1.2,0.0,2.0,0.0
18/12/2006,03:06:00,0.296,0.124,245.94,1.2,0.0,1.0,0.0
18/12/2006,03:07:00,0.296,0.126,246.21,1.2,0.0,2.0,0.0
18/12/2006,03:08:00,0.296,0.126,246.18,1.2,0.0,1.0,0.0
18/12/2006,03:09:00,0.296,0.126,246.23,1.2,0.0,1.0,0.0
18/12/2006,03:10:00,0.368,0.206,246.1,1.8,0.0,2.0,0.0
18/12/2006,03:11:00,0.366,0.228,245.07,1.8,0.0,1.0,0.0
18/12/2006,03:12:00,0.368,0.232,245.73,1.8,0.0,2.0,0.0
18/12/2006,03:13:00,0.368,0.234,246.31,1.8,0.0,1.0,0.0
18/12/2006,03:14:00,0.47,0.356,246.2,2.4,0.0,1.0,0.0
18/12/2006,03:15:00,0.47,0.376,246.11,2.4,0.0,2.0,0.0
18/12/2006,03:16:00,0.464,0.378,246.38,2.4,0.0,1.0,0.0
18/12/2006,03:17:00,0.458,0.37,245.38,2.4,0.0,1.0,0.0
18/12/2006,03:18:00,0.448,0.358,244.59,2.2,0.0,2.0,0.0
18/12/2006,03:19:00,0.378,0.254,243.95,1.8,0.0,1.0,0.0
18/12/2006,03:20:00,0.376,0.256,244.31,1.8,0.0,1.0,0.0
18/12/2006,03:21:00,0.378,0.26,245.13,1.8,0.0,1.0,0.0
18/12/2006,03:22:00,0.378,0.266,245.92,1.8,0.0,2.0,0.0
18/12/2006,03:23:00,0.378,0.27,246.58,1.8,0.0,1.0,0.0
18/12/2006,03:24:00,0.38,0.276,247.49,1.8,0.0,1.0,0.0
18/12/2006,03:25:00,0.378,0.274,247.27,1.8,0.0,1.0,0.0
18/12/2006,03:26:00,0.376,0.27,246.61,1.8,0.0,2.0,0.0
18/12/2006,03:27:00,0.372,0.264,246.12,1.8,0.0,1.0,0.0
18/12/2006,03:28:00,0.3,0.136,245.78,1.4,0.0,0.0,0.0
18/12/2006,03:29:00,0.3,0.136,245.51,1.4,0.0,0.0,0.0
18/12/2006,03:30:00,0.298,0.134,245.05,1.4,0.0,0.0,0.0
18/12/2006,03:31:00,0.298,0.132,244.66,1.2,0.0,0.0,0.0
18/12/2006,03:32:00,0.248,0.056,244.84,1.0,0.0,0.0,0.0
18/12/2006,03:33:00,0.206,0.0,245.06,0.8,0.0,0.0,0.0
18/12/2006,03:34:00,0.206,0.0,245.08,0.8,0.0,0.0,0.0
18/12/2006,03:35:00,0.208,0.0,245.63,0.8,0.0,0.0,0.0
18/12/2006,03:36:00,0.206,0.0,245.39,0.8,0.0,0.0,0.0
18/12/2006,03:37:00,0.206,0.0,245.18,0.8,0.0,0.0,0.0
18/12/2006,03:38:00,0.208,0.0,245.54,0.8,0.0,0.0,0.0
18/12/2006,03:39:00,0.208,0.0,245.73,0.8,0.0,0.0,0.0
18/12/2006,03:40:00,0.208,0.0,246.21,0.8,0.0,0.0,0.0
18/12/2006,03:41:00,0.21,0.0,246.72,0.8,0.0,0.0,0.0
18/12/2006,03:42:00,0.21,0.0,247.08,0.8,0.0,0.0,0.0
18/12/2006,03:43:00,0.208,0.0,246.23,0.8,0.0,0.0,0.0
18/12/2006,03:44:00,0.208,0.0,245.74,0.8,0.0,0.0,0.0
18/12/2006,03:45:00,0.204,0.0,244.17,0.8,0.0,0.0,0.0
18/12/2006,03:46:00,0.206,0.0,244.82,0.8,0.0,0.0,0.0
18/12/2006,03:47:00,0.206,0.0,244.74,0.8,0.0,0.0,0.0
18/12/2006,03:48:00,0.206,0.0,245.04,0.8,0.0,0.0,0.0
18/12/2006,03:49:00,0.302,0.104,245.69,1.4,0.0,0.0,0.0
18/12/2006,03:50:00,0.316,0.138,246.18,1.4,0.0,0.0,0.0
18/12/2006,03:51:00,0.31,0.136,245.85,1.4,0.0,0.0,0.0
18/12/2006,03:52:00,0.31,0.138,246.37,1.4,0.0,0.0,0.0
18/12/2006,03:53:00,0.376,0.208,245.96,1.8,0.0,0.0,0.0
18/12/2006,03:54:00,0.384,0.246,245.92,1.8,0.0,0.0,0.0
18/12/2006,03:55:00,0.382,0.242,245.25,1.8,0.0,0.0,0.0
18/12/2006,03:56:00,0.382,0.246,245.73,1.8,0.0,0.0,0.0
18/12/2006,03:57:00,0.378,0.242,245.14,1.8,0.0,0.0,0.0
18/12/2006,03:58:00,0.376,0.24,245.09,1.8,0.0,0.0,0.0
18/12/2006,03:59:00,0.376,0.244,245.49,1.8,0.0,0.0,0.0
18/12/2006,04:00:00,0.378,0.248,246.08,1.8,0.0,0.0,0.0
18/12/2006,04:01:00,0.384,0.25,246.45,1.8,0.0,0.0,0.0
18/12/2006,04:02:00,0.316,0.158,245.62,1.4,0.0,0.0,0.0
18/12/2006,04:03:00,0.302,0.136,245.58,1.4,0.0,0.0,0.0
18/12/2006,04:04:00,0.3,0.132,244.68,1.4,0.0,0.0,0.0
18/12/2006,04:05:00,0.3,0.136,245.33,1.4,0.0,0.0,0.0
18/12/2006,04:06:00,0.272,0.094,245.9,1.2,0.0,0.0,0.0
18/12/2006,04:07:00,0.21,0.0,246.18,0.8,0.0,0.0,0.0
18/12/2006,04:08:00,0.21,0.0,246.71,0.8,0.0,0.0,0.0
18/12/2006,04:09:00,0.21,0.0,246.92,0.8,0.0,0.0,0.0
18/12/2006,04:10:00,0.21,0.0,247.02,0.8,0.0,0.0,0.0
18/12/2006,04:11:00,0.21,0.0,246.47,0.8,0.0,0.0,0.0
18/12/2006,04:12:00,0.21,0.0,247.11,0.8,0.0,0.0,0.0
18/12/2006,04:13:00,0.212,0.0,247.42,0.8,0.0,0.0,0.0
18/12/2006,04:14:00,0.21,0.0,246.93,0.8,0.0,0.0,0.0
18/12/2006,04:15:00,0.21,0.0,247.07,0.8,0.0,0.0,0.0
18/12/2006,04:16:00,0.24,0.0,247.4,1.2,0.0,0.0,0.0
18/12/2006,04:17:00,1.368,0.0,245.36,5.6,0.0,0.0,17.0
18/12/2006,04:18:00,1.358,0.0,245.95,5.4,0.0,0.0,20.0
18/12/2006,04:19:00,1.342,0.0,245.76,5.4,0.0,0.0,18.0
18/12/2006,04:20:00,1.326,0.0,245.13,5.4,0.0,0.0,19.0
18/12/2006,04:21:00,1.312,0.0,244.27,5.2,0.0,0.0,18.0
18/12/2006,04:22:00,1.306,0.0,243.88,5.2,0.0,0.0,19.0
18/12/2006,04:23:00,1.352,0.0,243.77,5.6,0.0,0.0,18.0
18/12/2006,04:24:00,1.41,0.118,243.9,5.8,0.0,0.0,18.0
18/12/2006,04:25:00,1.422,0.124,245.48,5.8,0.0,0.0,19.0
18/12/2006,04:26:00,1.418,0.124,245.26,5.8,0.0,0.0,18.0
18/12/2006,04:27:00,1.422,0.118,244.05,5.8,0.0,0.0,18.0
18/12/2006,04:28:00,1.424,0.12,244.25,5.8,0.0,0.0,19.0
18/12/2006,04:29:00,1.408,0.118,244.17,5.8,0.0,0.0,18.0
18/12/2006,04:30:00,1.398,0.118,244.06,5.6,0.0,0.0,18.0
18/12/2006,04:31:00,1.398,0.12,244.27,5.6,0.0,0.0,18.0
18/12/2006,04:32:00,1.412,0.126,245.52,5.6,0.0,0.0,19.0
18/12/2006,04:33:00,1.398,0.12,244.37,5.6,0.0,0.0,18.0
18/12/2006,04:34:00,1.39,0.116,243.64,5.6,0.0,0.0,18.0
18/12/2006,04:35:00,1.392,0.118,243.9,5.6,0.0,0.0,18.0
18/12/2006,04:36:00,1.394,0.118,244.05,5.6,0.0,0.0,19.0
18/12/2006,04:37:00,1.472,0.204,244.33,6.0,0.0,0.0,18.0
18/12/2006,04:38:00,1.486,0.234,245.6,6.0,0.0,0.0,18.0
18/12/2006,04:39:00,1.482,0.232,245.18,6.0,0.0,0.0,19.0
18/12/2006,04:40:00,1.404,0.116,245.21,5.6,0.0,0.0,18.0
18/12/2006,04:41:00,1.394,0.092,245.61,5.6,0.0,0.0,19.0
18/12/2006,04:42:00,1.394,0.094,245.79,5.6,0.0,0.0,18.0
18/12/2006,04:43:00,1.382,0.09,244.78,5.6,0.0,0.0,18.0
18/12/2006,04:44:00,1.376,0.088,244.33,5.6,0.0,0.0,19.0
18/12/2006,04:45:00,1.366,0.08,243.99,5.6,0.0,0.0,18.0
18/12/2006,04:46:00,1.306,0.0,244.48,5.2,0.0,0.0,18.0
18/12/2006,04:47:00,1.302,0.0,244.16,5.2,0.0,0.0,18.0
18/12/2006,04:48:00,1.304,0.0,244.3,5.2,0.0,0.0,19.0
18/12/2006,04:49:00,1.308,0.0,244.65,5.2,0.0,0.0,18.0
18/12/2006,04:50:00,1.316,0.0,245.41,5.2,0.0,0.0,18.0
18/12/2006,04:51:00,1.328,0.0,246.5,5.4,0.0,0.0,19.0
18/12/2006,04:52:00,1.334,0.0,247.07,5.4,0.0,0.0,19.0
18/12/2006,04:53:00,1.33,0.0,246.81,5.4,0.0,0.0,18.0
18/12/2006,04:54:00,1.332,0.0,247.0,5.4,0.0,0.0,19.0
18/12/2006,04:55:00,1.334,0.0,247.16,5.4,0.0,0.0,18.0
18/12/2006,04:56:00,1.41,0.086,246.76,5.6,0.0,0.0,19.0
18/12/2006,04:57:00,1.382,0.224,246.92,5.8,0.0,1.0,18.0
18/12/2006,04:58:00,0.404,0.276,247.6,2.0,0.0,2.0,0.0
18/12/2006,04:59:00,0.4,0.272,246.87,2.0,0.0,1.0,0.0
18/12/2006,05:00:00,0.396,0.266,245.82,1.8,0.0,1.0,0.0
18/12/2006,05:01:00,0.394,0.268,246.04,1.8,0.0,2.0,0.0
18/12/2006,05:02:00,0.39,0.26,244.86,1.8,0.0,1.0,0.0
18/12/2006,05:03:00,0.388,0.258,244.56,1.8,0.0,2.0,0.0
18/12/2006,05:04:00,0.388,0.258,244.59,1.8,0.0,1.0,0.0
18/12/2006,05:05:00,0.386,0.26,244.78,1.8,0.0,2.0,0.0
18/12/2006,05:06:00,0.384,0.26,244.75,1.8,0.0,1.0,0.0
18/12/2006,05:07:00,0.382,0.258,244.43,1.8,0.0,1.0,0.0
18/12/2006,05:08:00,0.382,0.258,244.58,1.8,0.0,2.0,0.0
18/12/2006,05:09:00,0.38,0.264,245.3,1.8,0.0,1.0,0.0
18/12/2006,05:10:00,0.378,0.262,245.0,1.8,0.0,1.0,0.0
18/12/2006,05:11:00,0.374,0.252,243.49,1.8,0.0,2.0,0.0
18/12/2006,05:12:00,0.374,0.258,244.27,1.8,0.0,1.0,0.0
18/12/2006,05:13:00,0.304,0.152,243.76,1.4,0.0,1.0,0.0
18/12/2006,05:14:00,0.282,0.118,244.44,1.2,0.0,1.0,0.0
18/12/2006,05:15:00,0.282,0.12,244.85,1.2,0.0,2.0,0.0
18/12/2006,05:16:00,0.282,0.122,245.53,1.2,0.0,1.0,0.0
18/12/2006,05:17:00,0.282,0.124,245.68,1.2,0.0,1.0,0.0
18/12/2006,05:18:00,0.28,0.122,245.23,1.2,0.0,1.0,0.0
18/12/2006,05:19:00,0.278,0.116,243.95,1.2,0.0,2.0,0.0
18/12/2006,05:20:00,0.282,0.116,243.7,1.2,0.0,1.0,0.0
18/12/2006,05:21:00,0.286,0.074,243.42,1.4,0.0,0.0,0.0
18/12/2006,05:22:00,0.288,0.1,244.22,1.2,0.0,0.0,0.0
18/12/2006,05:23:00,0.288,0.098,244.09,1.2,0.0,0.0,0.0
18/12/2006,05:24:00,0.282,0.1,244.58,1.2,0.0,0.0,0.0
18/12/2006,05:25:00,0.284,0.104,245.17,1.2,0.0,0.0,0.0
18/12/2006,05:26:00,0.282,0.104,245.39,1.2,0.0,0.0,0.0
18/12/2006,05:27:00,0.284,0.112,247.09,1.2,0.0,0.0,0.0
18/12/2006,05:28:00,0.284,0.114,247.59,1.2,0.0,0.0,0.0
18/12/2006,05:29:00,0.246,0.056,245.88,1.0,0.0,0.0,0.0
18/12/2006,05:30:00,0.26,0.05,245.44,1.2,0.0,0.0,0.0
18/12/2006,05:31:00,0.316,0.134,245.29,1.4,0.0,0.0,0.0
18/12/2006,05:32:00,0.31,0.136,245.41,1.4,0.0,0.0,0.0
18/12/2006,05:33:00,0.31,0.138,245.85,1.4,0.0,0.0,0.0
18/12/2006,05:34:00,0.308,0.138,245.84,1.4,0.0,0.0,0.0
18/12/2006,05:35:00,0.314,0.142,246.43,1.4,0.0,0.0,0.0
18/12/2006,05:36:00,0.314,0.138,245.76,1.4,0.0,0.0,0.0
18/12/2006,05:37:00,0.31,0.132,244.55,1.4,0.0,0.0,0.0
18/12/2006,05:38:00,0.306,0.128,243.7,1.4,0.0,0.0,0.0
18/12/2006,05:39:00,0.306,0.13,244.3,1.4,0.0,0.0,0.0
18/12/2006,05:40:00,0.304,0.13,244.0,1.4,0.0,0.0,0.0
18/12/2006,05:41:00,0.302,0.132,244.59,1.4,0.0,0.0,0.0
18/12/2006,05:42:00,0.298,0.134,245.24,1.4,0.0,0.0,0.0
18/12/2006,05:43:00,0.3,0.138,245.86,1.4,0.0,0.0,0.0
18/12/2006,05:44:00,0.302,0.142,246.37,1.4,0.0,0.0,0.0
18/12/2006,05:45:00,0.3,0.14,246.02,1.4,0.0,0.0,0.0
18/12/2006,05:46:00,0.218,0.0,246.18,1.0,0.0,0.0,0.0
18/12/2006,05:47:00,0.208,0.0,245.99,0.8,0.0,0.0,0.0
18/12/2006,05:48:00,0.208,0.0,246.08,0.8,0.0,0.0,0.0
18/12/2006,05:49:00,0.206,0.0,245.83,0.8,0.0,0.0,0.0
18/12/2006,05:50:00,0.214,0.0,246.08,0.8,0.0,0.0,0.0
18/12/2006,05:51:00,0.214,0.0,245.6,0.8,0.0,0.0,0.0
18/12/2006,05:52:00,0.214,0.0,246.07,0.8,0.0,0.0,0.0
18/12/2006,05:53:00,0.214,0.0,246.28,0.8,0.0,0.0,0.0
18/12/2006,05:54:00,0.212,0.0,245.68,0.8,0.0,0.0,0.0
18/12/2006,05:55:00,0.212,0.0,245.78,0.8,0.0,0.0,0.0
18/12/2006,05:56:00,0.212,0.0,245.79,0.8,0.0,0.0,0.0
18/12/2006,05:57:00,0.212,0.0,245.7,0.8,0.0,0.0,0.0
18/12/2006,05:58:00,0.206,0.0,245.99,0.8,0.0,0.0,0.0
18/12/2006,05:59:00,0.208,0.0,246.45,0.8,0.0,0.0,0.0
18/12/2006,06:00:00,0.214,0.0,246.56,0.8,0.0,0.0,0.0
18/12/2006,06:01:00,0.214,0.0,247.17,0.8,0.0,0.0,0.0
18/12/2006,06:02:00,0.216,0.0,247.67,0.8,0.0,0.0,0.0
18/12/2006,06:03:00,0.246,0.0,246.92,1.2,0.0,0.0,0.0
18/12/2006,06:04:00,0.322,0.14,246.17,1.4,0.0,0.0,0.0
18/12/2006,06:05:00,0.374,0.192,245.17,1.8,0.0,0.0,0.0
18/12/2006,06:06:00,0.39,0.242,244.86,1.8,0.0,0.0,0.0
18/12/2006,06:07:00,0.39,0.242,244.85,1.8,0.0,0.0,0.0
18/12/2006,06:08:00,0.388,0.244,245.15,1.8,0.0,0.0,0.0
18/12/2006,06:09:00,0.388,0.246,245.53,1.8,0.0,0.0,0.0
18/12/2006,06:10:00,0.386,0.25,246.33,1.8,0.0,0.0,0.0
18/12/2006,06:11:00,0.382,0.246,245.78,1.8,0.0,0.0,0.0
18/12/2006,06:12:00,0.38,0.244,245.4,1.8,0.0,0.0,0.0
18/12/2006,06:13:00,0.378,0.244,245.41,1.8,0.0,0.0,0.0
18/12/2006,06:14:00,0.308,0.14,245.46,1.4,0.0,0.0,0.0
18/12/2006,06:15:00,0.304,0.134,245.14,1.4,0.0,0.0,0.0
18/12/2006,06:16:00,0.306,0.136,245.7,1.4,0.0,0.0,0.0
18/12/2006,06:17:00,0.304,0.134,245.11,1.4,0.0,0.0,0.0
18/12/2006,06:18:00,0.3,0.124,245.34,1.4,0.0,0.0,0.0
18/12/2006,06:19:00,0.216,0.0,246.05,0.8,0.0,0.0,0.0
18/12/2006,06:20:00,0.216,0.0,246.59,0.8,0.0,0.0,0.0
18/12/2006,06:21:00,0.216,0.0,246.85,0.8,0.0,0.0,0.0
18/12/2006,06:22:00,0.214,0.0,246.52,0.8,0.0,0.0,0.0
18/12/2006,06:23:00,0.216,0.0,247.59,0.8,0.0,0.0,0.0
18/12/2006,06:24:00,0.218,0.0,248.32,0.8,0.0,0.0,0.0
18/12/2006,06:25:00,0.214,0.0,247.43,0.8,0.0,0.0,0.0
18/12/2006,06:26:00,0.214,0.0,247.16,0.8,0.0,0.0,0.0
18/12/2006,06:27:00,0.214,0.0,246.9,0.8,0.0,0.0,0.0
18/12/2006,06:28:00,0.21,0.0,246.21,0.8,0.0,0.0,0.0
18/12/2006,06:29:00,0.21,0.0,245.18,0.8,0.0,0.0,0.0
18/12/2006,06:30:00,0.21,0.0,245.36,0.8,0.0,0.0,0.0
18/12/2006,06:31:00,0.212,0.0,246.43,0.8,0.0,0.0,0.0
18/12/2006,06:32:00,0.21,0.0,245.72,0.8,0.0,0.0,0.0
18/12/2006,06:33:00,0.21,0.0,246.26,0.8,0.0,0.0,0.0
18/12/2006,06:34:00,0.21,0.0,245.63,0.8,0.0,0.0,0.0
18/12/2006,06:35:00,0.212,0.0,246.27,0.8,0.0,0.0,0.0
18/12/2006,06:36:00,0.24,0.0,246.31,1.2,0.0,0.0,0.0
18/12/2006,06:37:00,0.318,0.132,244.92,1.4,0.0,0.0,0.0
18/12/2006,06:38:00,0.314,0.132,244.95,1.4,0.0,0.0,0.0
18/12/2006,06:39:00,0.312,0.132,244.87,1.4,0.0,0.0,0.0
18/12/2006,06:40:00,0.31,0.132,244.65,1.4,0.0,0.0,0.0
18/12/2006,06:41:00,0.31,0.136,245.75,1.4,0.0,0.0,0.0
18/12/2006,06:42:00,0.31,0.14,246.27,1.4,0.0,0.0,0.0
18/12/2006,06:43:00,0.308,0.138,245.93,1.4,0.0,0.0,0.0
18/12/2006,06:44:00,0.318,0.154,245.99,1.4,0.0,0.0,0.0
18/12/2006,06:45:00,0.362,0.164,245.46,1.6,0.0,0.0,0.0
18/12/2006,06:46:00,0.538,0.162,245.78,2.2,0.0,0.0,0.0
18/12/2006,06:47:00,3.408,0.122,242.19,14.4,0.0,0.0,0.0
18/12/2006,06:48:00,4.816,0.104,240.36,20.0,0.0,0.0,0.0
18/12/2006,06:49:00,1.962,0.146,244.27,8.8,0.0,0.0,0.0
18/12/2006,06:50:00,1.714,0.252,245.05,7.0,0.0,0.0,0.0
18/12/2006,06:51:00,1.684,0.234,244.49,6.8,0.0,0.0,0.0
18/12/2006,06:52:00,1.226,0.114,245.01,5.2,0.0,0.0,0.0
18/12/2006,06:53:00,2.18,0.136,244.21,9.4,0.0,0.0,0.0
18/12/2006,06:54:00,2.782,0.14,243.41,11.6,0.0,0.0,0.0
18/12/2006,06:55:00,0.882,0.128,246.35,4.0,0.0,0.0,0.0
18/12/2006,06:56:00,0.596,0.26,246.1,2.6,0.0,0.0,0.0
18/12/2006,06:57:00,0.586,0.266,246.65,2.6,0.0,2.0,0.0
18/12/2006,06:58:00,0.618,0.274,246.95,2.6,0.0,1.0,0.0
18/12/2006,06:59:00,0.694,0.218,246.15,3.0,0.0,2.0,0.0
18/12/2006,07:00:00,0.684,0.156,245.95,2.8,0.0,1.0,0.0
18/12/2006,07:01:00,0.678,0.152,245.05,2.8,0.0,1.0,0.0
18/12/2006,07:02:00,0.68,0.152,244.85,2.8,0.0,2.0,0.0
18/12/2006,07:03:00,0.668,0.146,243.65,2.8,0.0,1.0,0.0
18/12/2006,07:04:00,0.666,0.144,243.44,2.8,0.0,2.0,0.0
18/12/2006,07:05:00,0.67,0.146,243.85,2.8,0.0,1.0,0.0
18/12/2006,07:06:00,0.67,0.148,243.73,2.8,0.0,1.0,0.0
18/12/2006,07:07:00,0.672,0.148,244.25,2.8,0.0,2.0,0.0
18/12/2006,07:08:00,0.682,0.162,243.77,2.8,0.0,1.0,0.0
18/12/2006,07:09:00,0.716,0.19,243.41,3.0,0.0,2.0,0.0
18/12/2006,07:10:00,0.782,0.3,242.71,3.4,0.0,1.0,0.0
18/12/2006,07:11:00,0.828,0.3,242.96,3.6,0.0,1.0,0.0
18/12/2006,07:12:00,0.846,0.302,243.19,3.6,0.0,1.0,0.0
18/12/2006,07:13:00,0.832,0.294,241.97,3.6,0.0,2.0,0.0
18/12/2006,07:14:00,0.826,0.288,241.01,3.6,0.0,1.0,0.0
18/12/2006,07:15:00,0.832,0.296,242.32,3.6,0.0,1.0,0.0
18/12/2006,07:16:00,0.83,0.298,242.57,3.6,0.0,1.0,0.0
18/12/2006,07:17:00,0.838,0.296,242.56,3.6,0.0,2.0,0.0
18/12/2006,07:18:00,0.85,0.286,243.24,3.6,0.0,1.0,0.0
18/12/2006,07:19:00,0.872,0.284,243.94,3.8,0.0,1.0,0.0
18/12/2006,07:20:00,2.25,0.21,242.34,9.4,0.0,1.0,0.0
18/12/2006,07:21:00,2.942,0.158,241.21,12.4,0.0,0.0,8.0
18/12/2006,07:22:00,3.41,0.15,240.21,14.2,0.0,0.0,18.0
18/12/2006,07:23:00,3.472,0.148,239.75,14.4,0.0,0.0,18.0
18/12/2006,07:24:00,3.466,0.148,239.82,14.4,0.0,0.0,18.0
18/12/2006,07:25:00,3.386,0.0,240.16,14.0,0.0,0.0,18.0
18/12/2006,07:26:00,3.33,0.0,239.38,13.8,0.0,0.0,18.0
18/12/2006,07:27:00,3.348,0.0,240.78,13.8,0.0,0.0,18.0
18/12/2006,07:28:00,3.31,0.0,240.92,13.6,0.0,0.0,17.0
18/12/2006,07:29:00,3.32,0.0,239.63,13.8,0.0,0.0,18.0
18/12/2006,07:30:00,3.398,0.0,241.47,14.0,0.0,0.0,18.0
18/12/2006,07:31:00,3.412,0.0,241.05,14.0,0.0,0.0,18.0
18/12/2006,07:32:00,3.444,0.0,240.77,14.2,0.0,0.0,18.0
18/12/2006,07:33:00,3.598,0.0,241.21,14.8,0.0,0.0,17.0
18/12/2006,07:34:00,3.75,0.074,241.79,15.4,0.0,0.0,18.0
18/12/2006,07:35:00,3.836,0.114,241.52,15.8,0.0,0.0,18.0
18/12/2006,07:36:00,3.792,0.116,241.88,15.6,0.0,0.0,18.0
18/12/2006,07:37:00,3.984,0.112,241.41,16.4,0.0,0.0,18.0
18/12/2006,07:38:00,3.992,0.114,241.44,16.4,0.0,0.0,18.0
18/12/2006,07:39:00,3.958,0.11,240.67,16.4,0.0,0.0,18.0
18/12/2006,07:40:00,3.968,0.112,241.03,16.4,0.0,0.0,17.0
18/12/2006,07:41:00,3.964,0.108,240.36,16.4,0.0,0.0,18.0
18/12/2006,07:42:00,3.918,0.104,238.87,16.4,0.0,0.0,18.0
18/12/2006,07:43:00,3.884,0.174,239.44,16.2,0.0,0.0,17.0
18/12/2006,07:44:00,5.166,0.174,237.5,21.8,0.0,0.0,17.0
18/12/2006,07:45:00,4.788,0.2,238.36,20.6,0.0,0.0,18.0
18/12/2006,07:46:00,2.676,0.204,241.01,11.0,0.0,0.0,18.0
18/12/2006,07:47:00,2.61,0.204,240.62,10.8,0.0,0.0,17.0
18/12/2006,07:48:00,3.096,0.194,239.1,13.2,0.0,0.0,18.0
18/12/2006,07:49:00,3.892,0.202,238.59,16.2,0.0,0.0,17.0
18/12/2006,07:50:00,3.476,0.312,238.49,15.2,0.0,0.0,18.0
18/12/2006,07:51:00,2.17,0.176,239.21,9.0,0.0,0.0,17.0
18/12/2006,07:52:00,2.322,0.164,239.91,9.6,0.0,0.0,18.0
18/12/2006,07:53:00,2.21,0.11,238.45,9.2,0.0,0.0,17.0
18/12/2006,07:54:00,2.428,0.082,236.47,10.2,0.0,0.0,17.0
18/12/2006,07:55:00,2.532,0.114,235.78,10.6,0.0,0.0,18.0
18/12/2006,07:56:00,2.226,0.1,236.06,9.4,1.0,0.0,17.0
18/12/2006,07:57:00,2.262,0.108,237.62,9.4,1.0,0.0,17.0
18/12/2006,07:58:00,2.676,0.242,237.52,11.2,2.0,0.0,17.0
18/12/2006,07:59:00,2.242,0.154,237.52,9.4,1.0,0.0,17.0
18/12/2006,08:00:00,2.128,0.152,238.59,8.8,1.0,0.0,18.0
18/12/2006,08:01:00,1.97,0.152,238.92,8.2,1.0,0.0,17.0
18/12/2006,08:02:00,1.592,0.148,238.87,6.6,1.0,0.0,18.0
18/12/2006,08:03:00,1.522,0.0,239.02,6.4,2.0,0.0,17.0
18/12/2006,08:04:00,1.508,0.0,240.39,6.2,1.0,0.0,18.0
18/12/2006,08:05:00,1.354,0.0,239.82,5.6,1.0,0.0,18.0
18/12/2006,08:06:00,1.33,0.0,239.69,5.4,1.0,0.0,17.0
18/12/2006,08:07:00,1.322,0.0,239.21,5.4,1.0,0.0,18.0
18/12/2006,08:08:00,2.918,0.0,237.35,13.0,26.0,0.0,17.0
18/12/2006,08:09:00,3.492,0.048,236.29,14.6,38.0,0.0,17.0
18/12/2006,08:10:00,3.52,0.046,237.24,14.8,38.0,0.0,17.0
18/12/2006,08:11:00,3.492,0.046,236.36,14.6,38.0,0.0,18.0
18/12/2006,08:12:00,3.516,0.046,237.25,14.8,38.0,0.0,17.0
18/12/2006,08:13:00,3.508,0.046,237.1,14.8,38.0,0.0,17.0
18/12/2006,08:14:00,3.486,0.048,236.6,14.6,37.0,0.0,17.0
18/12/2006,08:15:00,3.518,0.0,236.96,14.8,38.0,0.0,17.0
18/12/2006,08:16:00,3.644,0.098,237.8,15.2,38.0,0.0,18.0
18/12/2006,08:17:00,3.664,0.18,236.41,15.4,38.0,0.0,17.0
18/12/2006,08:18:00,3.628,0.174,235.32,15.4,37.0,0.0,17.0
18/12/2006,08:19:00,3.644,0.178,236.03,15.4,37.0,0.0,17.0
18/12/2006,08:20:00,3.626,0.176,235.87,15.4,38.0,0.0,17.0
18/12/2006,08:21:00,1.866,0.194,237.26,8.6,9.0,0.0,17.0
18/12/2006,08:22:00,1.476,0.198,237.79,6.2,2.0,0.0,17.0
18/12/2006,08:23:00,1.49,0.204,239.04,6.2,1.0,0.0,18.0
18/12/2006,08:24:00,1.478,0.202,238.42,6.2,1.0,0.0,17.0
18/12/2006,08:25:00,1.448,0.16,238.72,6.0,1.0,0.0,18.0
18/12/2006,08:26:00,1.406,0.102,238.91,5.8,1.0,0.0,17.0
18/12/2006,08:27:00,1.41,0.102,238.96,5.8,2.0,0.0,18.0
18/12/2006,08:28:00,1.408,0.1,238.62,5.8,1.0,0.0,17.0
18/12/2006,08:29:00,1.41,0.102,238.77,5.8,1.0,0.0,18.0
18/12/2006,08:30:00,1.402,0.1,238.21,5.8,1.0,0.0,17.0
18/12/2006,08:31:00,1.398,0.1,238.37,5.8,1.0,0.0,18.0
18/12/2006,08:32:00,1.304,0.0,237.97,5.4,2.0,0.0,17.0
18/12/2006,08:33:00,1.308,0.0,237.12,5.4,1.0,0.0,17.0
18/12/2006,08:34:00,1.302,0.0,236.99,5.4,1.0,0.0,17.0
18/12/2006,08:35:00,1.306,0.0,237.69,5.4,1.0,0.0,18.0
18/12/2006,08:36:00,1.306,0.0,237.78,5.4,1.0,0.0,17.0
18/12/2006,08:37:00,1.308,0.0,238.52,5.4,2.0,0.0,17.0
18/12/2006,08:38:00,1.316,0.0,238.73,5.4,1.0,0.0,18.0
18/12/2006,08:39:00,1.322,0.0,239.16,5.4,1.0,0.0,17.0
18/12/2006,08:40:00,1.322,0.0,239.03,5.4,1.0,0.0,18.0
18/12/2006,08:41:00,1.322,0.0,239.29,5.4,1.0,0.0,17.0
18/12/2006,08:42:00,1.312,0.0,238.64,5.4,2.0,0.0,18.0
18/12/2006,08:43:00,1.282,0.0,239.02,5.2,0.0,0.0,17.0
18/12/2006,08:44:00,1.324,0.0,238.72,5.4,2.0,0.0,18.0
18/12/2006,08:45:00,1.318,0.0,237.99,5.4,1.0,0.0,17.0
18/12/2006,08:46:00,1.33,0.0,239.38,5.4,1.0,0.0,18.0
18/12/2006,08:47:00,1.32,0.0,238.95,5.4,1.0,0.0,17.0
18/12/2006,08:48:00,1.326,0.0,239.64,5.4,2.0,0.0,18.0
18/12/2006,08:49:00,1.324,0.0,240.05,5.4,1.0,0.0,17.0
18/12/2006,08:50:00,1.426,0.076,240.21,5.8,1.0,0.0,18.0
18/12/2006,08:51:00,1.424,0.118,238.14,6.0,1.0,0.0,18.0
18/12/2006,08:52:00,1.366,0.124,238.02,5.6,1.0,0.0,17.0
18/12/2006,08:53:00,1.404,0.108,237.41,5.8,1.0,0.0,17.0
18/12/2006,08:54:00,3.078,0.078,235.25,13.6,27.0,0.0,17.0
18/12/2006,08:55:00,3.546,0.074,235.53,15.0,38.0,0.0,17.0
18/12/2006,08:56:00,3.562,0.076,235.87,15.0,37.0,0.0,17.0
18/12/2006,08:57:00,3.618,0.186,234.84,15.4,37.0,0.0,17.0
18/12/2006,08:58:00,3.626,0.2,234.53,15.4,37.0,1.0,17.0
18/12/2006,08:59:00,3.652,0.282,234.19,15.6,37.0,1.0,17.0
18/12/2006,09:00:00,3.678,0.288,234.99,15.6,37.0,2.0,17.0
18/12/2006,09:01:00,3.694,0.29,235.41,15.6,37.0,1.0,17.0
18/12/2006,09:02:00,3.708,0.292,235.73,15.6,37.0,2.0,17.0
18/12/2006,09:03:00,3.708,0.292,235.9,15.6,37.0,1.0,17.0
18/12/2006,09:04:00,3.694,0.292,235.86,15.6,37.0,1.0,17.0
18/12/2006,09:05:00,3.642,0.226,235.81,15.4,38.0,2.0,17.0
18/12/2006,09:06:00,3.576,0.162,235.18,15.2,36.0,1.0,17.0
18/12/2006,09:07:00,3.604,0.166,235.96,15.2,38.0,2.0,17.0
18/12/2006,09:08:00,2.012,0.17,238.55,9.4,12.0,1.0,17.0
18/12/2006,09:09:00,1.332,0.082,238.88,5.6,0.0,1.0,18.0
18/12/2006,09:10:00,1.322,0.078,238.1,5.4,0.0,2.0,17.0
18/12/2006,09:11:00,1.31,0.08,237.51,5.4,0.0,1.0,17.0
18/12/2006,09:12:00,1.326,0.11,237.32,5.6,0.0,1.0,18.0
18/12/2006,09:13:00,1.314,0.084,236.78,5.4,1.0,1.0,17.0
18/12/2006,09:14:00,1.31,0.076,237.17,5.4,0.0,2.0,17.0
18/12/2006,09:15:00,1.31,0.076,237.32,5.4,0.0,1.0,17.0
18/12/2006,09:16:00,1.314,0.078,238.25,5.4,0.0,1.0,18.0
18/12/2006,09:17:00,1.316,0.08,238.65,5.4,0.0,1.0,17.0
18/12/2006,09:18:00,1.326,0.082,239.23,5.4,0.0,2.0,18.0
18/12/2006,09:19:00,1.336,0.086,240.12,5.4,0.0,1.0,17.0
18/12/2006,09:20:00,1.336,0.086,240.24,5.4,0.0,1.0,18.0
18/12/2006,09:21:00,1.338,0.084,240.63,5.6,0.0,1.0,18.0
18/12/2006,09:22:00,1.296,0.0,240.69,5.4,0.0,0.0,18.0
18/12/2006,09:23:00,1.262,0.0,240.62,5.2,0.0,0.0,17.0
18/12/2006,09:24:00,1.368,0.07,241.0,5.6,0.0,0.0,18.0
18/12/2006,09:25:00,1.374,0.098,240.45,5.6,0.0,0.0,18.0
18/12/2006,09:26:00,1.364,0.096,239.83,5.6,0.0,0.0,17.0
18/12/2006,09:27:00,1.346,0.09,238.58,5.6,0.0,0.0,18.0
18/12/2006,09:28:00,1.328,0.086,237.51,5.6,0.0,0.0,17.0
18/12/2006,09:29:00,1.312,0.08,235.72,5.4,0.0,0.0,17.0
18/12/2006,09:30:00,1.322,0.084,236.37,5.6,0.0,0.0,17.0
18/12/2006,09:31:00,1.326,0.086,237.0,5.6,0.0,0.0,17.0
18/12/2006,09:32:00,1.326,0.086,237.13,5.6,0.0,0.0,18.0
18/12/2006,09:33:00,1.308,0.082,235.84,5.4,0.0,0.0,17.0
18/12/2006,09:34:00,1.302,0.08,235.48,5.4,0.0,0.0,17.0
18/12/2006,09:35:00,1.306,0.08,235.47,5.4,0.0,0.0,17.0
18/12/2006,09:36:00,1.312,0.082,235.94,5.4,0.0,0.0,17.0
18/12/2006,09:37:00,1.316,0.084,236.31,5.6,0.0,0.0,17.0
18/12/2006,09:38:00,1.32,0.084,236.7,5.6,0.0,0.0,17.0
18/12/2006,09:39:00,1.25,0.0,236.78,5.2,0.0,0.0,17.0
18/12/2006,09:40:00,1.204,0.046,234.77,5.0,0.0,0.0,17.0
18/12/2006,09:41:00,1.216,0.0,235.34,5.0,0.0,0.0,17.0
18/12/2006,09:42:00,1.296,0.0,236.8,5.4,0.0,0.0,17.0
18/12/2006,09:43:00,1.314,0.058,237.53,5.4,0.0,0.0,18.0
18/12/2006,09:44:00,1.304,0.056,236.88,5.4,0.0,0.0,17.0
18/12/2006,09:45:00,1.298,0.056,236.73,5.4,0.0,0.0,17.0
18/12/2006,09:46:00,1.3,0.056,236.77,5.4,0.0,0.0,17.0
18/12/2006,09:47:00,1.304,0.056,236.82,5.4,0.0,0.0,17.0
18/12/2006,09:48:00,1.298,0.054,236.34,5.4,0.0,0.0,18.0
18/12/2006,09:49:00,1.296,0.056,236.26,5.4,0.0,0.0,17.0
18/12/2006,09:50:00,1.29,0.054,236.23,5.4,0.0,0.0,17.0
18/12/2006,09:51:00,1.278,0.0,236.99,5.4,0.0,0.0,17.0
18/12/2006,09:52:00,1.234,0.0,237.45,5.2,0.0,0.0,17.0
18/12/2006,09:53:00,1.236,0.0,237.38,5.2,0.0,0.0,17.0
18/12/2006,09:54:00,1.24,0.0,237.86,5.2,0.0,0.0,18.0
18/12/2006,09:55:00,1.244,0.0,238.16,5.2,0.0,0.0,17.0
18/12/2006,09:56:00,1.242,0.0,238.59,5.2,0.0,0.0,18.0
18/12/2006,09:57:00,1.248,0.0,239.15,5.2,0.0,0.0,17.0
18/12/2006,09:58:00,1.316,0.0,238.44,5.4,0.0,0.0,18.0
18/12/2006,09:59:00,1.358,0.09,238.78,5.6,0.0,0.0,17.0
18/12/2006,10:00:00,1.352,0.09,238.66,5.6,0.0,0.0,17.0
18/12/2006,10:01:00,1.342,0.088,238.05,5.6,0.0,0.0,18.0
18/12/2006,10:02:00,1.332,0.086,237.63,5.6,0.0,0.0,17.0
18/12/2006,10:03:00,1.336,0.088,237.88,5.6,0.0,0.0,17.0
18/12/2006,10:04:00,1.346,0.09,238.67,5.6,0.0,0.0,18.0
18/12/2006,10:05:00,1.35,0.092,239.06,5.6,0.0,0.0,17.0
18/12/2006,10:06:00,1.348,0.09,238.76,5.6,0.0,0.0,18.0
18/12/2006,10:07:00,1.336,0.088,238.15,5.6,0.0,0.0,17.0
18/12/2006,10:08:00,1.338,0.09,238.49,5.6,0.0,0.0,18.0
18/12/2006,10:09:00,1.328,0.086,237.25,5.6,0.0,0.0,17.0
18/12/2006,10:10:00,1.336,0.088,237.83,5.6,0.0,0.0,17.0
18/12/2006,10:11:00,1.336,0.088,238.05,5.6,0.0,0.0,18.0
18/12/2006,10:12:00,1.332,0.088,237.73,5.6,0.0,0.0,17.0
18/12/2006,10:13:00,1.284,0.0,237.66,5.4,0.0,0.0,17.0
18/12/2006,10:14:00,1.252,0.0,239.27,5.2,0.0,0.0,18.0
18/12/2006,10:15:00,1.258,0.0,239.29,5.2,0.0,0.0,17.0
18/12/2006,10:16:00,1.246,0.0,238.17,5.2,0.0,0.0,18.0
18/12/2006,10:17:00,1.246,0.0,238.3,5.2,0.0,0.0,17.0
18/12/2006,10:18:00,1.24,0.0,238.17,5.2,0.0,0.0,17.0
18/12/2006,10:19:00,1.238,0.0,238.27,5.2,0.0,0.0,18.0
18/12/2006,10:20:00,1.238,0.0,237.74,5.2,0.0,0.0,17.0
18/12/2006,10:21:00,1.222,0.0,236.04,5.2,0.0,0.0,17.0
18/12/2006,10:22:00,1.24,0.0,237.64,5.2,0.0,0.0,18.0
18/12/2006,10:23:00,1.252,0.0,238.87,5.2,0.0,0.0,17.0
18/12/2006,10:24:00,1.296,0.0,239.71,5.4,0.0,0.0,18.0
18/12/2006,10:25:00,1.326,0.064,239.42,5.4,0.0,0.0,17.0
18/12/2006,10:26:00,1.332,0.064,239.22,5.4,0.0,0.0,18.0
18/12/2006,10:27:00,1.326,0.062,238.79,5.4,0.0,0.0,17.0
18/12/2006,10:28:00,1.334,0.064,239.48,5.4,0.0,0.0,18.0
18/12/2006,10:29:00,1.33,0.064,239.43,5.4,0.0,0.0,17.0
18/12/2006,10:30:00,1.33,0.066,240.19,5.4,0.0,0.0,18.0
18/12/2006,10:31:00,1.318,0.062,238.99,5.4,0.0,0.0,17.0
18/12/2006,10:32:00,1.33,0.064,239.68,5.4,0.0,0.0,18.0
18/12/2006,10:33:00,1.38,0.112,239.86,5.8,0.0,0.0,18.0
18/12/2006,10:34:00,1.378,0.106,240.07,5.6,0.0,0.0,17.0
18/12/2006,10:35:00,1.362,0.096,240.02,5.6,0.0,0.0,18.0
18/12/2006,10:36:00,1.352,0.094,239.53,5.6,0.0,0.0,17.0
18/12/2006,10:37:00,1.354,0.094,239.78,5.6,0.0,0.0,18.0
18/12/2006,10:38:00,1.356,0.094,239.59,5.6,0.0,0.0,18.0
18/12/2006,10:39:00,1.354,0.094,239.32,5.6,0.0,0.0,17.0
18/12/2006,10:40:00,1.344,0.09,238.65,5.6,0.0,0.0,18.0
18/12/2006,10:41:00,1.348,0.092,239.03,5.6,0.0,0.0,17.0
18/12/2006,10:42:00,1.356,0.094,239.91,5.6,0.0,0.0,18.0
18/12/2006,10:43:00,1.348,0.092,239.2,5.6,0.0,0.0,17.0
18/12/2006,10:44:00,1.34,0.092,239.03,5.6,0.0,0.0,18.0
18/12/2006,10:45:00,1.346,0.096,239.81,5.6,0.0,0.0,17.0
18/12/2006,10:46:00,1.352,0.096,239.95,5.6,0.0,0.0,18.0
18/12/2006,10:47:00,1.354,0.096,239.87,5.6,0.0,0.0,18.0
18/12/2006,10:48:00,1.332,0.07,239.47,5.4,0.0,0.0,17.0
18/12/2006,10:49:00,1.254,0.0,239.76,5.2,0.0,0.0,18.0
18/12/2006,10:50:00,1.248,0.0,239.2,5.2,0.0,0.0,17.0
18/12/2006,10:51:00,1.25,0.0,239.48,5.2,0.0,0.0,18.0
18/12/2006,10:52:00,1.258,0.0,240.31,5.2,0.0,0.0,18.0
18/12/2006,10:53:00,1.27,0.0,240.71,5.2,0.0,0.0,17.0
18/12/2006,10:54:00,1.266,0.0,240.3,5.2,0.0,0.0,18.0
18/12/2006,10:55:00,1.266,0.0,240.24,5.2,0.0,0.0,18.0
18/12/2006,10:56:00,1.26,0.0,239.81,5.2,0.0,0.0,17.0
18/12/2006,10:57:00,1.272,0.0,240.88,5.2,0.0,0.0,18.0
18/12/2006,10:58:00,1.268,0.0,240.62,5.2,0.0,0.0,18.0
18/12/2006,10:59:00,1.26,0.0,239.89,5.2,0.0,0.0,17.0
18/12/2006,11:00:00,1.254,0.0,239.2,5.2,0.0,0.0,18.0
18/12/2006,11:01:00,1.254,0.0,239.33,5.2,0.0,0.0,17.0
18/12/2006,11:02:00,1.244,0.0,238.82,5.2,0.0,0.0,18.0
18/12/2006,11:03:00,1.248,0.0,239.35,5.2,0.0,0.0,17.0
18/12/2006,11:04:00,1.258,0.0,240.17,5.2,0.0,0.0,18.0
18/12/2006,11:05:00,1.334,0.064,239.4,5.6,0.0,0.0,18.0
18/12/2006,11:06:00,1.33,0.08,238.95,5.4,0.0,1.0,17.0
18/12/2006,11:07:00,1.392,0.152,238.51,5.8,0.0,2.0,18.0
18/12/2006,11:08:00,1.406,0.184,238.69,5.8,0.0,1.0,17.0
18/12/2006,11:09:00,1.46,0.228,239.0,6.2,0.0,2.0,17.0
18/12/2006,11:10:00,1.516,0.312,238.59,6.4,0.0,1.0,18.0
18/12/2006,11:11:00,1.51,0.314,238.65,6.4,0.0,1.0,17.0
18/12/2006,11:12:00,1.506,0.312,238.52,6.4,0.0,2.0,18.0
18/12/2006,11:13:00,1.504,0.314,238.63,6.4,0.0,1.0,17.0
18/12/2006,11:14:00,1.494,0.312,238.44,6.4,0.0,2.0,18.0
18/12/2006,11:15:00,1.502,0.318,239.59,6.4,0.0,1.0,17.0
18/12/2006,11:16:00,1.492,0.316,239.03,6.4,0.0,1.0,18.0
18/12/2006,11:17:00,1.43,0.222,239.57,6.0,0.0,2.0,17.0
18/12/2006,11:18:00,1.416,0.212,238.84,6.0,0.0,1.0,18.0
18/12/2006,11:19:00,1.406,0.208,238.03,5.8,0.0,1.0,17.0
18/12/2006,11:20:00,1.398,0.204,237.44,5.8,0.0,2.0,17.0
18/12/2006,11:21:00,1.392,0.204,237.0,5.8,0.0,1.0,18.0
18/12/2006,11:22:00,1.42,0.204,237.31,6.0,0.0,1.0,17.0
18/12/2006,11:23:00,1.72,0.198,236.7,7.2,0.0,1.0,17.0
18/12/2006,11:24:00,1.756,0.202,237.55,7.4,0.0,2.0,17.0
18/12/2006,11:25:00,1.612,0.082,237.57,6.8,0.0,1.0,18.0
18/12/2006,11:26:00,1.602,0.07,237.29,6.6,0.0,1.0,17.0
18/12/2006,11:27:00,1.598,0.07,236.98,6.6,0.0,1.0,17.0
18/12/2006,11:28:00,1.508,0.074,237.86,6.2,0.0,1.0,17.0
18/12/2006,11:29:00,1.316,0.0,240.47,5.4,0.0,1.0,18.0
18/12/2006,11:30:00,1.498,0.0,240.32,6.2,0.0,0.0,18.0
18/12/2006,11:31:00,1.59,0.048,240.29,6.6,0.0,0.0,17.0
18/12/2006,11:32:00,1.602,0.052,240.41,6.6,0.0,0.0,18.0
18/12/2006,11:33:00,1.58,0.054,238.78,6.6,0.0,0.0,17.0
18/12/2006,11:34:00,1.6,0.05,240.37,6.6,0.0,0.0,18.0
18/12/2006,11:35:00,1.602,0.05,240.52,6.6,0.0,0.0,18.0
18/12/2006,11:36:00,1.61,0.048,241.21,6.6,0.0,0.0,18.0
18/12/2006,11:37:00,1.612,0.048,241.45,6.6,0.0,0.0,18.0
18/12/2006,11:38:00,1.63,0.05,242.38,6.6,0.0,0.0,18.0
18/12/2006,11:39:00,1.636,0.054,242.48,6.6,0.0,0.0,17.0
18/12/2006,11:40:00,1.626,0.056,241.74,6.6,0.0,0.0,18.0
18/12/2006,11:41:00,1.626,0.056,241.6,6.6,0.0,0.0,18.0
18/12/2006,11:42:00,1.626,0.056,241.64,6.6,0.0,0.0,18.0
18/12/2006,11:43:00,1.616,0.058,240.9,6.6,0.0,0.0,18.0
18/12/2006,11:44:00,1.612,0.058,240.5,6.6,0.0,0.0,18.0
18/12/2006,11:45:00,1.618,0.058,241.1,6.6,0.0,0.0,17.0
18/12/2006,11:46:00,1.698,0.0,241.21,7.0,0.0,0.0,18.0
18/12/2006,11:47:00,1.728,0.076,241.18,7.0,0.0,0.0,18.0
18/12/2006,11:48:00,1.8,0.166,240.52,7.4,0.0,0.0,18.0
18/12/2006,11:49:00,1.786,0.176,240.3,7.4,0.0,0.0,17.0
18/12/2006,11:50:00,1.79,0.178,240.64,7.4,0.0,0.0,18.0
18/12/2006,11:51:00,1.788,0.178,240.59,7.4,0.0,0.0,18.0
18/12/2006,11:52:00,1.796,0.182,241.39,7.4,0.0,0.0,18.0
18/12/2006,11:53:00,1.8,0.182,241.35,7.4,0.0,0.0,17.0
18/12/2006,11:54:00,1.792,0.18,241.07,7.4,0.0,0.0,18.0
18/12/2006,11:55:00,1.784,0.178,240.76,7.4,0.0,0.0,18.0
18/12/2006,11:56:00,1.778,0.178,240.77,7.4,0.0,0.0,18.0
18/12/2006,11:57:00,1.766,0.156,241.2,7.2,0.0,0.0,18.0
18/12/2006,11:58:00,1.722,0.078,241.86,7.0,0.0,0.0,17.0
18/12/2006,11:59:00,1.726,0.08,242.25,7.0,0.0,0.0,18.0
18/12/2006,12:00:00,1.734,0.084,242.96,7.0,0.0,0.0,19.0
18/12/2006,12:01:00,1.686,0.0,242.38,6.8,0.0,0.0,17.0
18/12/2006,12:02:00,1.622,0.056,241.39,6.6,0.0,0.0,18.0
18/12/2006,12:03:00,1.618,0.056,241.06,6.6,0.0,0.0,18.0
18/12/2006,12:04:00,1.614,0.058,240.76,6.6,0.0,0.0,18.0
18/12/2006,12:05:00,1.62,0.056,241.21,6.6,0.0,0.0,18.0
18/12/2006,12:06:00,1.618,0.056,241.06,6.6,0.0,0.0,17.0
18/12/2006,12:07:00,1.624,0.056,241.43,6.6,0.0,0.0,18.0
18/12/2006,12:08:00,1.636,0.054,241.82,6.6,0.0,0.0,18.0
18/12/2006,12:09:00,1.638,0.0,242.06,6.6,0.0,0.0,18.0
18/12/2006,12:10:00,1.65,0.0,243.03,6.8,0.0,0.0,18.0
18/12/2006,12:11:00,1.64,0.0,242.27,6.6,0.0,0.0,18.0
18/12/2006,12:12:00,1.642,0.0,242.84,6.6,0.0,0.0,18.0
18/12/2006,12:13:00,1.626,0.0,241.78,6.6,0.0,0.0,18.0
18/12/2006,12:14:00,1.628,0.0,241.92,6.6,0.0,0.0,18.0
18/12/2006,12:15:00,1.626,0.0,241.7,6.6,0.0,0.0,18.0
18/12/2006,12:16:00,1.63,0.0,242.06,6.6,0.0,0.0,18.0
18/12/2006,12:17:00,1.624,0.0,241.66,6.6,0.0,0.0,18.0
18/12/2006,12:18:00,1.63,0.0,241.97,6.6,0.0,0.0,18.0
18/12/2006,12:19:00,1.638,0.0,242.74,6.6,0.0,0.0,18.0
18/12/2006,12:20:00,1.636,0.0,242.49,6.6,0.0,0.0,18.0
18/12/2006,12:21:00,1.618,0.0,241.17,6.6,0.0,0.0,17.0
18/12/2006,12:22:00,1.622,0.0,241.36,6.6,0.0,0.0,18.0
18/12/2006,12:23:00,1.71,0.046,241.52,7.0,0.0,0.0,18.0
18/12/2006,12:24:00,1.742,0.096,241.83,7.2,0.0,0.0,18.0
18/12/2006,12:25:00,1.622,0.1,242.51,6.6,0.0,0.0,18.0
18/12/2006,12:26:00,1.69,0.102,242.84,7.0,0.0,0.0,18.0
18/12/2006,12:27:00,2.352,0.094,242.42,9.6,0.0,0.0,18.0
18/12/2006,12:28:00,2.138,0.092,241.72,8.8,0.0,0.0,18.0
18/12/2006,12:29:00,1.53,0.1,242.42,6.2,0.0,0.0,18.0
18/12/2006,12:30:00,2.414,0.408,242.12,10.8,0.0,0.0,18.0
18/12/2006,12:31:00,2.092,0.376,242.24,9.4,0.0,0.0,18.0
18/12/2006,12:32:00,2.858,0.522,241.87,12.4,0.0,0.0,18.0
18/12/2006,12:33:00,3.122,0.51,240.63,13.2,0.0,0.0,17.0
18/12/2006,12:34:00,3.092,0.502,241.32,13.0,0.0,0.0,18.0
18/12/2006,12:35:00,3.054,0.478,241.22,13.0,0.0,0.0,18.0
18/12/2006,12:36:00,3.026,0.472,241.51,12.8,0.0,0.0,18.0
18/12/2006,12:37:00,3.002,0.464,241.45,12.6,0.0,0.0,18.0
18/12/2006,12:38:00,2.686,0.326,241.55,11.6,0.0,0.0,18.0
18/12/2006,12:39:00,1.468,0.074,243.17,6.0,0.0,0.0,18.0
18/12/2006,12:40:00,1.434,0.0,242.38,5.8,0.0,0.0,18.0
18/12/2006,12:41:00,1.38,0.0,241.62,5.6,0.0,0.0,17.0
18/12/2006,12:42:00,1.378,0.0,241.59,5.6,0.0,0.0,18.0
18/12/2006,12:43:00,1.388,0.0,242.57,5.6,0.0,0.0,18.0
18/12/2006,12:44:00,1.406,0.0,243.68,5.8,0.0,0.0,18.0
18/12/2006,12:45:00,1.41,0.0,244.23,5.8,0.0,0.0,19.0
18/12/2006,12:46:00,1.412,0.0,244.4,5.8,0.0,0.0,18.0
18/12/2006,12:47:00,1.412,0.0,244.66,5.8,0.0,0.0,18.0
18/12/2006,12:48:00,1.414,0.0,245.18,5.8,0.0,0.0,19.0
18/12/2006,12:49:00,1.408,0.0,244.32,5.8,0.0,0.0,18.0
18/12/2006,12:50:00,1.41,0.0,244.31,5.8,0.0,0.0,18.0
18/12/2006,12:51:00,1.416,0.0,244.84,5.8,0.0,0.0,18.0
18/12/2006,12:52:00,1.422,0.0,245.22,5.8,0.0,0.0,19.0
18/12/2006,12:53:00,1.42,0.0,244.91,5.8,0.0,0.0,18.0
18/12/2006,12:54:00,1.41,0.0,244.27,5.8,0.0,0.0,18.0
18/12/2006,12:55:00,1.41,0.0,244.39,5.8,0.0,0.0,19.0
18/12/2006,12:56:00,1.412,0.0,244.74,5.8,0.0,0.0,18.0
18/12/2006,12:57:00,1.408,0.0,244.16,5.8,0.0,0.0,18.0
18/12/2006,12:58:00,1.402,0.0,244.11,5.6,0.0,0.0,19.0
18/12/2006,12:59:00,1.394,0.0,243.76,5.6,0.0,0.0,18.0
18/12/2006,13:00:00,1.48,0.058,244.03,6.0,0.0,0.0,18.0
18/12/2006,13:01:00,1.512,0.11,244.45,6.2,0.0,0.0,18.0
18/12/2006,13:02:00,1.512,0.11,244.69,6.2,0.0,0.0,18.0
18/12/2006,13:03:00,1.506,0.108,244.31,6.2,0.0,0.0,19.0
18/12/2006,13:04:00,1.458,0.106,243.62,6.0,0.0,0.0,18.0
18/12/2006,13:05:00,1.65,0.114,243.02,6.8,0.0,0.0,18.0
18/12/2006,13:06:00,1.766,0.124,242.49,7.2,0.0,0.0,18.0
18/12/2006,13:07:00,1.762,0.124,242.31,7.2,0.0,0.0,18.0
18/12/2006,13:08:00,1.76,0.122,241.57,7.2,0.0,0.0,18.0
18/12/2006,13:09:00,1.758,0.12,241.5,7.2,0.0,0.0,18.0
18/12/2006,13:10:00,1.756,0.12,241.32,7.2,0.0,0.0,17.0
18/12/2006,13:11:00,1.812,0.166,242.16,7.4,0.0,0.0,18.0
18/12/2006,13:12:00,1.848,0.232,242.74,7.6,0.0,0.0,18.0
18/12/2006,13:13:00,1.914,0.314,242.48,8.0,0.0,0.0,18.0
18/12/2006,13:14:00,1.93,0.356,242.74,8.0,0.0,2.0,18.0
18/12/2006,13:15:00,1.874,0.268,243.22,7.8,0.0,1.0,18.0
18/12/2006,13:16:00,1.844,0.224,243.48,7.6,0.0,1.0,19.0
18/12/2006,13:17:00,1.836,0.222,243.08,7.6,0.0,2.0,18.0
18/12/2006,13:18:00,1.838,0.222,243.27,7.6,0.0,1.0,18.0
18/12/2006,13:19:00,1.826,0.22,242.51,7.6,0.0,2.0,18.0
18/12/2006,13:20:00,1.834,0.222,243.17,7.6,0.0,1.0,18.0
18/12/2006,13:21:00,1.832,0.222,243.1,7.6,0.0,1.0,18.0
18/12/2006,13:22:00,1.83,0.222,243.04,7.6,0.0,2.0,18.0
18/12/2006,13:23:00,1.774,0.12,243.44,7.2,0.0,1.0,18.0
18/12/2006,13:24:00,1.768,0.116,243.08,7.2,0.0,2.0,18.0
18/12/2006,13:25:00,1.766,0.114,242.98,7.2,0.0,1.0,18.0
18/12/2006,13:26:00,1.768,0.116,243.32,7.2,0.0,1.0,18.0
18/12/2006,13:27:00,1.734,0.106,240.84,7.2,0.0,2.0,18.0
18/12/2006,13:28:00,1.726,0.104,240.32,7.2,0.0,1.0,18.0
18/12/2006,13:29:00,1.726,0.106,240.71,7.2,0.0,1.0,18.0
18/12/2006,13:30:00,1.732,0.108,241.41,7.2,0.0,1.0,17.0
18/12/2006,13:31:00,1.74,0.11,242.03,7.2,0.0,2.0,18.0
18/12/2006,13:32:00,1.74,0.112,242.21,7.2,0.0,1.0,18.0
18/12/2006,13:33:00,1.634,0.1,241.81,6.8,0.0,1.0,18.0
18/12/2006,13:34:00,1.5,0.086,241.94,6.2,0.0,1.0,18.0
18/12/2006,13:35:00,1.494,0.084,241.48,6.2,0.0,2.0,18.0
18/12/2006,13:36:00,1.634,0.082,241.18,6.8,0.0,1.0,18.0
18/12/2006,13:37:00,1.746,0.14,240.97,7.2,0.0,1.0,17.0
18/12/2006,13:38:00,1.73,0.094,241.31,7.2,0.0,0.0,18.0
18/12/2006,13:39:00,1.72,0.094,240.81,7.0,0.0,0.0,18.0
18/12/2006,13:40:00,1.72,0.094,240.97,7.0,0.0,0.0,18.0
18/12/2006,13:41:00,1.71,0.092,240.64,7.0,0.0,0.0,17.0
18/12/2006,13:42:00,1.714,0.094,241.26,7.0,0.0,0.0,18.0
18/12/2006,13:43:00,1.708,0.094,240.99,7.0,0.0,0.0,18.0
18/12/2006,13:44:00,1.7,0.092,240.45,7.0,0.0,0.0,18.0
18/12/2006,13:45:00,1.692,0.09,239.91,7.0,0.0,0.0,17.0
18/12/2006,13:46:00,1.69,0.09,239.77,7.0,0.0,0.0,18.0
18/12/2006,13:47:00,1.694,0.09,240.15,7.0,0.0,0.0,18.0
18/12/2006,13:48:00,1.696,0.09,240.32,7.0,0.0,0.0,17.0
18/12/2006,13:49:00,1.696,0.092,240.38,7.0,0.0,0.0,18.0
18/12/2006,13:50:00,1.692,0.09,240.02,7.0,0.0,0.0,18.0
18/12/2006,13:51:00,1.702,0.092,240.88,7.0,0.0,0.0,17.0
18/12/2006,13:52:00,1.746,0.116,241.64,7.2,0.0,0.0,18.0
18/12/2006,13:53:00,1.694,0.064,241.22,7.0,0.0,0.0,18.0
18/12/2006,13:54:00,1.69,0.064,241.05,7.0,0.0,0.0,18.0
18/12/2006,13:55:00,1.688,0.064,241.04,7.0,0.0,0.0,18.0
18/12/2006,13:56:00,1.686,0.062,241.02,7.0,0.0,0.0,17.0
18/12/2006,13:57:00,1.686,0.064,241.18,7.0,0.0,0.0,18.0
18/12/2006,13:58:00,0.764,0.076,242.92,3.4,0.0,0.0,4.0
18/12/2006,13:59:00,0.486,0.082,243.3,2.0,0.0,0.0,0.0
18/12/2006,14:00:00,0.408,0.082,243.35,1.6,0.0,0.0,0.0
18/12/2006,14:01:00,0.612,0.084,243.9,3.0,0.0,0.0,2.0
18/12/2006,14:02:00,1.516,0.074,243.52,6.2,0.0,0.0,18.0
18/12/2006,14:03:00,1.442,0.0,243.35,5.8,0.0,0.0,19.0
18/12/2006,14:04:00,1.426,0.0,243.13,5.8,0.0,0.0,18.0
18/12/2006,14:05:00,1.404,0.0,241.46,5.8,0.0,0.0,18.0
18/12/2006,14:06:00,1.398,0.0,240.95,5.8,0.0,0.0,18.0
18/12/2006,14:07:00,1.41,0.0,241.98,5.8,0.0,0.0,17.0
18/12/2006,14:08:00,1.404,0.0,241.57,5.8,0.0,0.0,18.0
18/12/2006,14:09:00,1.592,0.0,240.89,6.6,0.0,0.0,18.0
18/12/2006,14:10:00,1.594,0.0,240.22,6.6,0.0,0.0,18.0
18/12/2006,14:11:00,1.594,0.0,240.29,6.6,0.0,0.0,17.0
18/12/2006,14:12:00,1.606,0.0,240.97,6.6,0.0,0.0,18.0
18/12/2006,14:13:00,1.616,0.0,241.34,6.6,0.0,0.0,18.0
18/12/2006,14:14:00,1.632,0.0,240.4,6.8,0.0,0.0,18.0
18/12/2006,14:15:00,1.718,0.092,240.53,7.0,0.0,0.0,17.0
18/12/2006,14:16:00,1.71,0.092,240.4,7.0,0.0,0.0,18.0
18/12/2006,14:17:00,1.708,0.092,241.17,7.0,0.0,0.0,18.0
18/12/2006,14:18:00,1.718,0.092,242.05,7.0,0.0,0.0,18.0
18/12/2006,14:19:00,1.82,0.094,241.39,7.4,0.0,0.0,18.0
18/12/2006,14:20:00,1.894,0.096,242.08,7.8,0.0,0.0,18.0
18/12/2006,14:21:00,1.876,0.09,240.91,7.8,0.0,0.0,18.0
18/12/2006,14:22:00,1.864,0.088,240.08,7.6,0.0,0.0,17.0
18/12/2006,14:23:00,1.86,0.086,239.35,7.6,0.0,0.0,18.0
18/12/2006,14:24:00,1.87,0.088,240.07,7.8,0.0,0.0,17.0
18/12/2006,14:25:00,1.876,0.09,240.56,7.8,0.0,0.0,18.0
18/12/2006,14:26:00,1.88,0.092,241.12,7.8,0.0,0.0,18.0
18/12/2006,14:27:00,1.866,0.088,240.61,7.6,0.0,0.0,18.0
18/12/2006,14:28:00,1.874,0.09,241.01,7.8,0.0,0.0,17.0
18/12/2006,14:29:00,1.864,0.084,240.59,7.6,0.0,0.0,18.0
18/12/2006,14:30:00,1.794,0.0,241.64,7.4,0.0,0.0,18.0
18/12/2006,14:31:00,1.796,0.0,241.68,7.4,0.0,0.0,18.0
18/12/2006,14:32:00,1.876,0.062,240.89,7.8,0.0,0.0,18.0
18/12/2006,14:33:00,1.876,0.064,242.14,7.6,0.0,0.0,18.0
18/12/2006,14:34:00,1.878,0.064,242.22,7.6,0.0,0.0,17.0
18/12/2006,14:35:00,1.882,0.066,242.62,7.6,0.0,0.0,18.0
18/12/2006,14:36:00,1.888,0.068,243.25,7.6,0.0,0.0,19.0
18/12/2006,14:37:00,1.89,0.068,243.64,7.6,0.0,0.0,18.0
18/12/2006,14:38:00,1.902,0.072,244.13,7.8,0.0,0.0,18.0
18/12/2006,14:39:00,1.898,0.07,243.69,7.8,0.0,0.0,18.0
18/12/2006,14:40:00,1.888,0.07,243.21,7.6,0.0,0.0,18.0
18/12/2006,14:41:00,1.894,0.07,243.75,7.6,0.0,0.0,18.0
18/12/2006,14:42:00,1.858,0.0,243.88,7.6,0.0,0.0,19.0
18/12/2006,14:43:00,1.826,0.0,243.84,7.4,0.0,0.0,18.0
18/12/2006,14:44:00,1.822,0.0,243.72,7.4,0.0,0.0,18.0
18/12/2006,14:45:00,1.828,0.0,244.37,7.4,0.0,0.0,18.0
18/12/2006,14:46:00,1.82,0.0,243.86,7.4,0.0,0.0,18.0
18/12/2006,14:47:00,1.818,0.0,243.77,7.4,0.0,0.0,19.0
18/12/2006,14:48:00,1.812,0.0,243.45,7.4,0.0,0.0,18.0
18/12/2006,14:49:00,1.804,0.0,242.76,7.4,0.0,0.0,18.0
18/12/2006,14:50:00,1.798,0.0,242.35,7.4,0.0,0.0,18.0
18/12/2006,14:51:00,1.814,0.0,243.38,7.4,0.0,0.0,18.0
18/12/2006,14:52:00,1.87,0.0,244.37,7.6,0.0,0.0,18.0
18/12/2006,14:53:00,1.934,0.102,243.78,7.8,0.0,0.0,18.0
18/12/2006,14:54:00,1.934,0.104,244.09,7.8,0.0,0.0,19.0
18/12/2006,14:55:00,1.928,0.102,243.73,7.8,0.0,0.0,18.0
18/12/2006,14:56:00,1.918,0.1,243.34,7.8,0.0,0.0,18.0
18/12/2006,14:57:00,1.902,0.096,242.36,7.8,0.0,0.0,18.0
18/12/2006,14:58:00,1.896,0.094,241.65,7.8,0.0,0.0,18.0
18/12/2006,14:59:00,1.886,0.092,240.99,7.8,0.0,0.0,17.0
18/12/2006,15:00:00,1.888,0.092,241.39,7.8,0.0,0.0,18.0
18/12/2006,15:01:00,1.886,0.092,241.14,7.8,0.0,0.0,18.0
18/12/2006,15:02:00,1.886,0.09,240.84,7.8,0.0,0.0,18.0
18/12/2006,15:03:00,2.09,0.09,241.25,8.6,0.0,0.0,18.0
18/12/2006,15:04:00,2.06,0.092,241.76,8.4,0.0,0.0,18.0
18/12/2006,15:05:00,1.888,0.096,241.97,7.8,0.0,0.0,17.0
18/12/2006,15:06:00,1.888,0.094,241.97,7.8,0.0,0.0,18.0
18/12/2006,15:07:00,1.88,0.0,242.99,7.6,0.0,0.0,18.0
18/12/2006,15:08:00,2.12,0.0,242.41,8.6,0.0,0.0,18.0
18/12/2006,15:09:00,2.116,0.0,241.92,8.6,0.0,0.0,18.0
18/12/2006,15:10:00,1.764,0.0,241.37,7.2,0.0,0.0,18.0
18/12/2006,15:11:00,1.794,0.0,242.11,7.4,0.0,0.0,18.0
18/12/2006,15:12:00,1.71,0.0,242.6,7.0,0.0,0.0,18.0
18/12/2006,15:13:00,1.708,0.064,242.25,7.0,0.0,0.0,18.0
18/12/2006,15:14:00,1.706,0.068,242.39,7.0,0.0,0.0,18.0
18/12/2006,15:15:00,1.702,0.072,242.52,7.0,0.0,0.0,18.0
18/12/2006,15:16:00,1.704,0.074,242.7,7.0,0.0,0.0,18.0
18/12/2006,15:17:00,1.702,0.074,242.67,7.0,0.0,0.0,18.0
18/12/2006,15:18:00,1.7,0.072,242.64,7.0,0.0,0.0,18.0
18/12/2006,15:19:00,1.684,0.07,241.94,6.8,0.0,0.0,18.0
18/12/2006,15:20:00,1.678,0.068,241.52,6.8,0.0,0.0,18.0
18/12/2006,15:21:00,1.68,0.068,241.82,6.8,0.0,0.0,18.0
18/12/2006,15:22:00,1.634,0.0,241.22,6.8,0.0,0.0,18.0
18/12/2006,15:23:00,1.62,0.0,241.87,6.6,0.0,0.0,18.0
18/12/2006,15:24:00,1.626,0.0,242.37,6.6,0.0,0.0,17.0
18/12/2006,15:25:00,1.626,0.0,242.44,6.6,0.0,0.0,18.0
18/12/2006,15:26:00,1.62,0.0,241.92,6.6,0.0,0.0,18.0
18/12/2006,15:27:00,1.734,0.0,240.97,7.2,0.0,0.0,18.0
18/12/2006,15:28:00,1.744,0.09,241.19,7.2,0.0,0.0,18.0
18/12/2006,15:29:00,1.8,0.088,241.21,7.4,0.0,2.0,18.0
18/12/2006,15:30:00,1.926,0.138,241.4,8.0,0.0,1.0,18.0
18/12/2006,15:31:00,2.096,0.22,241.09,8.6,0.0,1.0,17.0
18/12/2006,15:32:00,2.054,0.218,240.69,8.6,0.0,2.0,18.0
18/12/2006,15:33:00,1.828,0.228,241.97,7.6,0.0,1.0,18.0
18/12/2006,15:34:00,1.808,0.234,242.82,7.4,0.0,2.0,18.0
18/12/2006,15:35:00,1.808,0.234,243.04,7.4,0.0,1.0,18.0
18/12/2006,15:36:00,1.808,0.234,243.1,7.4,0.0,1.0,18.0
18/12/2006,15:37:00,1.812,0.236,243.49,7.4,0.0,2.0,18.0
18/12/2006,15:38:00,1.812,0.236,243.19,7.4,0.0,1.0,18.0
18/12/2006,15:39:00,1.814,0.238,243.5,7.4,0.0,2.0,19.0
18/12/2006,15:40:00,1.822,0.242,244.23,7.4,0.0,1.0,18.0
18/12/2006,15:41:00,1.806,0.236,243.17,7.4,0.0,1.0,18.0
18/12/2006,15:42:00,1.808,0.238,243.41,7.4,0.0,2.0,18.0
18/12/2006,15:43:00,1.816,0.242,244.08,7.4,0.0,1.0,18.0
18/12/2006,15:44:00,1.822,0.244,244.7,7.4,0.0,1.0,19.0
18/12/2006,15:45:00,1.766,0.164,244.61,7.2,0.0,1.0,18.0
18/12/2006,15:46:00,1.706,0.098,243.43,7.0,0.0,2.0,18.0
18/12/2006,15:47:00,1.7,0.096,243.1,7.0,0.0,1.0,18.0
18/12/2006,15:48:00,1.684,0.092,241.93,6.8,0.0,1.0,18.0
18/12/2006,15:49:00,1.688,0.094,242.22,7.0,0.0,1.0,18.0
18/12/2006,15:50:00,1.69,0.094,242.41,7.0,0.0,2.0,18.0
18/12/2006,15:51:00,1.686,0.094,242.17,6.8,0.0,1.0,18.0
18/12/2006,15:52:00,1.718,0.092,242.78,7.0,0.0,0.0,18.0
18/12/2006,15:53:00,1.714,0.08,243.54,7.0,0.0,0.0,18.0
18/12/2006,15:54:00,1.71,0.078,243.06,7.0,0.0,0.0,18.0
18/12/2006,15:55:00,1.708,0.078,243.02,7.0,0.0,0.0,18.0
18/12/2006,15:56:00,1.712,0.08,243.36,7.0,0.0,0.0,18.0
18/12/2006,15:57:00,1.714,0.08,243.59,7.0,0.0,0.0,18.0
18/12/2006,15:58:00,1.698,0.078,242.78,7.0,0.0,0.0,19.0
18/12/2006,15:59:00,1.686,0.074,242.17,6.8,0.0,0.0,17.0
18/12/2006,16:00:00,1.68,0.074,241.86,6.8,0.0,0.0,18.0
18/12/2006,16:01:00,1.686,0.074,242.31,6.8,0.0,0.0,18.0
18/12/2006,16:02:00,1.628,0.0,242.17,6.6,0.0,0.0,18.0
18/12/2006,16:03:00,1.622,0.0,242.81,6.6,0.0,0.0,18.0
18/12/2006,16:04:00,1.616,0.0,242.32,6.6,0.0,0.0,18.0
18/12/2006,16:05:00,1.61,0.0,241.7,6.6,0.0,0.0,18.0
18/12/2006,16:06:00,1.608,0.0,241.61,6.6,0.0,0.0,18.0
18/12/2006,16:07:00,1.614,0.0,242.05,6.6,0.0,0.0,18.0
18/12/2006,16:08:00,1.662,0.0,241.85,6.8,0.0,0.0,18.0
18/12/2006,16:09:00,1.73,0.106,242.08,7.0,0.0,0.0,18.0
18/12/2006,16:10:00,1.734,0.1,242.31,7.0,0.0,0.0,18.0
18/12/2006,16:11:00,1.734,0.094,242.45,7.0,0.0,0.0,18.0
18/12/2006,16:12:00,1.742,0.098,243.34,7.0,0.0,0.0,18.0
18/12/2006,16:13:00,1.748,0.1,243.83,7.2,0.0,0.0,18.0
18/12/2006,16:14:00,1.748,0.102,244.05,7.0,0.0,0.0,18.0
18/12/2006,16:15:00,1.738,0.106,243.76,7.0,0.0,0.0,18.0
18/12/2006,16:16:00,1.72,0.11,242.94,7.0,0.0,0.0,19.0
18/12/2006,16:17:00,1.72,0.11,242.9,7.0,0.0,0.0,18.0
18/12/2006,16:18:00,1.722,0.112,243.16,7.0,0.0,0.0,18.0
18/12/2006,16:19:00,1.7,0.104,241.45,7.0,0.0,0.0,17.0
18/12/2006,16:20:00,1.7,0.104,241.53,7.0,0.0,0.0,18.0
18/12/2006,16:21:00,1.714,0.11,242.57,7.0,0.0,0.0,18.0
18/12/2006,16:22:00,1.728,0.114,243.74,7.0,0.0,0.0,19.0
18/12/2006,16:23:00,1.696,0.054,243.83,6.8,0.0,0.0,18.0
18/12/2006,16:24:00,1.648,0.0,244.22,6.6,0.0,0.0,18.0
18/12/2006,16:25:00,1.646,0.0,244.63,6.6,0.0,0.0,18.0
18/12/2006,16:26:00,1.646,0.0,244.54,6.6,0.0,0.0,19.0
18/12/2006,16:27:00,1.646,0.0,244.51,6.6,0.0,0.0,18.0
18/12/2006,16:28:00,1.638,0.0,243.93,6.6,0.0,0.0,18.0
18/12/2006,16:29:00,1.644,0.0,244.37,6.6,0.0,0.0,18.0
18/12/2006,16:30:00,1.638,0.0,244.02,6.6,0.0,0.0,18.0
18/12/2006,16:31:00,1.642,0.0,244.3,6.6,0.0,0.0,19.0
18/12/2006,16:32:00,1.72,0.058,244.71,7.0,0.0,0.0,18.0
18/12/2006,16:33:00,1.714,0.082,244.04,7.0,0.0,0.0,18.0
18/12/2006,16:34:00,2.332,0.462,242.34,10.0,0.0,0.0,18.0
18/12/2006,16:35:00,2.544,0.582,241.14,11.0,0.0,0.0,18.0
18/12/2006,16:36:00,2.536,0.578,241.32,11.0,0.0,0.0,18.0
18/12/2006,16:37:00,2.622,0.582,241.44,11.2,0.0,0.0,18.0
18/12/2006,16:38:00,2.6,0.576,240.88,11.2,0.0,0.0,17.0
18/12/2006,16:39:00,2.55,0.58,240.89,11.0,0.0,0.0,18.0
18/12/2006,16:40:00,2.522,0.576,241.18,10.8,0.0,0.0,18.0
18/12/2006,16:41:00,2.518,0.576,240.96,10.8,0.0,0.0,18.0
18/12/2006,16:42:00,1.628,0.0,242.2,6.6,0.0,0.0,18.0
18/12/2006,16:43:00,2.154,0.302,242.02,9.2,0.0,0.0,18.0
18/12/2006,16:44:00,2.462,0.474,241.38,10.6,0.0,0.0,17.0
18/12/2006,16:45:00,2.456,0.472,241.2,10.4,0.0,0.0,18.0
18/12/2006,16:46:00,2.558,0.514,242.55,11.0,0.0,0.0,18.0
18/12/2006,16:47:00,2.714,0.646,242.59,11.6,0.0,0.0,18.0
18/12/2006,16:48:00,2.682,0.636,241.56,11.6,0.0,0.0,18.0
18/12/2006,16:49:00,2.466,0.498,241.91,10.6,0.0,0.0,18.0
18/12/2006,16:50:00,2.4,0.51,241.24,10.4,0.0,0.0,18.0
18/12/2006,16:51:00,2.578,0.598,241.13,11.0,0.0,0.0,18.0
18/12/2006,16:52:00,2.554,0.586,241.0,11.0,0.0,0.0,17.0
18/12/2006,16:53:00,1.724,0.11,242.44,7.0,0.0,0.0,18.0
18/12/2006,16:54:00,1.748,0.108,242.07,7.2,0.0,0.0,18.0
18/12/2006,16:55:00,1.828,0.104,241.95,7.4,0.0,0.0,18.0
18/12/2006,16:56:00,1.926,0.102,241.55,8.0,0.0,0.0,18.0
18/12/2006,16:57:00,1.908,0.096,240.36,7.8,0.0,0.0,18.0
18/12/2006,16:58:00,1.898,0.092,239.69,7.8,0.0,0.0,17.0
18/12/2006,16:59:00,1.868,0.094,239.96,7.8,0.0,0.0,18.0
18/12/2006,17:00:00,1.946,0.088,239.07,8.0,0.0,0.0,17.0
18/12/2006,17:01:00,1.804,0.0,240.26,7.4,0.0,0.0,18.0
18/12/2006,17:02:00,1.764,0.0,240.63,7.2,0.0,0.0,18.0
18/12/2006,17:03:00,1.752,0.0,239.65,7.2,0.0,0.0,17.0
18/12/2006,17:04:00,1.744,0.0,239.1,7.2,0.0,0.0,18.0
18/12/2006,17:05:00,1.752,0.0,239.72,7.2,0.0,0.0,17.0
18/12/2006,17:06:00,1.732,0.0,238.26,7.2,0.0,0.0,18.0
18/12/2006,17:07:00,1.736,0.0,238.49,7.2,0.0,0.0,17.0
18/12/2006,17:08:00,1.746,0.0,238.75,7.2,0.0,0.0,18.0
18/12/2006,17:09:00,1.742,0.0,238.41,7.2,0.0,0.0,17.0
18/12/2006,17:10:00,1.762,0.0,239.92,7.2,0.0,0.0,18.0
18/12/2006,17:11:00,1.854,0.0,239.33,7.6,0.0,0.0,17.0
18/12/2006,17:12:00,1.934,0.0,239.33,8.0,0.0,0.0,18.0
18/12/2006,17:13:00,2.24,0.06,238.75,9.4,0.0,0.0,17.0
18/12/2006,17:14:00,2.528,0.062,238.75,10.6,0.0,0.0,18.0
18/12/2006,17:15:00,2.804,0.058,238.25,11.6,0.0,0.0,17.0
18/12/2006,17:16:00,2.932,0.056,237.88,12.2,0.0,0.0,17.0
18/12/2006,17:17:00,3.046,0.064,238.39,12.8,0.0,0.0,18.0
18/12/2006,17:18:00,2.908,0.058,237.87,12.2,0.0,0.0,17.0
18/12/2006,17:19:00,2.618,0.058,238.09,11.0,0.0,0.0,17.0
18/12/2006,17:20:00,2.706,0.054,237.11,11.4,0.0,0.0,18.0
18/12/2006,17:21:00,2.77,0.052,237.91,11.6,0.0,0.0,17.0
18/12/2006,17:22:00,2.492,0.0,238.96,10.4,0.0,0.0,17.0
18/12/2006,17:23:00,1.95,0.0,239.13,8.0,0.0,0.0,18.0
18/12/2006,17:24:00,1.956,0.0,239.57,8.0,0.0,0.0,18.0
18/12/2006,17:25:00,2.068,0.122,239.48,8.6,0.0,0.0,17.0
18/12/2006,17:26:00,2.036,0.108,239.94,8.4,0.0,0.0,18.0
18/12/2006,17:27:00,1.876,0.094,240.22,7.8,0.0,0.0,17.0
18/12/2006,17:28:00,1.828,0.09,238.99,7.6,0.0,0.0,18.0
18/12/2006,17:29:00,1.818,0.088,238.35,7.6,0.0,0.0,17.0
18/12/2006,17:30:00,2.186,0.21,238.18,9.2,0.0,0.0,18.0
18/12/2006,17:31:00,1.982,0.086,238.54,8.2,0.0,0.0,17.0
18/12/2006,17:32:00,1.978,0.086,238.53,8.2,0.0,0.0,17.0
18/12/2006,17:33:00,1.97,0.084,238.41,8.2,0.0,0.0,18.0
18/12/2006,17:34:00,1.974,0.086,238.79,8.2,0.0,0.0,17.0
18/12/2006,17:35:00,1.988,0.09,239.7,8.2,0.0,0.0,18.0
18/12/2006,17:36:00,1.984,0.086,239.31,8.2,0.0,0.0,17.0
18/12/2006,17:37:00,2.316,0.29,238.64,10.0,0.0,0.0,18.0
18/12/2006,17:38:00,2.812,0.566,237.69,12.2,0.0,0.0,17.0
18/12/2006,17:39:00,2.776,0.522,237.55,12.0,0.0,0.0,17.0
18/12/2006,17:40:00,2.722,0.44,237.97,11.6,0.0,0.0,18.0
18/12/2006,17:41:00,2.392,0.248,238.13,10.4,0.0,0.0,17.0
18/12/2006,17:42:00,1.89,0.0,238.85,7.8,0.0,0.0,18.0
18/12/2006,17:43:00,1.896,0.0,239.3,7.8,0.0,0.0,17.0
18/12/2006,17:44:00,1.952,0.0,239.38,8.2,0.0,0.0,18.0
18/12/2006,17:45:00,1.978,0.078,239.38,8.2,0.0,1.0,17.0
18/12/2006,17:46:00,1.912,0.08,239.44,8.0,0.0,2.0,18.0
18/12/2006,17:47:00,1.8,0.08,239.06,7.4,0.0,1.0,17.0
18/12/2006,17:48:00,1.818,0.078,238.54,7.6,0.0,1.0,18.0
18/12/2006,17:49:00,1.87,0.08,239.22,7.8,0.0,2.0,17.0
18/12/2006,17:50:00,1.858,0.076,238.4,7.8,0.0,1.0,18.0
18/12/2006,17:51:00,1.868,0.078,238.83,7.8,0.0,1.0,17.0
18/12/2006,17:52:00,1.942,0.154,238.95,8.2,0.0,2.0,18.0
18/12/2006,17:53:00,2.252,0.182,238.9,9.4,0.0,1.0,17.0
18/12/2006,17:54:00,2.604,0.178,238.02,10.8,0.0,2.0,17.0
18/12/2006,17:55:00,2.652,0.18,238.25,11.0,0.0,1.0,18.0
18/12/2006,17:56:00,2.654,0.176,237.65,11.2,0.0,1.0,17.0
18/12/2006,17:57:00,2.646,0.174,237.32,11.0,0.0,2.0,17.0
18/12/2006,17:58:00,2.384,0.176,236.82,10.0,0.0,1.0,18.0
18/12/2006,17:59:00,2.394,0.192,237.44,10.0,0.0,1.0,17.0
18/12/2006,18:00:00,2.786,0.178,237.25,11.8,0.0,2.0,17.0
18/12/2006,18:01:00,2.728,0.128,236.52,11.4,0.0,1.0,17.0
18/12/2006,18:02:00,2.606,0.074,237.63,10.8,0.0,1.0,17.0
18/12/2006,18:03:00,2.496,0.184,238.25,10.4,0.0,2.0,18.0
18/12/2006,18:04:00,2.778,0.276,237.15,11.6,0.0,1.0,17.0
18/12/2006,18:05:00,2.598,0.212,236.56,11.0,0.0,1.0,17.0
18/12/2006,18:06:00,2.604,0.202,237.33,11.0,0.0,1.0,17.0
18/12/2006,18:07:00,2.61,0.204,237.6,11.0,0.0,1.0,18.0
18/12/2006,18:08:00,2.594,0.2,236.91,11.0,0.0,2.0,17.0
18/12/2006,18:09:00,2.582,0.196,235.98,10.8,0.0,1.0,17.0
18/12/2006,18:10:00,2.77,0.194,235.92,11.6,0.0,1.0,17.0
18/12/2006,18:11:00,2.814,0.138,235.49,11.8,0.0,1.0,17.0
18/12/2006,18:12:00,2.782,0.076,235.87,11.8,0.0,0.0,17.0
18/12/2006,18:13:00,2.62,0.078,235.62,11.0,0.0,0.0,17.0
18/12/2006,18:14:00,2.51,0.076,234.67,10.6,0.0,0.0,17.0
18/12/2006,18:15:00,2.52,0.072,233.77,10.8,0.0,0.0,17.0
18/12/2006,18:16:00,2.65,0.07,233.33,11.2,0.0,0.0,16.0
18/12/2006,18:17:00,2.684,0.078,233.58,11.4,0.0,0.0,17.0
18/12/2006,18:18:00,2.58,0.0,233.95,11.0,0.0,0.0,17.0
18/12/2006,18:19:00,2.55,0.054,232.74,10.8,0.0,0.0,16.0
18/12/2006,18:20:00,2.558,0.052,233.24,10.8,0.0,0.0,17.0
18/12/2006,18:21:00,2.678,0.048,235.79,11.2,0.0,0.0,17.0
18/12/2006,18:22:00,2.396,0.0,236.11,10.0,0.0,0.0,17.0
18/12/2006,18:23:00,2.442,0.0,236.13,10.2,0.0,0.0,17.0
18/12/2006,18:24:00,2.464,0.0,236.9,10.4,0.0,0.0,17.0
18/12/2006,18:25:00,2.472,0.0,237.35,10.4,0.0,0.0,18.0
18/12/2006,18:26:00,2.292,0.0,237.44,9.6,0.0,0.0,17.0
18/12/2006,18:27:00,1.88,0.048,237.91,7.8,0.0,0.0,17.0
18/12/2006,18:28:00,1.876,0.046,238.46,7.8,0.0,0.0,18.0
18/12/2006,18:29:00,1.708,0.046,237.84,7.2,0.0,0.0,17.0
18/12/2006,18:30:00,1.696,0.048,236.88,7.0,0.0,0.0,17.0
18/12/2006,18:31:00,1.688,0.048,236.4,7.0,0.0,0.0,17.0
18/12/2006,18:32:00,1.486,0.0,237.41,6.2,0.0,0.0,18.0
18/12/2006,18:33:00,2.08,0.054,236.53,8.8,0.0,0.0,17.0
18/12/2006,18:34:00,2.214,0.054,236.73,9.2,0.0,0.0,17.0
18/12/2006,18:35:00,2.212,0.052,236.5,9.2,0.0,0.0,17.0
18/12/2006,18:36:00,2.228,0.056,237.48,9.4,0.0,0.0,17.0
18/12/2006,18:37:00,2.224,0.058,237.95,9.2,0.0,0.0,18.0
18/12/2006,18:38:00,2.212,0.058,237.63,9.2,0.0,0.0,17.0
18/12/2006,18:39:00,2.226,0.06,238.53,9.2,0.0,0.0,17.0
18/12/2006,18:40:00,2.222,0.06,238.43,9.2,0.0,0.0,18.0
18/12/2006,18:41:00,2.24,0.072,237.97,9.4,0.0,0.0,17.0
18/12/2006,18:42:00,2.258,0.088,238.19,9.4,0.0,0.0,17.0
18/12/2006,18:43:00,2.266,0.092,238.99,9.4,0.0,0.0,18.0
18/12/2006,18:44:00,2.254,0.09,238.29,9.4,0.0,0.0,17.0
18/12/2006,18:45:00,2.238,0.086,237.36,9.4,0.0,0.0,18.0
18/12/2006,18:46:00,2.242,0.088,237.86,9.4,0.0,0.0,17.0
18/12/2006,18:47:00,2.254,0.088,237.61,9.4,0.0,0.0,17.0
18/12/2006,18:48:00,2.74,0.078,236.89,11.6,0.0,0.0,17.0
18/12/2006,18:49:00,2.786,0.084,238.15,11.6,0.0,0.0,18.0
18/12/2006,18:50:00,2.764,0.08,237.06,11.6,0.0,0.0,17.0
18/12/2006,18:51:00,2.636,0.086,237.03,11.0,0.0,0.0,17.0
18/12/2006,18:52:00,2.568,0.084,236.13,10.8,0.0,0.0,17.0
18/12/2006,18:53:00,2.56,0.084,235.77,10.8,0.0,0.0,17.0
18/12/2006,18:54:00,2.562,0.084,235.95,10.8,0.0,0.0,17.0
18/12/2006,18:55:00,2.56,0.084,235.88,10.8,0.0,0.0,17.0
18/12/2006,18:56:00,2.524,0.0,236.36,10.6,0.0,0.0,17.0
18/12/2006,18:57:00,2.48,0.0,236.46,10.4,0.0,0.0,18.0
18/12/2006,18:58:00,2.482,0.0,236.52,10.4,0.0,0.0,17.0
18/12/2006,18:59:00,1.622,0.0,237.88,7.0,0.0,0.0,3.0
18/12/2006,19:00:00,1.456,0.0,237.09,6.0,0.0,0.0,0.0
18/12/2006,19:01:00,1.456,0.0,237.06,6.0,0.0,0.0,0.0
18/12/2006,19:02:00,1.456,0.0,237.02,6.0,0.0,0.0,0.0
18/12/2006,19:03:00,1.452,0.0,236.81,6.0,0.0,0.0,0.0
18/12/2006,19:04:00,1.456,0.0,237.15,6.0,0.0,0.0,0.0
18/12/2006,19:05:00,1.466,0.0,238.07,6.0,0.0,0.0,0.0
18/12/2006,19:06:00,1.464,0.0,237.98,6.0,0.0,0.0,0.0
18/12/2006,19:07:00,1.364,0.0,238.0,5.6,0.0,0.0,0.0
18/12/2006,19:08:00,1.372,0.0,238.53,5.6,0.0,0.0,0.0
18/12/2006,19:09:00,1.38,0.0,238.47,5.8,0.0,0.0,0.0
18/12/2006,19:10:00,1.512,0.0,238.12,6.2,0.0,0.0,0.0
18/12/2006,19:11:00,1.634,0.0,237.83,6.8,0.0,0.0,0.0
18/12/2006,19:12:00,1.71,0.0,238.09,7.2,0.0,0.0,0.0
18/12/2006,19:13:00,2.028,0.406,236.34,8.8,0.0,0.0,0.0
18/12/2006,19:14:00,2.3,0.43,235.84,9.8,0.0,0.0,0.0
18/12/2006,19:15:00,2.318,0.412,235.34,10.0,0.0,0.0,0.0
18/12/2006,19:16:00,2.294,0.354,235.24,9.8,0.0,0.0,0.0
18/12/2006,19:17:00,2.05,0.216,235.93,8.6,0.0,0.0,0.0
18/12/2006,19:18:00,2.154,0.212,235.98,9.0,0.0,0.0,0.0
18/12/2006,19:19:00,3.536,0.194,234.56,15.6,0.0,22.0,0.0
18/12/2006,19:20:00,4.314,0.282,233.19,18.4,0.0,37.0,0.0
18/12/2006,19:21:00,4.25,0.312,233.86,18.2,0.0,36.0,0.0
18/12/2006,19:22:00,4.714,0.394,233.74,20.2,0.0,37.0,0.0
18/12/2006,19:23:00,4.642,0.4,233.62,19.8,0.0,36.0,0.0
18/12/2006,19:24:00,4.58,0.39,232.51,19.6,0.0,37.0,0.0
18/12/2006,19:25:00,4.684,0.384,231.98,20.2,0.0,36.0,0.0
18/12/2006,19:26:00,4.836,0.38,231.95,20.8,0.0,36.0,0.0
18/12/2006,19:27:00,4.762,0.368,231.97,20.6,0.0,37.0,0.0
18/12/2006,19:28:00,4.68,0.284,231.76,20.2,0.0,36.0,0.0
18/12/2006,19:29:00,4.678,0.282,231.85,20.2,0.0,36.0,0.0
18/12/2006,19:30:00,5.436,0.408,230.94,23.8,0.0,36.0,0.0
18/12/2006,19:31:00,6.158,0.442,229.08,27.0,0.0,36.0,0.0
18/12/2006,19:32:00,4.868,0.452,231.81,21.6,0.0,15.0,0.0
18/12/2006,19:33:00,4.3,0.432,232.62,18.8,0.0,3.0,0.0
18/12/2006,19:34:00,4.058,0.3,233.05,18.0,0.0,27.0,0.0
18/12/2006,19:35:00,3.758,0.472,233.68,16.4,0.0,0.0,0.0
18/12/2006,19:36:00,4.012,0.478,234.29,17.2,0.0,1.0,0.0
18/12/2006,19:37:00,3.166,0.336,235.1,13.8,0.0,1.0,0.0
18/12/2006,19:38:00,2.164,0.16,235.94,9.6,0.0,1.0,0.0
18/12/2006,19:39:00,1.786,0.118,236.38,7.6,0.0,1.0,0.0
18/12/2006,19:40:00,1.796,0.12,236.88,7.6,0.0,2.0,0.0
18/12/2006,19:41:00,1.772,0.148,236.8,7.4,0.0,1.0,0.0
18/12/2006,19:42:00,1.744,0.162,236.49,7.4,0.0,1.0,0.0
18/12/2006,19:43:00,1.724,0.148,235.9,7.2,0.0,1.0,0.0
18/12/2006,19:44:00,1.71,0.12,235.77,7.2,0.0,0.0,0.0
18/12/2006,19:45:00,1.742,0.124,236.56,7.4,0.0,1.0,0.0
18/12/2006,19:46:00,1.846,0.114,236.23,7.8,0.0,1.0,0.0
18/12/2006,19:47:00,1.876,0.114,235.24,8.0,0.0,2.0,0.0
18/12/2006,19:48:00,1.746,0.128,235.4,7.4,0.0,1.0,0.0
18/12/2006,19:49:00,1.718,0.148,235.02,7.2,0.0,1.0,0.0
18/12/2006,19:50:00,2.01,0.2,234.7,8.6,0.0,5.0,0.0
18/12/2006,19:51:00,1.994,0.198,235.29,8.4,0.0,6.0,0.0
18/12/2006,19:52:00,1.988,0.194,235.58,8.4,0.0,5.0,0.0
18/12/2006,19:53:00,1.986,0.194,235.67,8.4,0.0,5.0,0.0
18/12/2006,19:54:00,1.848,0.182,236.22,7.8,0.0,4.0,0.0
18/12/2006,19:55:00,1.506,0.0,236.68,6.4,0.0,0.0,0.0
18/12/2006,19:56:00,1.482,0.0,237.74,6.2,0.0,0.0,0.0
18/12/2006,19:57:00,1.574,0.104,237.49,6.6,0.0,0.0,0.0
18/12/2006,19:58:00,1.556,0.176,236.14,6.6,0.0,2.0,0.0
18/12/2006,19:59:00,1.548,0.174,235.18,6.6,0.0,1.0,0.0
18/12/2006,20:00:00,1.616,0.234,236.17,6.8,0.0,1.0,0.0
18/12/2006,20:01:00,1.666,0.306,236.3,7.2,0.0,2.0,0.0
18/12/2006,20:02:00,1.67,0.312,237.36,7.0,0.0,1.0,0.0
18/12/2006,20:03:00,1.666,0.312,237.83,7.0,0.0,2.0,0.0
18/12/2006,20:04:00,1.664,0.314,238.16,7.0,0.0,1.0,0.0
18/12/2006,20:05:00,1.66,0.312,237.88,7.0,0.0,2.0,0.0
18/12/2006,20:06:00,1.648,0.306,236.77,7.0,0.0,1.0,0.0
18/12/2006,20:07:00,1.66,0.306,236.72,7.0,0.0,1.0,0.0
18/12/2006,20:08:00,1.658,0.31,237.36,7.0,0.0,2.0,0.0
18/12/2006,20:09:00,1.798,0.298,235.8,7.8,0.0,1.0,0.0
18/12/2006,20:10:00,2.564,0.278,235.57,10.8,0.0,2.0,0.0
18/12/2006,20:11:00,2.56,0.276,234.7,10.8,0.0,1.0,0.0
18/12/2006,20:12:00,2.722,0.212,235.34,11.8,0.0,1.0,4.0
18/12/2006,20:13:00,3.33,0.174,232.93,14.2,0.0,1.0,18.0
18/12/2006,20:14:00,3.276,0.174,233.39,14.0,0.0,2.0,17.0
18/12/2006,20:15:00,3.36,0.098,234.33,14.2,0.0,1.0,17.0
18/12/2006,20:16:00,3.432,0.05,233.87,14.8,0.0,1.0,17.0
18/12/2006,20:17:00,4.516,0.0,232.91,19.4,0.0,2.0,17.0
18/12/2006,20:18:00,3.7,0.058,233.87,16.0,0.0,1.0,16.0
18/12/2006,20:19:00,3.836,0.076,234.13,16.6,0.0,1.0,17.0
18/12/2006,20:20:00,4.114,0.074,233.16,17.8,0.0,1.0,17.0
18/12/2006,20:21:00,3.386,0.05,232.32,14.6,0.0,1.0,17.0
18/12/2006,20:22:00,3.324,0.0,234.42,14.2,0.0,1.0,17.0
18/12/2006,20:23:00,3.28,0.058,234.07,14.0,0.0,0.0,16.0
18/12/2006,20:24:00,3.312,0.056,235.38,14.0,0.0,0.0,17.0
18/12/2006,20:25:00,3.304,0.058,234.85,14.0,0.0,0.0,17.0
18/12/2006,20:26:00,3.292,0.06,234.36,14.0,0.0,0.0,17.0
18/12/2006,20:27:00,3.268,0.06,233.32,14.0,0.0,0.0,17.0
18/12/2006,20:28:00,3.282,0.058,234.22,14.0,0.0,0.0,17.0
18/12/2006,20:29:00,3.264,0.058,233.86,14.0,0.0,0.0,16.0
18/12/2006,20:30:00,3.204,0.056,233.57,13.6,0.0,0.0,17.0
18/12/2006,20:31:00,2.956,0.056,233.64,12.8,0.0,0.0,17.0
18/12/2006,20:32:00,2.674,0.0,235.27,11.4,0.0,0.0,17.0
18/12/2006,20:33:00,2.786,0.0,236.82,11.8,0.0,0.0,17.0
18/12/2006,20:34:00,2.892,0.0,235.79,12.2,0.0,0.0,17.0
18/12/2006,20:35:00,2.958,0.0,235.59,12.6,0.0,0.0,17.0
18/12/2006,20:36:00,3.454,0.062,232.88,14.8,0.0,0.0,17.0
18/12/2006,20:37:00,3.414,0.07,232.06,14.8,0.0,0.0,16.0
18/12/2006,20:38:00,3.81,0.054,232.02,16.4,0.0,0.0,17.0
18/12/2006,20:39:00,3.612,0.054,232.36,15.6,0.0,0.0,16.0
18/12/2006,20:40:00,3.406,0.0,231.84,14.6,0.0,0.0,17.0
18/12/2006,20:41:00,3.342,0.128,232.04,14.4,0.0,0.0,16.0
18/12/2006,20:42:00,3.418,0.122,231.19,14.8,0.0,0.0,17.0
18/12/2006,20:43:00,3.43,0.128,233.0,14.8,0.0,0.0,16.0
18/12/2006,20:44:00,3.382,0.142,235.37,14.4,0.0,0.0,17.0
18/12/2006,20:45:00,3.38,0.142,235.43,14.4,0.0,0.0,17.0
18/12/2006,20:46:00,3.374,0.14,235.18,14.4,0.0,0.0,17.0
18/12/2006,20:47:00,3.418,0.148,235.52,14.6,0.0,0.0,17.0
18/12/2006,20:48:00,3.348,0.15,234.54,14.2,0.0,0.0,17.0
18/12/2006,20:49:00,3.416,0.15,234.01,14.6,0.0,0.0,17.0
18/12/2006,20:50:00,3.398,0.146,232.68,14.6,0.0,0.0,16.0
18/12/2006,20:51:00,3.394,0.078,234.61,14.6,0.0,0.0,17.0
18/12/2006,20:52:00,3.392,0.056,235.19,14.4,0.0,0.0,17.0
18/12/2006,20:53:00,3.314,0.052,235.14,14.2,0.0,0.0,17.0
18/12/2006,20:54:00,3.312,0.064,235.65,14.2,0.0,0.0,17.0
18/12/2006,20:55:00,3.302,0.068,235.24,14.0,0.0,0.0,17.0
18/12/2006,20:56:00,3.29,0.07,234.4,14.0,0.0,0.0,17.0
18/12/2006,20:57:00,3.264,0.072,233.18,14.0,0.0,0.0,17.0
18/12/2006,20:58:00,3.602,0.0,232.62,15.6,0.0,0.0,16.0
18/12/2006,20:59:00,3.264,0.076,233.28,14.0,0.0,0.0,17.0
18/12/2006,21:00:00,3.274,0.076,233.67,14.0,0.0,0.0,17.0
18/12/2006,21:01:00,3.27,0.078,233.54,14.0,0.0,0.0,16.0
18/12/2006,21:02:00,3.298,0.074,234.89,14.0,0.0,0.0,17.0
18/12/2006,21:03:00,3.316,0.072,235.82,14.2,0.0,0.0,17.0
18/12/2006,21:04:00,3.306,0.074,235.15,14.2,0.0,0.0,17.0
18/12/2006,21:05:00,3.298,0.076,234.93,14.0,0.0,0.0,17.0
18/12/2006,21:06:00,3.288,0.078,234.56,14.0,0.0,0.0,17.0
18/12/2006,21:07:00,3.282,0.078,234.28,14.0,0.0,0.0,17.0
18/12/2006,21:08:00,3.286,0.078,234.58,14.0,0.0,0.0,17.0
18/12/2006,21:09:00,3.284,0.08,234.34,14.0,0.0,0.0,17.0
18/12/2006,21:10:00,3.292,0.082,234.08,14.2,0.0,0.0,16.0
18/12/2006,21:11:00,3.32,0.08,235.35,14.2,0.0,0.0,17.0
18/12/2006,21:12:00,3.336,0.076,236.18,14.2,0.0,0.0,17.0
18/12/2006,21:13:00,2.464,0.07,236.0,10.6,0.0,0.0,4.0
18/12/2006,21:14:00,2.298,0.07,236.01,9.8,0.0,0.0,0.0
18/12/2006,21:15:00,2.302,0.07,236.67,9.8,0.0,0.0,0.0
18/12/2006,21:16:00,2.4,0.0,237.72,10.2,0.0,0.0,0.0
18/12/2006,21:17:00,2.386,0.058,237.51,10.2,0.0,0.0,0.0
18/12/2006,21:18:00,1.958,0.062,238.21,8.4,0.0,0.0,0.0
18/12/2006,21:19:00,1.958,0.082,238.44,8.4,0.0,0.0,0.0
18/12/2006,21:20:00,2.022,0.144,239.11,8.6,0.0,0.0,0.0
18/12/2006,21:21:00,2.044,0.186,239.41,8.6,0.0,0.0,0.0
18/12/2006,21:22:00,2.038,0.182,238.59,8.8,0.0,0.0,0.0
18/12/2006,21:23:00,2.03,0.182,238.12,8.6,0.0,0.0,0.0
18/12/2006,21:24:00,2.024,0.178,237.68,8.6,0.0,0.0,0.0
18/12/2006,21:25:00,2.046,0.186,238.96,8.8,0.0,0.0,0.0
18/12/2006,21:26:00,2.024,0.178,237.44,8.6,0.0,0.0,0.0
18/12/2006,21:27:00,2.006,0.174,236.2,8.6,0.0,0.0,0.0
18/12/2006,21:28:00,2.006,0.174,236.28,8.6,0.0,0.0,0.0
18/12/2006,21:29:00,2.0,0.172,235.8,8.6,0.0,0.0,0.0
18/12/2006,21:30:00,1.974,0.072,235.79,8.6,0.0,0.0,0.0
18/12/2006,21:31:00,1.868,0.052,236.61,8.0,0.0,0.0,0.0
18/12/2006,21:32:00,1.836,0.054,236.22,8.0,0.0,0.0,0.0
18/12/2006,21:33:00,1.842,0.05,236.86,8.0,0.0,0.0,0.0
18/12/2006,21:34:00,1.854,0.048,238.07,8.0,0.0,0.0,0.0
18/12/2006,21:35:00,1.866,0.0,239.07,8.0,0.0,0.0,0.0
18/12/2006,21:36:00,1.87,0.046,239.44,8.0,0.0,0.0,0.0
18/12/2006,21:37:00,1.868,0.046,239.37,8.0,0.0,0.0,0.0
18/12/2006,21:38:00,1.862,0.046,238.93,8.0,0.0,0.0,0.0
18/12/2006,21:39:00,1.85,0.05,237.99,8.0,0.0,0.0,0.0
18/12/2006,21:40:00,1.86,0.046,238.27,8.0,0.0,0.0,0.0
18/12/2006,21:41:00,1.952,0.05,238.12,8.4,0.0,0.0,0.0
18/12/2006,21:42:00,1.782,0.0,237.82,7.6,0.0,0.0,0.0
18/12/2006,21:43:00,1.644,0.0,237.6,7.0,0.0,0.0,0.0
18/12/2006,21:44:00,1.652,0.0,238.65,7.0,0.0,0.0,0.0
18/12/2006,21:45:00,1.654,0.0,239.24,7.0,0.0,0.0,0.0
18/12/2006,21:46:00,1.664,0.0,240.08,7.0,0.0,0.0,0.0
18/12/2006,21:47:00,1.658,0.0,239.28,7.0,0.0,0.0,0.0
18/12/2006,21:48:00,1.654,0.0,238.92,7.0,0.0,0.0,0.0
18/12/2006,21:49:00,1.664,0.0,239.68,7.0,0.0,0.0,0.0
18/12/2006,21:50:00,1.668,0.0,240.45,7.0,0.0,0.0,0.0
18/12/2006,21:51:00,1.658,0.054,241.24,6.8,0.0,0.0,0.0
18/12/2006,21:52:00,1.664,0.056,240.81,6.8,0.0,0.0,0.0
18/12/2006,21:53:00,1.506,0.056,240.53,6.2,0.0,0.0,0.0
18/12/2006,21:54:00,1.488,0.046,240.28,6.2,0.0,0.0,0.0
18/12/2006,21:55:00,1.504,0.076,240.01,6.2,0.0,0.0,0.0
18/12/2006,21:56:00,1.504,0.074,239.73,6.2,0.0,0.0,0.0
18/12/2006,21:57:00,1.49,0.07,239.05,6.2,0.0,0.0,0.0
18/12/2006,21:58:00,1.49,0.072,239.17,6.2,0.0,0.0,0.0
18/12/2006,21:59:00,1.482,0.07,238.65,6.2,0.0,0.0,0.0
18/12/2006,22:00:00,1.556,0.16,237.72,6.6,0.0,0.0,0.0
18/12/2006,22:01:00,1.542,0.166,237.52,6.6,0.0,0.0,0.0
18/12/2006,22:02:00,1.534,0.168,237.6,6.4,0.0,0.0,0.0
18/12/2006,22:03:00,1.48,0.168,237.42,6.2,0.0,0.0,0.0
18/12/2006,22:04:00,1.486,0.17,237.95,6.2,0.0,0.0,0.0
18/12/2006,22:05:00,1.488,0.174,238.72,6.2,0.0,0.0,0.0
18/12/2006,22:06:00,1.492,0.188,238.51,6.4,0.0,0.0,0.0
18/12/2006,22:07:00,1.482,0.178,238.46,6.2,0.0,0.0,0.0
18/12/2006,22:08:00,1.452,0.136,239.25,6.0,0.0,0.0,0.0
18/12/2006,22:09:00,1.378,0.0,239.88,5.8,0.0,0.0,0.0
18/12/2006,22:10:00,1.334,0.048,240.13,5.6,0.0,0.0,0.0
18/12/2006,22:11:00,1.332,0.048,239.84,5.6,0.0,0.0,0.0
18/12/2006,22:12:00,1.37,0.0,238.98,5.8,0.0,0.0,0.0
18/12/2006,22:13:00,1.406,0.066,238.87,5.8,0.0,1.0,0.0
18/12/2006,22:14:00,1.396,0.068,239.02,5.8,0.0,2.0,0.0
18/12/2006,22:15:00,1.39,0.062,238.05,5.8,0.0,1.0,0.0
18/12/2006,22:16:00,1.396,0.064,238.33,5.8,0.0,1.0,0.0
18/12/2006,22:17:00,1.408,0.07,239.9,5.8,0.0,2.0,0.0
18/12/2006,22:18:00,1.404,0.068,239.61,5.8,0.0,1.0,0.0
18/12/2006,22:19:00,1.4,0.066,239.05,5.8,0.0,2.0,0.0
18/12/2006,22:20:00,1.412,0.066,238.9,6.0,0.0,1.0,0.0
18/12/2006,22:21:00,1.42,0.07,240.05,6.0,0.0,1.0,0.0
18/12/2006,22:22:00,1.408,0.074,240.96,5.8,0.0,2.0,0.0
18/12/2006,22:23:00,1.414,0.078,241.95,5.8,0.0,1.0,0.0
18/12/2006,22:24:00,1.412,0.076,241.7,5.8,0.0,2.0,0.0
18/12/2006,22:25:00,1.418,0.076,241.71,5.8,0.0,1.0,0.0
18/12/2006,22:26:00,1.428,0.076,241.98,6.0,0.0,1.0,0.0
18/12/2006,22:27:00,1.424,0.078,242.49,5.8,0.0,2.0,0.0
18/12/2006,22:28:00,1.416,0.078,242.28,5.8,0.0,1.0,0.0
18/12/2006,22:29:00,1.404,0.076,241.47,5.8,0.0,1.0,0.0
18/12/2006,22:30:00,1.404,0.078,242.24,5.8,0.0,2.0,0.0
18/12/2006,22:31:00,1.396,0.074,241.05,5.8,0.0,1.0,0.0
18/12/2006,22:32:00,1.458,0.182,240.48,6.2,0.0,1.0,0.0
18/12/2006,22:33:00,1.502,0.204,240.26,6.2,0.0,1.0,0.0
18/12/2006,22:34:00,1.498,0.204,240.42,6.2,0.0,2.0,0.0
18/12/2006,22:35:00,1.502,0.208,241.14,6.2,0.0,1.0,0.0
18/12/2006,22:36:00,1.496,0.21,241.25,6.2,0.0,1.0,0.0
18/12/2006,22:37:00,1.384,0.104,242.72,5.6,0.0,0.0,0.0
18/12/2006,22:38:00,1.376,0.094,242.5,5.6,0.0,0.0,0.0
18/12/2006,22:39:00,1.374,0.094,242.51,5.6,0.0,0.0,0.0
18/12/2006,22:40:00,1.448,0.17,242.58,6.0,0.0,0.0,0.0
18/12/2006,22:41:00,1.45,0.202,242.4,6.0,0.0,0.0,0.0
18/12/2006,22:42:00,1.42,0.224,242.12,5.8,0.0,0.0,0.0
18/12/2006,22:43:00,1.412,0.22,241.54,5.8,0.0,0.0,0.0
18/12/2006,22:44:00,1.48,0.218,241.15,6.2,0.0,0.0,0.0
18/12/2006,22:45:00,2.51,0.342,239.64,11.0,0.0,8.0,0.0
18/12/2006,22:46:00,3.088,0.242,239.28,12.8,0.0,37.0,0.0
18/12/2006,22:47:00,2.73,0.21,240.0,12.0,0.0,27.0,0.0
18/12/2006,22:48:00,3.332,0.192,239.33,13.8,0.0,37.0,0.0
18/12/2006,22:49:00,2.556,0.144,240.21,11.6,0.0,27.0,0.0
18/12/2006,22:50:00,2.65,0.0,240.77,11.0,0.0,37.0,0.0
18/12/2006,22:51:00,2.65,0.0,240.34,11.0,0.0,36.0,0.0
18/12/2006,22:52:00,2.602,0.0,239.63,10.8,0.0,36.0,0.0
18/12/2006,22:53:00,2.536,0.0,240.08,10.4,0.0,37.0,0.0
18/12/2006,22:54:00,2.516,0.0,239.66,10.4,0.0,36.0,0.0
18/12/2006,22:55:00,2.546,0.046,240.42,10.6,0.0,36.0,0.0
18/12/2006,22:56:00,2.526,0.0,239.99,10.4,0.0,36.0,0.0
18/12/2006,22:57:00,2.536,0.0,240.05,10.4,0.0,37.0,0.0
18/12/2006,22:58:00,2.534,0.0,240.59,10.4,0.0,36.0,0.0
18/12/2006,22:59:00,2.534,0.0,240.04,10.4,0.0,36.0,0.0
18/12/2006,23:00:00,2.502,0.0,239.2,10.4,0.0,36.0,0.0
18/12/2006,23:01:00,2.498,0.0,238.25,10.4,0.0,36.0,0.0
18/12/2006,23:02:00,1.604,0.0,239.81,7.0,0.0,22.0,0.0
18/12/2006,23:03:00,2.062,0.0,238.97,8.8,0.0,27.0,0.0
18/12/2006,23:04:00,2.488,0.0,238.35,10.4,0.0,36.0,0.0
18/12/2006,23:05:00,2.062,0.048,240.18,8.8,0.0,29.0,0.0
18/12/2006,23:06:00,1.636,0.0,241.77,7.0,0.0,20.0,0.0
18/12/2006,23:07:00,2.554,0.048,241.25,10.6,0.0,37.0,0.0
18/12/2006,23:08:00,2.024,0.064,242.03,8.6,0.0,30.0,0.0
18/12/2006,23:09:00,1.606,0.096,242.66,6.8,0.0,20.0,0.0
18/12/2006,23:10:00,2.596,0.18,241.45,10.8,0.0,37.0,0.0
18/12/2006,23:11:00,2.03,0.23,242.79,8.8,0.0,28.0,0.0
18/12/2006,23:12:00,1.818,0.22,243.75,7.8,0.0,22.0,0.0
18/12/2006,23:13:00,2.628,0.226,243.06,10.8,0.0,37.0,0.0
18/12/2006,23:14:00,1.696,0.212,242.39,7.4,0.0,23.0,0.0
18/12/2006,23:15:00,2.112,0.218,241.31,9.0,0.0,28.0,0.0
18/12/2006,23:16:00,2.556,0.19,239.91,10.6,0.0,36.0,0.0
18/12/2006,23:17:00,1.53,0.226,241.9,6.6,0.0,20.0,0.0
18/12/2006,23:18:00,2.284,0.208,242.35,9.6,0.0,30.0,0.0
18/12/2006,23:19:00,2.264,0.218,241.84,9.6,0.0,32.0,0.0
18/12/2006,23:20:00,1.592,0.266,242.94,6.8,0.0,18.0,0.0
18/12/2006,23:21:00,2.7,0.33,243.33,11.0,0.0,37.0,0.0
18/12/2006,23:22:00,1.9,0.328,243.8,8.2,0.0,25.0,0.0
18/12/2006,23:23:00,2.102,0.338,243.57,9.0,0.0,26.0,0.0
18/12/2006,23:24:00,2.368,0.216,242.01,10.0,0.0,34.0,0.0
18/12/2006,23:25:00,1.366,0.156,241.85,5.8,0.0,17.0,0.0
18/12/2006,23:26:00,2.522,0.134,241.95,10.4,0.0,36.0,0.0
18/12/2006,23:27:00,1.77,0.162,243.93,7.6,0.0,26.0,0.0
18/12/2006,23:28:00,1.926,0.15,243.73,8.2,0.0,25.0,0.0
18/12/2006,23:29:00,2.346,0.134,241.97,9.8,0.0,35.0,0.0
18/12/2006,23:30:00,1.254,0.05,243.63,5.0,0.0,17.0,0.0
18/12/2006,23:31:00,2.466,0.0,243.05,10.0,0.0,36.0,0.0
18/12/2006,23:32:00,1.352,0.0,243.88,6.0,0.0,19.0,0.0
18/12/2006,23:33:00,2.014,0.048,243.22,8.6,0.0,29.0,0.0
18/12/2006,23:34:00,1.932,0.0,242.92,8.8,0.0,28.0,0.0
18/12/2006,23:35:00,1.52,0.054,243.98,6.6,0.0,22.0,0.0
18/12/2006,23:36:00,1.812,0.0,243.62,8.4,0.0,25.0,0.0
18/12/2006,23:37:00,2.182,0.0,242.98,9.2,0.0,33.0,0.0
18/12/2006,23:38:00,1.146,0.0,244.26,5.2,0.0,14.0,0.0
18/12/2006,23:39:00,2.472,0.0,242.84,10.0,0.0,37.0,0.0
18/12/2006,23:40:00,1.296,0.0,244.2,6.0,0.0,19.0,0.0
18/12/2006,23:41:00,2.006,0.0,243.5,8.6,0.0,28.0,0.0
18/12/2006,23:42:00,0.558,0.054,245.09,3.0,0.0,7.0,0.0
18/12/2006,23:43:00,0.464,0.068,244.92,1.8,0.0,4.0,0.0
18/12/2006,23:44:00,0.432,0.054,244.37,1.8,0.0,3.0,0.0
18/12/2006,23:45:00,0.462,0.064,244.48,1.8,0.0,3.0,0.0
18/12/2006,23:46:00,0.43,0.054,244.43,1.8,0.0,4.0,0.0
18/12/2006,23:47:00,0.46,0.062,244.16,1.8,0.0,3.0,0.0
18/12/2006,23:48:00,0.534,0.172,244.55,2.4,0.0,3.0,0.0
18/12/2006,23:49:00,0.57,0.206,244.91,2.4,0.0,4.0,0.0
18/12/2006,23:50:00,0.428,0.2,245.12,2.0,0.0,1.0,0.0
18/12/2006,23:51:00,0.442,0.266,245.21,2.0,0.0,2.0,0.0
18/12/2006,23:52:00,0.442,0.266,244.93,2.0,0.0,2.0,0.0
18/12/2006,23:53:00,0.448,0.262,244.19,2.2,0.0,1.0,0.0
18/12/2006,23:54:00,0.426,0.25,242.79,2.0,0.0,2.0,0.0
18/12/2006,23:55:00,0.44,0.246,241.45,2.0,0.0,2.0,0.0
18/12/2006,23:56:00,0.42,0.242,241.32,2.0,0.0,1.0,0.0
18/12/2006,23:57:00,0.436,0.244,240.86,2.0,0.0,2.0,0.0
18/12/2006,23:58:00,0.416,0.242,241.13,2.0,0.0,1.0,0.0
18/12/2006,23:59:00,0.434,0.248,241.27,2.0,0.0,2.0,0.0
19/12/2006,00:00:00,0.414,0.242,241.19,2.0,0.0,1.0,0.0
19/12/2006,00:01:00,0.504,0.326,241.5,2.6,0.0,2.0,0.0
19/12/2006,00:02:00,0.408,0.234,241.77,2.0,0.0,2.0,0.0
19/12/2006,00:03:00,0.416,0.224,242.35,2.0,0.0,1.0,0.0
19/12/2006,00:04:00,0.394,0.214,241.84,1.8,0.0,2.0,0.0
19/12/2006,00:05:00,0.41,0.22,241.96,2.0,0.0,1.0,0.0
19/12/2006,00:06:00,0.39,0.218,242.6,1.8,0.0,1.0,0.0
19/12/2006,00:07:00,0.408,0.222,242.7,2.0,0.0,2.0,0.0
19/12/2006,00:08:00,0.388,0.218,242.72,1.8,0.0,1.0,0.0
19/12/2006,00:09:00,0.406,0.226,243.45,2.0,0.0,2.0,0.0
19/12/2006,00:10:00,0.338,0.15,243.26,1.6,0.0,1.0,0.0
19/12/2006,00:11:00,0.334,0.122,243.69,1.4,0.0,2.0,0.0
19/12/2006,00:12:00,0.314,0.112,242.93,1.4,0.0,1.0,0.0
19/12/2006,00:13:00,0.332,0.116,242.77,1.4,0.0,2.0,0.0
19/12/2006,00:14:00,0.314,0.112,242.92,1.4,0.0,1.0,0.0
19/12/2006,00:15:00,0.332,0.116,242.65,1.4,0.0,1.0,0.0
19/12/2006,00:16:00,0.296,0.084,242.73,1.4,0.0,1.0,0.0
19/12/2006,00:17:00,0.26,0.0,243.46,1.2,0.0,1.0,0.0
19/12/2006,00:18:00,0.242,0.0,244.63,1.0,0.0,0.0,0.0
19/12/2006,00:19:00,0.262,0.0,244.58,1.2,0.0,0.0,0.0
19/12/2006,00:20:00,0.244,0.0,245.23,1.0,0.0,0.0,0.0
19/12/2006,00:21:00,0.262,0.0,244.98,1.2,0.0,0.0,0.0
19/12/2006,00:22:00,0.254,0.0,244.45,1.2,0.0,0.0,0.0
19/12/2006,00:23:00,0.25,0.0,244.28,1.0,0.0,1.0,0.0
19/12/2006,00:24:00,0.26,0.0,243.93,1.2,0.0,0.0,0.0
19/12/2006,00:25:00,0.24,0.0,243.21,1.0,0.0,0.0,0.0
19/12/2006,00:26:00,0.334,0.07,243.56,1.6,0.0,0.0,0.0
19/12/2006,00:27:00,0.352,0.126,243.14,1.6,0.0,0.0,0.0
19/12/2006,00:28:00,0.366,0.13,243.1,1.6,0.0,1.0,0.0
19/12/2006,00:29:00,0.346,0.126,243.46,1.6,0.0,0.0,0.0
19/12/2006,00:30:00,0.362,0.132,243.61,1.6,0.0,0.0,0.0
19/12/2006,00:31:00,0.344,0.132,244.29,1.6,0.0,0.0,0.0
19/12/2006,00:32:00,0.984,0.124,242.85,4.6,0.0,0.0,8.0
19/12/2006,00:33:00,1.446,0.108,241.12,6.0,0.0,0.0,19.0
19/12/2006,00:34:00,1.454,0.114,241.4,6.0,0.0,0.0,18.0
19/12/2006,00:35:00,1.422,0.11,241.4,5.8,0.0,0.0,18.0
19/12/2006,00:36:00,1.428,0.112,240.88,5.8,0.0,1.0,18.0
19/12/2006,00:37:00,1.41,0.11,241.26,5.8,0.0,0.0,18.0
19/12/2006,00:38:00,1.426,0.114,241.27,5.8,0.0,0.0,18.0
19/12/2006,00:39:00,1.398,0.106,240.68,5.8,0.0,0.0,18.0
19/12/2006,00:40:00,1.346,0.0,240.51,5.6,0.0,0.0,18.0
19/12/2006,00:41:00,1.306,0.0,240.74,5.4,0.0,0.0,17.0
19/12/2006,00:42:00,1.382,0.0,240.49,5.8,0.0,1.0,18.0
19/12/2006,00:43:00,1.38,0.076,240.64,5.6,0.0,0.0,18.0
19/12/2006,00:44:00,1.396,0.08,240.48,5.8,0.0,0.0,18.0
19/12/2006,00:45:00,1.376,0.074,240.39,5.6,0.0,0.0,17.0
19/12/2006,00:46:00,1.404,0.084,241.39,5.8,0.0,0.0,18.0
19/12/2006,00:47:00,1.384,0.078,241.5,5.6,0.0,0.0,18.0
19/12/2006,00:48:00,1.408,0.086,241.98,5.8,0.0,1.0,18.0
19/12/2006,00:49:00,1.466,0.114,241.39,6.0,0.0,1.0,18.0
19/12/2006,00:50:00,1.592,0.144,241.63,6.6,0.0,3.0,18.0
19/12/2006,00:51:00,1.532,0.064,241.58,6.2,0.0,4.0,18.0
19/12/2006,00:52:00,1.514,0.0,241.19,6.2,0.0,3.0,17.0
19/12/2006,00:53:00,1.508,0.0,240.59,6.2,0.0,4.0,18.0
19/12/2006,00:54:00,1.488,0.0,239.13,6.2,0.0,3.0,18.0
19/12/2006,00:55:00,1.488,0.0,238.88,6.2,0.0,3.0,17.0
19/12/2006,00:56:00,1.478,0.0,238.3,6.2,0.0,4.0,17.0
19/12/2006,00:57:00,1.422,0.0,239.24,5.8,0.0,2.0,18.0
19/12/2006,00:58:00,1.3,0.0,240.37,5.4,0.0,0.0,18.0
19/12/2006,00:59:00,1.314,0.0,240.05,5.4,0.0,1.0,17.0
19/12/2006,01:00:00,1.292,0.0,239.71,5.4,0.0,0.0,18.0
19/12/2006,01:01:00,1.314,0.0,240.03,5.4,0.0,0.0,17.0
19/12/2006,01:02:00,0.682,0.0,240.87,3.6,0.0,0.0,9.0
19/12/2006,01:03:00,0.256,0.0,241.39,1.2,0.0,0.0,0.0
19/12/2006,01:04:00,0.264,0.0,240.96,1.2,0.0,0.0,0.0
19/12/2006,01:05:00,0.366,0.122,240.8,1.6,0.0,0.0,0.0
19/12/2006,01:06:00,0.342,0.116,240.53,1.6,0.0,0.0,0.0
19/12/2006,01:07:00,0.36,0.122,241.05,1.6,0.0,1.0,0.0
19/12/2006,01:08:00,0.34,0.12,241.41,1.4,0.0,0.0,0.0
19/12/2006,01:09:00,0.356,0.124,241.39,1.6,0.0,0.0,0.0
19/12/2006,01:10:00,0.336,0.12,241.2,1.4,0.0,0.0,0.0
19/12/2006,01:11:00,0.352,0.122,240.94,1.6,0.0,0.0,0.0
19/12/2006,01:12:00,0.334,0.12,241.1,1.4,0.0,0.0,0.0
19/12/2006,01:13:00,0.352,0.124,241.19,1.6,0.0,1.0,0.0
19/12/2006,01:14:00,0.33,0.118,240.65,1.4,0.0,0.0,0.0
19/12/2006,01:15:00,0.35,0.124,241.24,1.6,0.0,0.0,0.0
19/12/2006,01:16:00,0.34,0.122,241.47,1.6,0.0,0.0,0.0
19/12/2006,01:17:00,0.34,0.124,241.88,1.6,0.0,0.0,0.0
19/12/2006,01:18:00,0.298,0.052,242.42,1.4,0.0,1.0,0.0
19/12/2006,01:19:00,0.238,0.0,242.83,1.0,0.0,0.0,0.0
19/12/2006,01:20:00,0.258,0.0,242.31,1.2,0.0,0.0,0.0
19/12/2006,01:21:00,0.24,0.0,242.28,1.0,0.0,0.0,0.0
19/12/2006,01:22:00,0.258,0.0,242.21,1.2,0.0,0.0,0.0
19/12/2006,01:23:00,0.274,0.0,241.64,1.4,0.0,0.0,0.0
19/12/2006,01:24:00,0.334,0.096,241.2,1.4,0.0,1.0,0.0
19/12/2006,01:25:00,0.316,0.092,241.67,1.4,0.0,0.0,0.0
19/12/2006,01:26:00,0.334,0.096,241.73,1.4,0.0,0.0,0.0
19/12/2006,01:27:00,0.318,0.094,242.49,1.4,0.0,0.0,0.0
19/12/2006,01:28:00,0.334,0.098,242.19,1.4,0.0,0.0,0.0
19/12/2006,01:29:00,0.314,0.096,242.57,1.4,0.0,0.0,0.0
19/12/2006,01:30:00,0.332,0.1,242.32,1.4,0.0,1.0,0.0
19/12/2006,01:31:00,0.312,0.096,242.53,1.4,0.0,0.0,0.0
19/12/2006,01:32:00,0.278,0.0,242.02,1.2,0.0,0.0,0.0
19/12/2006,01:33:00,0.24,0.0,242.14,1.0,0.0,0.0,0.0
19/12/2006,01:34:00,0.258,0.0,242.38,1.2,0.0,0.0,0.0
19/12/2006,01:35:00,0.24,0.0,242.67,1.0,0.0,0.0,0.0
19/12/2006,01:36:00,0.26,0.0,242.67,1.2,0.0,0.0,0.0
19/12/2006,01:37:00,0.24,0.0,242.42,1.0,0.0,0.0,0.0
19/12/2006,01:38:00,0.258,0.0,241.68,1.2,0.0,1.0,0.0
19/12/2006,01:39:00,0.238,0.0,241.87,1.0,0.0,0.0,0.0
19/12/2006,01:40:00,0.258,0.0,242.2,1.2,0.0,0.0,0.0
19/12/2006,01:41:00,0.238,0.0,242.03,1.0,0.0,0.0,0.0
19/12/2006,01:42:00,0.258,0.0,241.94,1.2,0.0,0.0,0.0
19/12/2006,01:43:00,0.33,0.084,242.27,1.6,0.0,0.0,0.0
19/12/2006,01:44:00,0.37,0.13,242.66,1.6,0.0,1.0,0.0
19/12/2006,01:45:00,0.346,0.126,242.69,1.6,0.0,0.0,0.0
19/12/2006,01:46:00,0.364,0.13,242.71,1.6,0.0,0.0,0.0
19/12/2006,01:47:00,0.356,0.128,242.72,1.6,0.0,0.0,0.0
19/12/2006,01:48:00,0.346,0.124,242.17,1.6,0.0,0.0,0.0
19/12/2006,01:49:00,0.358,0.128,242.11,1.6,0.0,1.0,0.0
19/12/2006,01:50:00,0.338,0.124,242.16,1.4,0.0,0.0,0.0
19/12/2006,01:51:00,0.354,0.128,241.98,1.6,0.0,0.0,0.0
19/12/2006,01:52:00,0.336,0.124,242.16,1.4,0.0,0.0,0.0
19/12/2006,01:53:00,0.352,0.128,242.03,1.6,0.0,0.0,0.0
19/12/2006,01:54:00,0.334,0.122,241.92,1.4,0.0,0.0,0.0
19/12/2006,01:55:00,0.366,0.132,241.82,1.8,0.0,1.0,0.0
19/12/2006,01:56:00,0.392,0.202,241.09,1.8,0.0,1.0,0.0
19/12/2006,01:57:00,0.342,0.116,241.77,1.6,0.0,2.0,0.0
19/12/2006,01:58:00,0.322,0.11,241.79,1.4,0.0,1.0,0.0
19/12/2006,01:59:00,0.344,0.118,242.23,1.6,0.0,2.0,0.0
19/12/2006,02:00:00,0.326,0.114,242.53,1.4,0.0,2.0,0.0
19/12/2006,02:01:00,0.346,0.122,243.44,1.6,0.0,1.0,0.0
19/12/2006,02:02:00,0.328,0.124,245.11,1.4,0.0,2.0,0.0
19/12/2006,02:03:00,0.346,0.128,244.69,1.6,0.0,1.0,0.0
19/12/2006,02:04:00,0.328,0.124,244.73,1.4,0.0,2.0,0.0
19/12/2006,02:05:00,0.388,0.162,244.43,1.8,0.0,2.0,0.0
19/12/2006,02:06:00,0.4,0.23,244.51,1.8,0.0,1.0,0.0
19/12/2006,02:07:00,0.418,0.23,243.75,2.0,0.0,2.0,0.0
19/12/2006,02:08:00,0.4,0.226,243.89,1.8,0.0,1.0,0.0
19/12/2006,02:09:00,0.418,0.234,244.21,2.0,0.0,2.0,0.0
19/12/2006,02:10:00,0.396,0.226,243.95,1.8,0.0,1.0,0.0
19/12/2006,02:11:00,0.412,0.232,244.07,2.0,0.0,2.0,0.0
19/12/2006,02:12:00,0.392,0.232,245.08,1.8,0.0,1.0,0.0
19/12/2006,02:13:00,0.41,0.238,245.15,2.0,0.0,2.0,0.0
19/12/2006,02:14:00,0.324,0.132,245.26,1.4,0.0,1.0,0.0
19/12/2006,02:15:00,0.338,0.13,245.07,1.6,0.0,1.0,0.0
19/12/2006,02:16:00,0.322,0.126,245.34,1.4,0.0,2.0,0.0
19/12/2006,02:17:00,0.336,0.13,245.57,1.4,0.0,1.0,0.0
19/12/2006,02:18:00,0.336,0.132,245.87,1.6,0.0,2.0,0.0
19/12/2006,02:19:00,0.322,0.128,246.02,1.4,0.0,1.0,0.0
19/12/2006,02:20:00,0.334,0.126,246.29,1.4,0.0,2.0,0.0
19/12/2006,02:21:00,0.276,0.0,246.15,1.2,0.0,0.0,0.0
19/12/2006,02:22:00,0.378,0.148,246.38,1.6,0.0,0.0,0.0
19/12/2006,02:23:00,0.356,0.144,246.76,1.6,0.0,0.0,0.0
19/12/2006,02:24:00,0.372,0.152,247.01,1.6,0.0,0.0,0.0
19/12/2006,02:25:00,0.352,0.146,247.18,1.6,0.0,0.0,0.0
19/12/2006,02:26:00,0.37,0.154,247.29,1.6,0.0,1.0,0.0
19/12/2006,02:27:00,0.35,0.15,247.71,1.6,0.0,0.0,0.0
19/12/2006,02:28:00,0.368,0.154,247.46,1.6,0.0,0.0,0.0
19/12/2006,02:29:00,0.346,0.148,247.29,1.6,0.0,0.0,0.0
19/12/2006,02:30:00,0.364,0.152,246.92,1.6,0.0,0.0,0.0
19/12/2006,02:31:00,0.344,0.146,246.99,1.6,0.0,0.0,0.0
19/12/2006,02:32:00,0.36,0.146,245.78,1.6,0.0,1.0,0.0
19/12/2006,02:33:00,0.34,0.14,245.59,1.6,0.0,0.0,0.0
19/12/2006,02:34:00,0.36,0.146,245.97,1.6,0.0,0.0,0.0
19/12/2006,02:35:00,0.256,0.0,246.01,1.2,0.0,0.0,0.0
19/12/2006,02:36:00,0.266,0.0,245.6,1.2,0.0,0.0,0.0
19/12/2006,02:37:00,0.246,0.0,245.82,1.0,0.0,0.0,0.0
19/12/2006,02:38:00,0.268,0.0,246.59,1.2,0.0,0.0,0.0
19/12/2006,02:39:00,0.25,0.0,247.04,1.0,0.0,0.0,0.0
19/12/2006,02:40:00,0.266,0.0,246.51,1.2,0.0,1.0,0.0
19/12/2006,02:41:00,0.248,0.0,246.85,1.0,0.0,0.0,0.0
19/12/2006,02:42:00,0.268,0.0,246.85,1.2,0.0,0.0,0.0
19/12/2006,02:43:00,0.248,0.0,246.45,1.0,0.0,0.0,0.0
19/12/2006,02:44:00,0.266,0.0,246.56,1.2,0.0,0.0,0.0
19/12/2006,02:45:00,0.248,0.0,246.56,1.0,0.0,0.0,0.0
19/12/2006,02:46:00,0.266,0.0,246.42,1.2,0.0,1.0,0.0
19/12/2006,02:47:00,0.274,0.0,246.22,1.4,0.0,0.0,0.0
19/12/2006,02:48:00,0.336,0.114,246.19,1.4,0.0,0.0,0.0
19/12/2006,02:49:00,0.342,0.112,245.68,1.6,0.0,0.0,0.0
19/12/2006,02:50:00,0.324,0.108,245.87,1.4,0.0,0.0,0.0
19/12/2006,02:51:00,0.342,0.112,245.59,1.6,0.0,1.0,0.0
19/12/2006,02:52:00,0.322,0.106,245.69,1.4,0.0,0.0,0.0
19/12/2006,02:53:00,0.342,0.116,246.52,1.6,0.0,0.0,0.0
19/12/2006,02:54:00,0.322,0.11,246.65,1.4,0.0,0.0,0.0
19/12/2006,02:55:00,0.338,0.114,245.87,1.4,0.0,0.0,0.0
19/12/2006,02:56:00,0.266,0.0,245.84,1.2,0.0,0.0,0.0
19/12/2006,02:57:00,0.264,0.0,245.65,1.2,0.0,1.0,0.0
19/12/2006,02:58:00,0.246,0.0,245.31,1.0,0.0,0.0,0.0
19/12/2006,02:59:00,0.264,0.0,244.99,1.2,0.0,0.0,0.0
19/12/2006,03:00:00,0.328,0.086,245.68,1.6,0.0,0.0,0.0
19/12/2006,03:01:00,0.378,0.146,246.11,1.6,0.0,0.0,0.0
19/12/2006,03:02:00,0.354,0.144,246.55,1.6,0.0,0.0,0.0
19/12/2006,03:03:00,0.372,0.15,246.76,1.6,0.0,1.0,0.0
19/12/2006,03:04:00,0.35,0.142,246.25,1.6,0.0,0.0,0.0
19/12/2006,03:05:00,0.37,0.15,246.77,1.6,0.0,0.0,0.0
19/12/2006,03:06:00,0.348,0.144,246.65,1.6,0.0,0.0,0.0
19/12/2006,03:07:00,0.364,0.146,245.84,1.6,0.0,0.0,0.0
19/12/2006,03:08:00,0.346,0.14,245.91,1.6,0.0,0.0,0.0
19/12/2006,03:09:00,0.362,0.146,245.89,1.6,0.0,1.0,0.0
19/12/2006,03:10:00,0.342,0.138,245.29,1.6,0.0,0.0,0.0
19/12/2006,03:11:00,0.36,0.144,245.67,1.6,0.0,0.0,0.0
19/12/2006,03:12:00,0.338,0.134,244.6,1.4,0.0,0.0,0.0
19/12/2006,03:13:00,0.312,0.074,244.54,1.4,0.0,0.0,0.0
19/12/2006,03:14:00,0.244,0.0,244.99,1.0,0.0,0.0,0.0
19/12/2006,03:15:00,0.262,0.0,244.96,1.2,0.0,0.0,0.0
19/12/2006,03:16:00,0.242,0.0,244.17,1.0,0.0,0.0,0.0
19/12/2006,03:17:00,0.26,0.0,243.85,1.2,0.0,1.0,0.0
19/12/2006,03:18:00,0.252,0.0,244.28,1.2,0.0,0.0,0.0
19/12/2006,03:19:00,0.252,0.0,244.67,1.0,0.0,0.0,0.0
19/12/2006,03:20:00,0.264,0.0,245.82,1.2,0.0,0.0,0.0
19/12/2006,03:21:00,0.246,0.0,246.02,1.0,0.0,0.0,0.0
19/12/2006,03:22:00,0.266,0.0,245.11,1.2,0.0,1.0,0.0
19/12/2006,03:23:00,0.248,0.0,245.31,1.0,0.0,0.0,0.0
19/12/2006,03:24:00,0.268,0.0,245.64,1.2,0.0,0.0,0.0
19/12/2006,03:25:00,0.246,0.0,245.34,1.0,0.0,0.0,0.0
19/12/2006,03:26:00,0.264,0.0,244.85,1.2,0.0,0.0,0.0
19/12/2006,03:27:00,0.244,0.0,244.59,1.0,0.0,0.0,0.0
19/12/2006,03:28:00,0.258,0.0,242.13,1.2,0.0,1.0,0.0
19/12/2006,03:29:00,0.242,0.0,242.98,1.0,0.0,0.0,0.0
19/12/2006,03:30:00,0.29,0.0,242.82,1.4,0.0,0.0,0.0
19/12/2006,03:31:00,0.318,0.096,243.12,1.4,0.0,0.0,0.0
19/12/2006,03:32:00,0.336,0.102,243.16,1.4,0.0,0.0,0.0
19/12/2006,03:33:00,0.318,0.098,243.43,1.4,0.0,0.0,0.0
19/12/2006,03:34:00,0.338,0.104,243.65,1.4,0.0,1.0,0.0
19/12/2006,03:35:00,0.318,0.098,243.77,1.4,0.0,0.0,0.0
19/12/2006,03:36:00,0.334,0.104,243.73,1.4,0.0,0.0,0.0
19/12/2006,03:37:00,0.312,0.096,242.93,1.4,0.0,0.0,0.0
19/12/2006,03:38:00,0.322,0.088,242.78,1.4,0.0,0.0,0.0
19/12/2006,03:39:00,0.348,0.106,242.82,1.6,0.0,0.0,0.0
19/12/2006,03:40:00,0.368,0.13,242.9,1.6,0.0,1.0,0.0
19/12/2006,03:41:00,0.346,0.126,243.07,1.6,0.0,0.0,0.0
19/12/2006,03:42:00,0.364,0.134,243.54,1.6,0.0,0.0,0.0
19/12/2006,03:43:00,0.344,0.13,243.83,1.6,0.0,0.0,0.0
19/12/2006,03:44:00,0.362,0.134,243.65,1.6,0.0,0.0,0.0
19/12/2006,03:45:00,0.342,0.13,243.75,1.6,0.0,0.0,0.0
19/12/2006,03:46:00,0.36,0.138,244.48,1.6,0.0,0.0,0.0
19/12/2006,03:47:00,0.34,0.132,244.4,1.4,0.0,0.0,0.0
19/12/2006,03:48:00,0.36,0.136,244.17,1.6,0.0,1.0,0.0
19/12/2006,03:49:00,0.354,0.136,244.57,1.6,0.0,0.0,0.0
19/12/2006,03:50:00,0.348,0.138,245.4,1.6,0.0,0.0,0.0
19/12/2006,03:51:00,0.358,0.14,244.69,1.6,0.0,0.0,0.0
19/12/2006,03:52:00,0.264,0.0,244.98,1.2,0.0,0.0,0.0
19/12/2006,03:53:00,0.264,0.0,245.16,1.2,0.0,1.0,0.0
19/12/2006,03:54:00,0.242,0.0,243.76,1.0,0.0,0.0,0.0
19/12/2006,03:55:00,0.262,0.0,243.54,1.2,0.0,0.0,0.0
19/12/2006,03:56:00,0.242,0.0,242.92,1.0,0.0,0.0,0.0
19/12/2006,03:57:00,0.26,0.0,243.0,1.2,0.0,0.0,0.0
19/12/2006,03:58:00,0.242,0.0,243.27,1.0,0.0,0.0,0.0
19/12/2006,03:59:00,0.26,0.0,243.28,1.2,0.0,1.0,0.0
19/12/2006,04:00:00,0.244,0.0,244.01,1.0,0.0,0.0,0.0
19/12/2006,04:01:00,0.264,0.0,244.8,1.2,0.0,0.0,0.0
19/12/2006,04:02:00,0.244,0.0,244.18,1.0,0.0,0.0,0.0
19/12/2006,04:03:00,0.262,0.0,243.65,1.2,0.0,0.0,0.0
19/12/2006,04:04:00,0.244,0.0,243.99,1.0,0.0,0.0,0.0
19/12/2006,04:05:00,0.264,0.0,244.15,1.2,0.0,1.0,0.0
19/12/2006,04:06:00,0.244,0.0,244.14,1.0,0.0,0.0,0.0
19/12/2006,04:07:00,0.27,0.0,244.79,1.2,0.0,0.0,0.0
19/12/2006,04:08:00,0.342,0.126,245.22,1.6,0.0,2.0,0.0
19/12/2006,04:09:00,0.35,0.128,244.84,1.6,0.0,1.0,0.0
19/12/2006,04:10:00,0.33,0.124,245.25,1.4,0.0,2.0,0.0
19/12/2006,04:11:00,0.35,0.126,244.74,1.6,0.0,1.0,0.0
19/12/2006,04:12:00,0.328,0.118,243.79,1.4,0.0,2.0,0.0
19/12/2006,04:13:00,0.346,0.122,243.54,1.6,0.0,2.0,0.0
19/12/2006,04:14:00,0.414,0.214,243.29,2.0,0.0,1.0,0.0
19/12/2006,04:15:00,0.42,0.228,243.2,2.0,0.0,2.0,0.0
19/12/2006,04:16:00,0.402,0.222,243.38,1.8,0.0,1.0,0.0
19/12/2006,04:17:00,0.45,0.248,243.62,2.2,0.0,2.0,0.0
19/12/2006,04:18:00,0.516,0.362,243.62,2.6,0.0,1.0,0.0
19/12/2006,04:19:00,0.524,0.372,244.39,2.6,0.0,2.0,0.0
19/12/2006,04:20:00,0.52,0.37,244.12,2.6,0.0,2.0,0.0
19/12/2006,04:21:00,0.5,0.362,243.68,2.4,0.0,1.0,0.0
19/12/2006,04:22:00,0.45,0.268,243.02,2.2,0.0,2.0,0.0
19/12/2006,04:23:00,0.422,0.254,243.48,2.0,0.0,1.0,0.0
19/12/2006,04:24:00,0.438,0.26,243.46,2.0,0.0,2.0,0.0
19/12/2006,04:25:00,0.416,0.252,243.31,2.0,0.0,1.0,0.0
19/12/2006,04:26:00,0.432,0.256,242.98,2.0,0.0,2.0,0.0
19/12/2006,04:27:00,0.414,0.254,243.64,2.0,0.0,1.0,0.0
19/12/2006,04:28:00,0.43,0.258,243.21,2.0,0.0,1.0,0.0
19/12/2006,04:29:00,0.408,0.25,242.83,2.0,0.0,2.0,0.0
19/12/2006,04:30:00,0.404,0.222,243.6,2.0,0.0,1.0,0.0
19/12/2006,04:31:00,0.316,0.116,243.47,1.4,0.0,1.0,0.0
19/12/2006,04:32:00,0.29,0.0,243.51,1.2,0.0,1.0,0.0
19/12/2006,04:33:00,0.248,0.0,243.58,1.0,0.0,0.0,0.0
19/12/2006,04:34:00,0.266,0.0,244.1,1.2,0.0,1.0,0.0
19/12/2006,04:35:00,0.242,0.0,244.1,1.0,0.0,0.0,0.0
19/12/2006,04:36:00,0.262,0.0,244.68,1.2,0.0,0.0,0.0
19/12/2006,04:37:00,0.24,0.0,243.44,1.0,0.0,0.0,0.0
19/12/2006,04:38:00,0.26,0.0,243.92,1.2,0.0,0.0,0.0
19/12/2006,04:39:00,0.242,0.0,244.34,1.0,0.0,0.0,0.0
19/12/2006,04:40:00,0.26,0.0,244.07,1.2,0.0,1.0,0.0
19/12/2006,04:41:00,0.242,0.0,244.71,1.0,0.0,0.0,0.0
19/12/2006,04:42:00,0.262,0.0,244.86,1.2,0.0,0.0,0.0
19/12/2006,04:43:00,0.242,0.0,244.99,1.0,0.0,0.0,0.0
19/12/2006,04:44:00,0.262,0.0,244.96,1.2,0.0,0.0,0.0
19/12/2006,04:45:00,0.244,0.0,245.22,1.0,0.0,0.0,0.0
19/12/2006,04:46:00,0.262,0.0,244.54,1.2,0.0,1.0,0.0
19/12/2006,04:47:00,0.246,0.0,245.25,1.0,0.0,0.0,0.0
19/12/2006,04:48:00,0.27,0.0,245.16,1.2,0.0,0.0,0.0
19/12/2006,04:49:00,0.26,0.0,245.24,1.2,0.0,0.0,0.0
19/12/2006,04:50:00,0.26,0.0,244.62,1.2,0.0,0.0,0.0
19/12/2006,04:51:00,0.268,0.0,244.54,1.2,0.0,0.0,0.0
19/12/2006,04:52:00,0.25,0.0,244.72,1.0,0.0,0.0,0.0
19/12/2006,04:53:00,0.264,0.0,245.29,1.2,0.0,1.0,0.0
19/12/2006,04:54:00,0.244,0.0,245.97,1.0,0.0,0.0,0.0
19/12/2006,04:55:00,0.262,0.0,245.63,1.2,0.0,0.0,0.0
19/12/2006,04:56:00,0.29,0.0,245.71,1.4,0.0,0.0,0.0
19/12/2006,04:57:00,0.412,0.17,244.57,2.0,0.0,0.0,0.0
19/12/2006,04:58:00,0.422,0.232,243.15,2.0,0.0,0.0,0.0
19/12/2006,04:59:00,0.44,0.234,242.93,2.0,0.0,1.0,0.0
19/12/2006,05:00:00,0.42,0.23,242.89,2.0,0.0,0.0,0.0
19/12/2006,05:01:00,0.438,0.236,243.15,2.0,0.0,0.0,0.0
19/12/2006,05:02:00,0.418,0.232,243.35,2.0,0.0,0.0,0.0
19/12/2006,05:03:00,0.438,0.232,242.15,2.0,0.0,0.0,0.0
19/12/2006,05:04:00,0.42,0.234,243.49,2.0,0.0,0.0,0.0
19/12/2006,05:05:00,0.416,0.208,242.66,2.0,0.0,1.0,0.0
19/12/2006,05:06:00,0.342,0.124,242.63,1.6,0.0,0.0,0.0
19/12/2006,05:07:00,0.362,0.132,242.93,1.6,0.0,0.0,0.0
19/12/2006,05:08:00,0.342,0.128,243.45,1.6,0.0,0.0,0.0
19/12/2006,05:09:00,0.316,0.068,242.93,1.4,0.0,0.0,0.0
19/12/2006,05:10:00,0.24,0.0,243.2,1.0,0.0,0.0,0.0
19/12/2006,05:11:00,0.258,0.0,242.83,1.2,0.0,1.0,0.0
19/12/2006,05:12:00,0.24,0.0,242.82,1.0,0.0,0.0,0.0
19/12/2006,05:13:00,0.258,0.0,243.17,1.2,0.0,0.0,0.0
19/12/2006,05:14:00,0.24,0.0,243.5,1.0,0.0,0.0,0.0
19/12/2006,05:15:00,0.26,0.0,243.49,1.2,0.0,0.0,0.0
19/12/2006,05:16:00,0.242,0.0,244.06,1.0,0.0,0.0,0.0
19/12/2006,05:17:00,0.264,0.0,243.68,1.2,0.0,1.0,0.0
19/12/2006,05:18:00,0.246,0.0,242.89,1.0,0.0,0.0,0.0
19/12/2006,05:19:00,0.266,0.0,242.95,1.2,0.0,0.0,0.0
19/12/2006,05:20:00,0.256,0.0,241.93,1.2,0.0,0.0,0.0
19/12/2006,05:21:00,0.252,0.0,241.91,1.0,0.0,0.0,0.0
19/12/2006,05:22:00,0.264,0.0,242.36,1.2,0.0,0.0,0.0
19/12/2006,05:23:00,0.246,0.0,242.79,1.0,0.0,1.0,0.0
19/12/2006,05:24:00,0.266,0.0,243.29,1.2,0.0,0.0,0.0
19/12/2006,05:25:00,0.244,0.0,243.59,1.0,0.0,0.0,0.0
19/12/2006,05:26:00,0.258,0.0,243.84,1.2,0.0,0.0,0.0
19/12/2006,05:27:00,0.24,0.0,243.82,1.0,0.0,0.0,0.0
19/12/2006,05:28:00,0.256,0.0,242.35,1.2,0.0,0.0,0.0
19/12/2006,05:29:00,0.236,0.0,241.47,1.0,0.0,0.0,0.0
19/12/2006,05:30:00,0.256,0.0,241.51,1.2,0.0,1.0,0.0
19/12/2006,05:31:00,0.238,0.0,242.43,1.0,0.0,0.0,0.0
19/12/2006,05:32:00,0.26,0.0,242.31,1.2,0.0,0.0,0.0
19/12/2006,05:33:00,0.244,0.0,242.17,1.0,0.0,0.0,0.0
19/12/2006,05:34:00,0.264,0.0,242.35,1.2,0.0,0.0,0.0
19/12/2006,05:35:00,0.316,0.058,241.91,1.4,0.0,0.0,0.0
19/12/2006,05:36:00,0.374,0.13,242.52,1.6,0.0,1.0,0.0
19/12/2006,05:37:00,0.35,0.122,242.1,1.6,0.0,0.0,0.0
19/12/2006,05:38:00,0.368,0.13,242.76,1.6,0.0,0.0,0.0
19/12/2006,05:39:00,0.34,0.122,242.3,1.4,0.0,0.0,0.0
19/12/2006,05:40:00,0.356,0.126,242.08,1.6,0.0,0.0,0.0
19/12/2006,05:41:00,0.336,0.122,242.1,1.4,0.0,0.0,0.0
19/12/2006,05:42:00,0.422,0.196,242.03,2.0,0.0,1.0,0.0
19/12/2006,05:43:00,0.408,0.226,241.8,2.0,0.0,0.0,0.0
19/12/2006,05:44:00,0.426,0.228,241.35,2.0,0.0,0.0,0.0
19/12/2006,05:45:00,0.408,0.226,241.9,2.0,0.0,0.0,0.0
19/12/2006,05:46:00,0.424,0.232,241.93,2.0,0.0,0.0,0.0
19/12/2006,05:47:00,0.406,0.224,241.39,2.0,0.0,0.0,0.0
19/12/2006,05:48:00,0.358,0.13,241.69,1.6,0.0,1.0,0.0
19/12/2006,05:49:00,0.316,0.094,242.56,1.4,0.0,0.0,0.0
19/12/2006,05:50:00,0.308,0.062,243.32,1.4,0.0,0.0,0.0
19/12/2006,05:51:00,0.264,0.0,246.05,1.2,0.0,0.0,0.0
19/12/2006,05:52:00,0.248,0.0,247.65,1.0,0.0,0.0,0.0
19/12/2006,05:53:00,0.264,0.0,247.11,1.2,0.0,1.0,0.0
19/12/2006,05:54:00,0.242,0.0,246.29,1.0,0.0,0.0,0.0
19/12/2006,05:55:00,0.26,0.0,245.53,1.2,0.0,0.0,0.0
19/12/2006,05:56:00,0.24,0.0,245.01,1.0,0.0,0.0,0.0
19/12/2006,05:57:00,0.26,0.0,244.75,1.2,0.0,0.0,0.0
19/12/2006,05:58:00,0.24,0.0,244.26,1.0,0.0,0.0,0.0
19/12/2006,05:59:00,0.26,0.0,243.82,1.2,0.0,1.0,0.0
19/12/2006,06:00:00,0.244,0.0,243.34,1.0,0.0,0.0,0.0
19/12/2006,06:01:00,0.264,0.0,243.28,1.2,0.0,0.0,0.0
19/12/2006,06:02:00,0.246,0.0,243.78,1.0,0.0,0.0,0.0
19/12/2006,06:03:00,0.264,0.0,243.97,1.2,0.0,0.0,0.0
19/12/2006,06:04:00,0.244,0.0,243.81,1.0,0.0,0.0,0.0
19/12/2006,06:05:00,0.262,0.0,243.26,1.2,0.0,0.0,0.0
19/12/2006,06:06:00,0.244,0.0,243.59,1.0,0.0,0.0,0.0
19/12/2006,06:07:00,0.264,0.0,243.96,1.2,0.0,1.0,0.0
19/12/2006,06:08:00,0.244,0.0,243.78,1.0,0.0,0.0,0.0
19/12/2006,06:09:00,0.262,0.0,243.02,1.2,0.0,0.0,0.0
19/12/2006,06:10:00,0.242,0.0,242.61,1.0,0.0,0.0,0.0
19/12/2006,06:11:00,0.262,0.0,242.79,1.2,0.0,0.0,0.0
19/12/2006,06:12:00,0.244,0.0,243.21,1.0,0.0,0.0,0.0
19/12/2006,06:13:00,0.262,0.0,243.24,1.2,0.0,1.0,0.0
19/12/2006,06:14:00,0.37,0.13,243.39,1.6,0.0,0.0,0.0
19/12/2006,06:15:00,0.372,0.132,243.31,1.6,0.0,0.0,0.0
19/12/2006,06:16:00,0.348,0.126,242.78,1.6,0.0,0.0,0.0
19/12/2006,06:17:00,0.366,0.132,243.12,1.6,0.0,0.0,0.0
19/12/2006,06:18:00,0.346,0.122,242.05,1.6,0.0,0.0,0.0
19/12/2006,06:19:00,0.364,0.13,242.65,1.6,0.0,1.0,0.0
19/12/2006,06:20:00,0.348,0.124,242.4,1.6,0.0,0.0,0.0
19/12/2006,06:21:00,0.352,0.12,240.93,1.6,0.0,0.0,0.0
19/12/2006,06:22:00,0.354,0.12,240.5,1.6,0.0,0.0,0.0
19/12/2006,06:23:00,0.402,0.19,240.15,2.0,0.0,1.0,0.0
19/12/2006,06:24:00,0.436,0.238,239.77,2.0,0.0,2.0,0.0
19/12/2006,06:25:00,0.416,0.238,240.4,2.0,0.0,1.0,0.0
19/12/2006,06:26:00,0.434,0.246,241.36,2.0,0.0,2.0,0.0
19/12/2006,06:27:00,0.408,0.198,241.12,2.0,0.0,2.0,0.0
19/12/2006,06:28:00,0.418,0.214,240.69,2.0,0.0,1.0,0.0
19/12/2006,06:29:00,0.4,0.208,240.78,1.8,0.0,2.0,0.0
19/12/2006,06:30:00,0.42,0.216,241.24,2.0,0.0,1.0,0.0
19/12/2006,06:31:00,0.4,0.214,242.13,1.8,0.0,2.0,0.0
19/12/2006,06:32:00,0.418,0.218,241.73,2.0,0.0,2.0,0.0
19/12/2006,06:33:00,0.396,0.214,241.83,1.8,0.0,1.0,0.0
19/12/2006,06:34:00,0.412,0.214,240.85,2.0,0.0,2.0,0.0
19/12/2006,06:35:00,0.354,0.154,240.09,1.6,0.0,1.0,0.0
19/12/2006,06:36:00,0.338,0.108,240.44,1.6,0.0,2.0,0.0
19/12/2006,06:37:00,0.318,0.102,240.17,1.4,0.0,1.0,0.0
19/12/2006,06:38:00,0.336,0.106,239.95,1.4,0.0,2.0,0.0
19/12/2006,06:39:00,0.32,0.108,241.77,1.4,0.0,1.0,0.0
19/12/2006,06:40:00,0.34,0.118,242.74,1.6,0.0,2.0,0.0
19/12/2006,06:41:00,0.32,0.114,243.39,1.4,0.0,1.0,0.0
19/12/2006,06:42:00,0.338,0.118,243.01,1.6,0.0,1.0,0.0
19/12/2006,06:43:00,0.316,0.108,241.86,1.4,0.0,2.0,0.0
19/12/2006,06:44:00,0.328,0.112,241.78,1.4,0.0,1.0,0.0
19/12/2006,06:45:00,0.31,0.11,242.28,1.4,0.0,2.0,0.0
19/12/2006,06:46:00,0.428,0.146,243.53,1.8,0.0,1.0,0.0
19/12/2006,06:47:00,1.484,0.096,242.18,7.4,0.0,1.0,0.0
19/12/2006,06:48:00,5.244,0.0,238.33,22.0,0.0,0.0,0.0
19/12/2006,06:49:00,4.856,0.0,238.82,20.2,0.0,0.0,0.0
19/12/2006,06:50:00,4.862,0.0,238.0,20.4,0.0,1.0,0.0
19/12/2006,06:51:00,2.636,0.0,239.5,12.8,0.0,0.0,0.0
19/12/2006,06:52:00,1.344,0.068,240.65,5.6,0.0,0.0,0.0
19/12/2006,06:53:00,1.402,0.142,241.12,5.8,0.0,0.0,0.0
19/12/2006,06:54:00,1.396,0.146,243.03,5.8,0.0,0.0,0.0
19/12/2006,06:55:00,2.35,0.18,242.66,10.0,0.0,0.0,0.0
19/12/2006,06:56:00,2.516,0.17,243.47,10.6,0.0,0.0,0.0
19/12/2006,06:57:00,1.234,0.154,244.24,5.2,0.0,0.0,0.0
19/12/2006,06:58:00,1.31,0.152,244.0,5.4,0.0,0.0,0.0
19/12/2006,06:59:00,1.372,0.152,243.95,5.6,0.0,0.0,0.0
19/12/2006,07:00:00,1.37,0.148,243.2,5.6,0.0,0.0,0.0
19/12/2006,07:01:00,0.782,0.142,242.41,3.4,0.0,0.0,0.0
19/12/2006,07:02:00,0.784,0.142,242.64,3.4,0.0,0.0,0.0
19/12/2006,07:03:00,0.764,0.132,240.61,3.2,0.0,0.0,0.0
19/12/2006,07:04:00,0.772,0.134,241.08,3.2,0.0,0.0,0.0
19/12/2006,07:05:00,0.658,0.102,241.05,2.8,0.0,0.0,0.0
19/12/2006,07:06:00,0.566,0.0,241.93,2.4,0.0,0.0,0.0
19/12/2006,07:07:00,0.652,0.1,241.18,2.8,0.0,0.0,0.0
19/12/2006,07:08:00,0.634,0.108,241.44,2.8,0.0,0.0,0.0
19/12/2006,07:09:00,0.636,0.108,241.25,2.8,0.0,0.0,0.0
19/12/2006,07:10:00,0.636,0.104,240.26,2.8,0.0,0.0,0.0
19/12/2006,07:11:00,0.638,0.102,239.87,2.8,0.0,0.0,0.0
19/12/2006,07:12:00,0.634,0.112,241.62,2.8,0.0,0.0,0.0
19/12/2006,07:13:00,0.634,0.112,242.0,2.8,0.0,0.0,0.0
19/12/2006,07:14:00,0.628,0.11,241.44,2.6,0.0,0.0,0.0
19/12/2006,07:15:00,0.646,0.112,242.2,2.8,0.0,0.0,0.0
19/12/2006,07:16:00,0.584,0.0,241.64,2.4,0.0,0.0,0.0
19/12/2006,07:17:00,0.582,0.0,240.8,2.6,0.0,0.0,0.0
19/12/2006,07:18:00,0.576,0.0,239.58,2.4,0.0,0.0,0.0
19/12/2006,07:19:00,0.566,0.0,239.88,2.4,0.0,0.0,0.0
19/12/2006,07:20:00,0.562,0.0,238.85,2.4,0.0,0.0,0.0
19/12/2006,07:21:00,0.572,0.0,239.06,2.4,0.0,0.0,0.0
19/12/2006,07:22:00,0.564,0.0,239.95,2.4,0.0,0.0,0.0
19/12/2006,07:23:00,0.578,0.0,240.54,2.4,0.0,0.0,0.0
19/12/2006,07:24:00,0.588,0.0,241.68,2.6,0.0,0.0,0.0
19/12/2006,07:25:00,0.592,0.0,241.69,2.6,0.0,0.0,0.0
19/12/2006,07:26:00,0.582,0.0,240.4,2.6,0.0,0.0,0.0
19/12/2006,07:27:00,0.614,0.0,241.07,2.6,0.0,0.0,0.0
19/12/2006,07:28:00,0.648,0.0,240.52,2.8,0.0,0.0,0.0
19/12/2006,07:29:00,0.648,0.0,240.25,2.8,0.0,0.0,0.0
19/12/2006,07:30:00,1.3,0.08,240.0,5.8,0.0,0.0,0.0
19/12/2006,07:31:00,1.976,0.344,238.44,8.4,0.0,0.0,0.0
19/12/2006,07:32:00,1.922,0.304,238.01,8.2,0.0,0.0,0.0
19/12/2006,07:33:00,1.648,0.148,239.31,6.8,0.0,0.0,0.0
19/12/2006,07:34:00,2.586,0.144,239.81,11.0,0.0,0.0,10.0
19/12/2006,07:35:00,3.068,0.138,239.16,12.8,0.0,0.0,18.0
19/12/2006,07:36:00,3.05,0.136,239.07,12.8,0.0,0.0,18.0
19/12/2006,07:37:00,3.032,0.136,238.84,12.6,0.0,0.0,18.0
19/12/2006,07:38:00,3.052,0.14,239.73,12.6,0.0,0.0,18.0
19/12/2006,07:39:00,3.21,0.136,239.28,13.4,0.0,0.0,17.0
19/12/2006,07:40:00,3.194,0.126,238.59,13.4,0.0,0.0,18.0
19/12/2006,07:41:00,3.104,0.114,238.53,13.0,0.0,0.0,17.0
19/12/2006,07:42:00,3.288,0.108,237.72,13.8,0.0,0.0,18.0
19/12/2006,07:43:00,3.284,0.106,237.33,13.8,0.0,0.0,17.0
19/12/2006,07:44:00,3.408,0.0,237.59,14.2,0.0,0.0,17.0
19/12/2006,07:45:00,3.594,0.0,238.73,15.0,0.0,0.0,18.0
19/12/2006,07:46:00,3.518,0.0,237.61,14.8,0.0,0.0,17.0
19/12/2006,07:47:00,2.99,0.0,237.75,12.6,0.0,0.0,17.0
19/12/2006,07:48:00,3.278,0.0,237.24,14.0,0.0,0.0,18.0
19/12/2006,07:49:00,4.034,0.0,236.77,17.0,0.0,0.0,17.0
19/12/2006,07:50:00,3.022,0.082,236.69,13.0,0.0,0.0,17.0
19/12/2006,07:51:00,2.924,0.154,236.61,12.4,0.0,0.0,17.0
19/12/2006,07:52:00,3.074,0.154,236.57,13.0,0.0,0.0,17.0
19/12/2006,07:53:00,2.92,0.132,235.66,12.4,0.0,0.0,17.0
19/12/2006,07:54:00,2.876,0.132,237.07,12.0,0.0,0.0,18.0
19/12/2006,07:55:00,2.884,0.13,237.36,12.2,0.0,0.0,17.0
19/12/2006,07:56:00,2.85,0.13,237.42,12.0,0.0,0.0,17.0
19/12/2006,07:57:00,2.83,0.128,236.89,11.8,0.0,0.0,17.0
19/12/2006,07:58:00,2.808,0.096,236.54,11.8,0.0,0.0,17.0
19/12/2006,07:59:00,2.724,0.0,235.16,11.6,0.0,0.0,17.0
19/12/2006,08:00:00,2.914,0.0,235.47,12.4,0.0,0.0,17.0
19/12/2006,08:01:00,3.108,0.17,236.69,13.0,0.0,0.0,18.0
19/12/2006,08:02:00,3.138,0.212,236.14,13.2,0.0,0.0,17.0
19/12/2006,08:03:00,3.084,0.142,236.39,13.0,0.0,0.0,17.0
19/12/2006,08:04:00,1.932,0.0,237.58,8.2,0.0,1.0,17.0
19/12/2006,08:05:00,2.306,0.0,236.56,10.4,0.0,7.0,17.0
19/12/2006,08:06:00,3.962,0.0,234.5,16.8,0.0,37.0,17.0
19/12/2006,08:07:00,3.948,0.0,234.03,16.8,0.0,37.0,17.0
19/12/2006,08:08:00,4.214,0.0,233.98,18.0,0.0,37.0,17.0
19/12/2006,08:09:00,4.32,0.114,233.89,18.4,0.0,36.0,16.0
19/12/2006,08:10:00,4.308,0.116,233.51,18.4,0.0,37.0,17.0
19/12/2006,08:11:00,4.266,0.112,232.45,18.2,0.0,36.0,17.0
19/12/2006,08:12:00,4.348,0.118,234.59,18.4,0.0,37.0,17.0
19/12/2006,08:13:00,4.352,0.12,235.08,18.4,0.0,38.0,16.0
19/12/2006,08:14:00,4.358,0.12,235.08,18.4,0.0,37.0,17.0
19/12/2006,08:15:00,4.372,0.122,235.68,18.4,0.0,37.0,17.0
19/12/2006,08:16:00,4.286,0.126,235.9,18.2,0.0,37.0,18.0
19/12/2006,08:17:00,3.848,0.134,237.46,16.4,0.0,35.0,17.0
19/12/2006,08:18:00,1.96,0.152,239.9,8.2,0.0,1.0,17.0
19/12/2006,08:19:00,1.976,0.152,240.03,8.2,0.0,1.0,18.0
19/12/2006,08:20:00,2.508,0.174,238.14,11.2,0.0,9.0,17.0
19/12/2006,08:21:00,1.936,0.192,238.46,8.2,0.0,1.0,18.0
19/12/2006,08:22:00,1.864,0.158,238.02,7.8,0.0,1.0,17.0
19/12/2006,08:23:00,1.816,0.0,237.83,7.6,0.0,1.0,18.0
19/12/2006,08:24:00,1.848,0.0,238.02,7.8,0.0,1.0,17.0
19/12/2006,08:25:00,1.898,0.0,237.77,8.0,0.0,1.0,17.0
19/12/2006,08:26:00,2.02,0.0,238.45,8.4,0.0,1.0,18.0
19/12/2006,08:27:00,1.872,0.066,239.14,7.8,0.0,2.0,17.0
19/12/2006,08:28:00,1.834,0.068,239.33,7.6,0.0,0.0,18.0
19/12/2006,08:29:00,1.796,0.0,238.47,7.4,0.0,1.0,17.0
19/12/2006,08:30:00,1.828,0.0,237.95,7.6,0.0,1.0,17.0
19/12/2006,08:31:00,1.58,0.0,237.94,6.6,0.0,1.0,18.0
19/12/2006,08:32:00,1.566,0.0,237.66,6.8,0.0,1.0,17.0
19/12/2006,08:33:00,1.408,0.05,237.01,5.8,0.0,1.0,17.0
19/12/2006,08:34:00,1.818,0.214,237.77,7.8,0.0,1.0,18.0
19/12/2006,08:35:00,1.724,0.148,240.92,7.2,0.0,5.0,17.0
19/12/2006,08:36:00,1.648,0.148,240.75,6.8,0.0,5.0,18.0
19/12/2006,08:37:00,1.726,0.172,241.08,7.2,1.0,5.0,18.0
19/12/2006,08:38:00,1.73,0.166,240.1,7.2,1.0,5.0,18.0
19/12/2006,08:39:00,3.864,0.226,236.96,16.4,34.0,5.0,17.0
19/12/2006,08:40:00,3.94,0.176,236.25,16.6,37.0,1.0,17.0
19/12/2006,08:41:00,4.04,0.216,236.16,17.0,38.0,3.0,17.0
19/12/2006,08:42:00,5.808,0.156,234.22,24.8,37.0,33.0,17.0
19/12/2006,08:43:00,5.354,0.106,234.17,23.0,37.0,34.0,17.0
19/12/2006,08:44:00,5.47,0.09,235.16,23.4,38.0,31.0,17.0
19/12/2006,08:45:00,5.536,0.094,234.52,23.6,37.0,36.0,16.0
19/12/2006,08:46:00,6.662,0.068,233.58,29.2,37.0,49.0,17.0
19/12/2006,08:47:00,7.828,0.182,232.2,33.6,36.0,72.0,17.0
19/12/2006,08:48:00,7.84,0.188,232.55,33.6,36.0,71.0,16.0
19/12/2006,08:49:00,7.818,0.202,232.22,33.6,37.0,71.0,17.0
19/12/2006,08:50:00,7.816,0.184,232.39,33.6,36.0,71.0,16.0
19/12/2006,08:51:00,6.498,0.238,234.4,28.0,15.0,73.0,17.0
19/12/2006,08:52:00,5.768,0.228,234.62,24.6,0.0,72.0,17.0
19/12/2006,08:53:00,5.774,0.222,233.74,24.6,2.0,72.0,17.0
19/12/2006,08:54:00,6.964,0.188,231.97,30.2,20.0,71.0,16.0
19/12/2006,08:55:00,7.746,0.194,231.24,33.4,37.0,71.0,17.0
19/12/2006,08:56:00,6.78,0.198,232.85,29.4,21.0,71.0,16.0
19/12/2006,08:57:00,5.814,0.256,235.9,24.6,0.0,73.0,17.0
19/12/2006,08:58:00,4.978,0.23,237.28,21.4,1.0,61.0,17.0
19/12/2006,08:59:00,5.024,0.238,236.68,21.6,23.0,36.0,18.0
19/12/2006,09:00:00,5.994,0.208,235.95,25.8,38.0,38.0,17.0
19/12/2006,09:01:00,5.828,0.164,235.74,24.6,37.0,39.0,17.0
19/12/2006,09:02:00,5.68,0.124,234.79,24.2,37.0,37.0,17.0
19/12/2006,09:03:00,5.494,0.124,235.34,23.4,37.0,34.0,17.0
19/12/2006,09:04:00,4.674,0.104,236.91,19.6,38.0,18.0,17.0
19/12/2006,09:05:00,5.698,0.098,234.29,24.2,37.0,37.0,17.0
19/12/2006,09:06:00,5.668,0.0,235.42,24.0,37.0,36.0,17.0
19/12/2006,09:07:00,3.542,0.0,237.96,16.2,16.0,25.0,17.0
19/12/2006,09:08:00,2.944,0.072,238.39,12.4,0.0,26.0,17.0
19/12/2006,09:09:00,3.492,0.046,237.86,14.6,0.0,36.0,18.0
19/12/2006,09:10:00,2.944,0.0,238.19,12.6,1.0,28.0,17.0
19/12/2006,09:11:00,2.064,0.066,238.28,8.8,0.0,22.0,8.0
19/12/2006,09:12:00,2.514,0.088,238.35,10.4,0.0,36.0,0.0
19/12/2006,09:13:00,2.242,0.114,239.25,9.6,0.0,34.0,0.0
19/12/2006,09:14:00,1.492,0.11,239.52,6.4,0.0,18.0,0.0
19/12/2006,09:15:00,2.642,0.17,239.08,11.0,0.0,38.0,0.0
19/12/2006,09:16:00,2.53,0.184,239.29,10.8,0.0,38.0,0.0
19/12/2006,09:17:00,1.77,0.212,238.95,7.6,0.0,23.0,0.0
19/12/2006,09:18:00,2.642,0.186,238.37,11.4,0.0,39.0,0.0
19/12/2006,09:19:00,2.732,0.204,237.61,11.6,0.0,42.0,0.0
19/12/2006,09:20:00,1.112,0.144,238.19,5.0,0.0,13.0,0.0
19/12/2006,09:21:00,2.3,0.0,237.37,9.8,0.0,33.0,0.0
19/12/2006,09:22:00,1.864,0.0,238.33,8.6,0.0,27.0,0.0
19/12/2006,09:23:00,2.018,0.0,238.9,8.6,0.0,31.0,0.0
19/12/2006,09:24:00,1.182,0.0,239.6,5.6,0.0,15.0,0.0
19/12/2006,09:25:00,2.494,0.11,239.13,10.4,0.0,36.0,0.0
19/12/2006,09:26:00,1.412,0.14,239.88,7.0,0.0,20.0,0.0
19/12/2006,09:27:00,0.676,0.174,239.92,3.0,0.0,4.0,0.0
19/12/2006,09:28:00,0.848,0.14,239.07,4.0,0.0,10.0,0.0
19/12/2006,09:29:00,0.546,0.17,238.74,2.4,0.0,3.0,0.0
19/12/2006,09:30:00,0.506,0.144,239.09,2.2,0.0,3.0,0.0
19/12/2006,09:31:00,0.55,0.172,239.15,2.4,0.0,4.0,0.0
19/12/2006,09:32:00,0.514,0.15,239.55,2.2,0.0,3.0,0.0
19/12/2006,09:33:00,0.54,0.18,240.84,2.4,0.0,4.0,0.0
19/12/2006,09:34:00,0.514,0.158,240.81,2.2,0.0,3.0,0.0
19/12/2006,09:35:00,0.524,0.176,240.65,2.2,0.0,3.0,0.0
19/12/2006,09:36:00,0.428,0.134,240.96,1.8,0.0,2.0,0.0
19/12/2006,09:37:00,0.33,0.11,241.57,1.4,0.0,0.0,0.0
19/12/2006,09:38:00,0.35,0.116,241.85,1.6,0.0,0.0,0.0
19/12/2006,09:39:00,0.268,0.0,241.55,1.2,0.0,0.0,0.0
19/12/2006,09:40:00,0.246,0.0,241.51,1.2,0.0,1.0,0.0
19/12/2006,09:41:00,0.226,0.0,241.05,1.0,0.0,0.0,0.0
19/12/2006,09:42:00,0.252,0.0,241.5,1.2,0.0,0.0,0.0
19/12/2006,09:43:00,0.232,0.0,241.11,1.0,0.0,0.0,0.0
19/12/2006,09:44:00,0.25,0.0,240.97,1.2,0.0,0.0,0.0
19/12/2006,09:45:00,0.23,0.0,241.48,1.0,0.0,0.0,0.0
19/12/2006,09:46:00,0.244,0.0,241.54,1.0,0.0,1.0,0.0
19/12/2006,09:47:00,0.228,0.0,241.26,1.0,0.0,0.0,0.0
19/12/2006,09:48:00,0.25,0.0,241.29,1.2,0.0,0.0,0.0
19/12/2006,09:49:00,0.238,0.0,240.34,1.0,0.0,0.0,0.0
19/12/2006,09:50:00,0.302,0.0,241.44,1.4,0.0,0.0,0.0
19/12/2006,09:51:00,0.32,0.086,241.48,1.4,0.0,1.0,0.0
19/12/2006,09:52:00,0.302,0.084,241.92,1.4,0.0,0.0,0.0
19/12/2006,09:53:00,0.326,0.086,241.62,1.4,0.0,0.0,0.0
19/12/2006,09:54:00,0.308,0.082,241.76,1.4,0.0,0.0,0.0
19/12/2006,09:55:00,0.326,0.088,241.9,1.4,0.0,0.0,0.0
19/12/2006,09:56:00,0.302,0.082,241.88,1.4,0.0,0.0,0.0
19/12/2006,09:57:00,0.316,0.088,242.17,1.4,0.0,1.0,0.0
19/12/2006,09:58:00,0.298,0.082,242.08,1.2,0.0,0.0,0.0
19/12/2006,09:59:00,0.308,0.078,241.35,1.4,0.0,0.0,0.0
19/12/2006,10:00:00,0.222,0.0,241.5,1.0,0.0,0.0,0.0
19/12/2006,10:01:00,0.244,0.0,241.81,1.0,0.0,0.0,0.0
19/12/2006,10:02:00,0.23,0.0,241.63,1.0,0.0,0.0,0.0
19/12/2006,10:03:00,0.324,0.064,241.93,1.6,0.0,1.0,0.0
19/12/2006,10:04:00,0.332,0.108,240.77,1.4,0.0,0.0,0.0
19/12/2006,10:05:00,0.344,0.108,240.01,1.6,0.0,0.0,0.0
19/12/2006,10:06:00,0.324,0.1,239.32,1.4,0.0,0.0,0.0
19/12/2006,10:07:00,0.34,0.104,239.05,1.6,0.0,0.0,0.0
19/12/2006,10:08:00,0.316,0.092,237.18,1.4,0.0,0.0,0.0
19/12/2006,10:09:00,0.332,0.094,236.54,1.4,0.0,1.0,0.0
19/12/2006,10:10:00,0.312,0.088,235.72,1.4,0.0,0.0,0.0
19/12/2006,10:11:00,0.33,0.096,237.13,1.4,0.0,0.0,0.0
19/12/2006,10:12:00,0.316,0.102,239.94,1.4,0.0,0.0,0.0
19/12/2006,10:13:00,0.334,0.11,240.46,1.4,0.0,0.0,0.0
19/12/2006,10:14:00,0.316,0.104,240.49,1.4,0.0,0.0,0.0
19/12/2006,10:15:00,0.338,0.114,241.86,1.4,0.0,0.0,0.0
19/12/2006,10:16:00,0.32,0.114,243.23,1.4,0.0,0.0,0.0
19/12/2006,10:17:00,0.302,0.064,241.79,1.4,0.0,1.0,0.0
19/12/2006,10:18:00,0.222,0.0,241.78,1.0,0.0,0.0,0.0
19/12/2006,10:19:00,0.242,0.0,241.61,1.0,0.0,0.0,0.0
19/12/2006,10:20:00,0.234,0.0,242.46,1.0,0.0,0.0,0.0
19/12/2006,10:21:00,0.23,0.0,243.06,1.0,0.0,0.0,0.0
19/12/2006,10:22:00,0.244,0.0,243.4,1.0,0.0,1.0,0.0
19/12/2006,10:23:00,0.224,0.0,243.03,1.0,0.0,0.0,0.0
19/12/2006,10:24:00,0.244,0.0,242.85,1.0,0.0,0.0,0.0
19/12/2006,10:25:00,0.224,0.0,243.66,1.0,0.0,0.0,0.0
19/12/2006,10:26:00,0.244,0.0,244.35,1.0,0.0,0.0,0.0
19/12/2006,10:27:00,0.226,0.0,244.46,1.0,0.0,0.0,0.0
19/12/2006,10:28:00,0.244,0.0,244.12,1.0,0.0,1.0,0.0
19/12/2006,10:29:00,0.316,0.086,244.89,1.4,0.0,0.0,0.0
19/12/2006,10:30:00,0.41,0.204,244.65,2.0,0.0,1.0,0.0
19/12/2006,10:31:00,0.392,0.22,245.36,1.8,0.0,2.0,0.0
19/12/2006,10:32:00,0.408,0.23,245.95,1.8,0.0,2.0,0.0
19/12/2006,10:33:00,0.39,0.222,245.61,1.8,0.0,1.0,0.0
19/12/2006,10:34:00,0.41,0.232,246.28,2.0,0.0,2.0,0.0
19/12/2006,10:35:00,0.386,0.218,244.74,1.8,0.0,1.0,0.0
19/12/2006,10:36:00,0.598,0.298,243.78,2.6,0.0,5.0,0.0
19/12/2006,10:37:00,0.58,0.272,243.14,2.6,0.0,5.0,0.0
19/12/2006,10:38:00,0.546,0.222,243.17,2.4,0.0,5.0,0.0
19/12/2006,10:39:00,0.51,0.168,243.6,2.2,0.0,5.0,0.0
19/12/2006,10:40:00,0.524,0.196,244.92,2.2,0.0,5.0,0.0
19/12/2006,10:41:00,0.56,0.224,245.0,2.4,0.0,5.0,0.0
19/12/2006,10:42:00,0.63,0.328,244.25,2.8,0.0,5.0,0.0
19/12/2006,10:43:00,0.612,0.308,244.0,2.8,0.0,4.0,0.0
19/12/2006,10:44:00,0.422,0.252,244.42,2.0,0.0,2.0,0.0
19/12/2006,10:45:00,1.492,0.23,242.57,6.6,0.0,2.0,0.0
19/12/2006,10:46:00,1.224,0.248,241.65,5.8,0.0,1.0,0.0
19/12/2006,10:47:00,0.566,0.234,241.4,2.8,0.0,2.0,0.0
19/12/2006,10:48:00,0.566,0.228,241.37,2.4,0.0,1.0,0.0
19/12/2006,10:49:00,0.586,0.238,242.45,2.6,0.0,2.0,0.0
19/12/2006,10:50:00,0.566,0.234,242.65,2.4,0.0,1.0,0.0
19/12/2006,10:51:00,0.584,0.24,242.8,2.6,0.0,1.0,0.0
19/12/2006,10:52:00,0.566,0.238,243.22,2.4,0.0,2.0,0.0
19/12/2006,10:53:00,0.56,0.232,242.05,2.4,0.0,1.0,0.0
19/12/2006,10:54:00,0.55,0.216,240.92,2.4,0.0,1.0,0.0
19/12/2006,10:55:00,0.458,0.066,241.3,1.8,0.0,0.0,0.0
19/12/2006,10:56:00,0.394,0.0,242.05,1.6,0.0,0.0,0.0
19/12/2006,10:57:00,0.392,0.0,241.62,1.6,0.0,0.0,0.0
19/12/2006,10:58:00,0.4,0.0,242.49,1.6,0.0,0.0,0.0
19/12/2006,10:59:00,1.476,0.0,240.9,7.4,0.0,16.0,0.0
19/12/2006,11:00:00,2.41,0.0,239.7,10.0,0.0,37.0,0.0
19/12/2006,11:01:00,1.942,0.0,241.28,8.8,0.0,29.0,0.0
19/12/2006,11:02:00,2.452,0.0,240.67,10.2,0.0,37.0,0.0
19/12/2006,11:03:00,1.93,0.0,240.68,8.8,0.0,29.0,0.0
19/12/2006,11:04:00,3.734,0.0,238.65,16.2,0.0,56.0,0.0
19/12/2006,11:05:00,4.602,0.0,237.24,19.4,0.0,73.0,0.0
19/12/2006,11:06:00,4.698,0.0,237.94,19.6,0.0,73.0,0.0
19/12/2006,11:07:00,4.702,0.0,238.03,19.6,0.0,73.0,0.0
19/12/2006,11:08:00,4.702,0.08,237.81,19.6,0.0,73.0,0.0
19/12/2006,11:09:00,4.66,0.084,236.58,19.6,0.0,73.0,0.0
19/12/2006,11:10:00,4.618,0.072,235.53,19.6,0.0,72.0,0.0
19/12/2006,11:11:00,4.668,0.086,236.91,19.6,0.0,73.0,0.0
19/12/2006,11:12:00,4.542,0.078,236.83,19.2,0.0,72.0,0.0
19/12/2006,11:13:00,1.696,0.108,238.1,7.4,0.0,25.0,0.0
19/12/2006,11:14:00,1.872,0.084,234.85,8.2,0.0,26.0,0.0
19/12/2006,11:15:00,2.404,0.114,234.86,10.2,0.0,36.0,0.0
19/12/2006,11:16:00,2.226,0.098,238.45,9.4,0.0,34.0,0.0
19/12/2006,11:17:00,1.246,0.06,240.35,5.2,0.0,17.0,0.0
19/12/2006,11:18:00,2.412,0.0,239.06,10.0,0.0,36.0,0.0
19/12/2006,11:19:00,1.852,0.0,240.4,8.0,0.0,28.0,0.0
19/12/2006,11:20:00,1.808,0.142,239.36,7.8,0.0,24.0,0.0
19/12/2006,11:21:00,2.564,0.154,239.82,10.6,0.0,37.0,0.0
19/12/2006,11:22:00,1.558,0.196,240.33,6.8,0.0,22.0,0.0
19/12/2006,11:23:00,2.158,0.196,240.43,9.2,0.0,30.0,0.0
19/12/2006,11:24:00,2.308,0.154,240.74,9.6,0.0,34.0,0.0
19/12/2006,11:25:00,1.364,0.168,241.16,5.6,0.0,18.0,0.0
19/12/2006,11:26:00,2.56,0.142,240.23,10.6,0.0,36.0,0.0
19/12/2006,11:27:00,1.798,0.152,240.72,7.8,0.0,26.0,0.0
19/12/2006,11:28:00,1.95,0.148,240.11,8.4,0.0,27.0,0.0
19/12/2006,11:29:00,2.4,0.172,239.58,10.0,0.0,36.0,0.0
19/12/2006,11:30:00,1.596,0.238,240.58,6.6,0.0,21.0,0.0
19/12/2006,11:31:00,2.692,0.214,239.06,11.2,0.0,39.0,0.0
19/12/2006,11:32:00,1.838,0.226,240.2,8.0,0.0,27.0,0.0
19/12/2006,11:33:00,2.25,0.19,240.34,9.6,0.0,32.0,0.0
19/12/2006,11:34:00,2.072,0.08,241.04,9.0,0.0,32.0,0.0
19/12/2006,11:35:00,1.488,0.0,241.77,6.4,0.0,20.0,0.0
19/12/2006,11:36:00,2.392,0.0,240.64,9.8,0.0,37.0,0.0
19/12/2006,11:37:00,1.342,0.0,242.11,5.6,0.0,20.0,0.0
19/12/2006,11:38:00,2.088,0.0,241.89,8.8,0.0,30.0,0.0
19/12/2006,11:39:00,1.644,0.0,241.63,7.2,0.0,25.0,0.0
19/12/2006,11:40:00,1.78,0.0,241.77,7.8,0.0,25.0,0.0
19/12/2006,11:41:00,1.876,0.0,241.31,8.0,0.0,29.0,0.0
19/12/2006,11:42:00,1.536,0.0,241.09,6.6,0.0,21.0,0.0
19/12/2006,11:43:00,2.38,0.0,240.22,9.8,0.0,36.0,0.0
19/12/2006,11:44:00,1.268,0.0,241.47,5.2,0.0,19.0,0.0
19/12/2006,11:45:00,2.162,0.0,241.88,9.0,0.0,32.0,0.0
19/12/2006,11:46:00,1.766,0.13,242.58,7.6,0.0,25.0,0.0
19/12/2006,11:47:00,1.828,0.134,241.6,8.0,0.0,25.0,0.0
19/12/2006,11:48:00,2.162,0.14,241.71,9.2,0.0,32.0,0.0
19/12/2006,11:49:00,1.436,0.138,242.16,6.2,0.0,19.0,0.0
19/12/2006,11:50:00,2.484,0.136,241.55,10.2,0.0,36.0,0.0
19/12/2006,11:51:00,1.368,0.14,242.31,5.8,0.0,19.0,0.0
19/12/2006,11:52:00,2.216,0.142,241.79,9.4,0.0,32.0,0.0
19/12/2006,11:53:00,1.636,0.132,242.49,7.2,0.0,23.0,0.0
19/12/2006,11:54:00,1.848,0.134,242.24,8.0,0.0,25.0,0.0
19/12/2006,11:55:00,1.894,0.0,242.92,8.6,0.0,29.0,0.0
19/12/2006,11:56:00,1.492,0.06,245.07,6.4,0.0,22.0,0.0
19/12/2006,11:57:00,1.516,0.046,247.38,7.0,0.0,20.0,0.0
19/12/2006,11:58:00,2.302,0.146,241.02,9.6,0.0,35.0,0.0
19/12/2006,11:59:00,1.11,0.158,241.28,5.0,0.0,12.0,0.0
19/12/2006,12:00:00,2.488,0.162,239.81,10.4,0.0,36.0,0.0
19/12/2006,12:01:00,1.324,0.154,240.93,6.2,0.0,18.0,0.0
19/12/2006,12:02:00,2.056,0.164,239.57,8.8,0.0,28.0,0.0
19/12/2006,12:03:00,1.438,0.192,240.79,7.2,0.0,21.0,0.0
19/12/2006,12:04:00,0.61,0.32,242.23,2.8,0.0,5.0,0.0
19/12/2006,12:05:00,0.566,0.294,242.47,2.6,0.0,5.0,0.0
19/12/2006,12:06:00,0.606,0.318,242.23,2.8,0.0,5.0,0.0
19/12/2006,12:07:00,0.578,0.292,241.5,2.6,0.0,4.0,0.0
19/12/2006,12:08:00,0.586,0.306,240.8,2.6,0.0,5.0,0.0
19/12/2006,12:09:00,0.572,0.28,239.81,2.6,0.0,5.0,0.0
19/12/2006,12:10:00,0.586,0.302,240.27,2.6,0.0,5.0,0.0
19/12/2006,12:11:00,0.484,0.254,241.56,2.2,0.0,3.0,0.0
19/12/2006,12:12:00,0.296,0.112,242.87,1.2,0.0,2.0,0.0
19/12/2006,12:13:00,0.314,0.118,243.47,1.4,0.0,2.0,0.0
19/12/2006,12:14:00,0.29,0.116,244.2,1.2,0.0,1.0,0.0
19/12/2006,12:15:00,0.308,0.12,244.43,1.4,0.0,2.0,0.0
19/12/2006,12:16:00,0.288,0.116,244.29,1.2,0.0,1.0,0.0
19/12/2006,12:17:00,0.304,0.118,243.39,1.4,0.0,2.0,0.0
19/12/2006,12:18:00,0.284,0.112,243.45,1.2,0.0,1.0,0.0
19/12/2006,12:19:00,0.302,0.116,243.05,1.4,0.0,2.0,0.0
19/12/2006,12:20:00,0.282,0.112,243.2,1.2,0.0,1.0,0.0
19/12/2006,12:21:00,0.302,0.118,243.81,1.4,0.0,2.0,0.0
19/12/2006,12:22:00,0.282,0.116,244.2,1.2,0.0,1.0,0.0
19/12/2006,12:23:00,0.3,0.12,244.05,1.4,0.0,2.0,0.0
19/12/2006,12:24:00,0.284,0.116,243.89,1.2,0.0,1.0,0.0
19/12/2006,12:25:00,0.382,0.22,244.24,1.8,0.0,2.0,0.0
19/12/2006,12:26:00,0.378,0.224,243.24,1.8,0.0,1.0,0.0
19/12/2006,12:27:00,0.362,0.218,243.03,1.6,0.0,1.0,0.0
19/12/2006,12:28:00,0.38,0.224,243.01,1.8,0.0,2.0,0.0
19/12/2006,12:29:00,0.352,0.218,242.84,1.6,0.0,1.0,0.0
19/12/2006,12:30:00,0.368,0.224,243.13,1.8,0.0,2.0,0.0
19/12/2006,12:31:00,0.34,0.202,242.61,1.6,0.0,1.0,0.0
19/12/2006,12:32:00,0.294,0.098,242.84,1.2,0.0,0.0,0.0
19/12/2006,12:33:00,0.252,0.06,242.41,1.0,0.0,0.0,0.0
19/12/2006,12:34:00,0.22,0.0,241.94,1.0,0.0,1.0,0.0
19/12/2006,12:35:00,0.202,0.0,241.75,0.8,0.0,0.0,0.0
19/12/2006,12:36:00,0.284,0.052,242.15,1.4,0.0,0.0,0.0
19/12/2006,12:37:00,0.314,0.122,242.55,1.4,0.0,0.0,0.0
19/12/2006,12:38:00,0.33,0.128,242.65,1.4,0.0,0.0,0.0
19/12/2006,12:39:00,0.308,0.124,242.82,1.4,0.0,0.0,0.0
19/12/2006,12:40:00,0.33,0.132,243.55,1.4,0.0,1.0,0.0
19/12/2006,12:41:00,0.314,0.13,243.94,1.4,0.0,0.0,0.0
19/12/2006,12:42:00,0.332,0.134,243.93,1.4,0.0,0.0,0.0
19/12/2006,12:43:00,0.304,0.126,243.25,1.4,0.0,0.0,0.0
19/12/2006,12:44:00,0.32,0.13,243.21,1.4,0.0,0.0,0.0
19/12/2006,12:45:00,0.3,0.124,243.14,1.4,0.0,0.0,0.0
19/12/2006,12:46:00,0.32,0.132,243.6,1.4,0.0,1.0,0.0
19/12/2006,12:47:00,0.3,0.126,243.53,1.4,0.0,0.0,0.0
19/12/2006,12:48:00,0.32,0.136,244.05,1.4,0.0,0.0,0.0
19/12/2006,12:49:00,0.3,0.13,244.11,1.4,0.0,0.0,0.0
19/12/2006,12:50:00,0.246,0.0,243.51,1.2,0.0,0.0,0.0
19/12/2006,12:51:00,0.204,0.0,243.08,0.8,0.0,0.0,0.0
19/12/2006,12:52:00,0.224,0.0,243.79,1.0,0.0,1.0,0.0
19/12/2006,12:53:00,0.206,0.0,244.23,0.8,0.0,0.0,0.0
19/12/2006,12:54:00,0.224,0.0,244.11,1.0,0.0,0.0,0.0
19/12/2006,12:55:00,0.216,0.0,244.65,1.0,0.0,0.0,0.0
19/12/2006,12:56:00,0.224,0.0,244.21,1.0,0.0,0.0,0.0
19/12/2006,12:57:00,0.232,0.0,244.5,1.0,0.0,0.0,0.0
19/12/2006,12:58:00,0.204,0.0,243.51,0.8,0.0,0.0,0.0
19/12/2006,12:59:00,0.224,0.0,244.14,1.0,0.0,1.0,0.0
19/12/2006,13:00:00,0.206,0.0,244.16,0.8,0.0,0.0,0.0
19/12/2006,13:01:00,0.224,0.0,243.45,1.0,0.0,0.0,0.0
19/12/2006,13:02:00,0.204,0.0,243.19,0.8,0.0,0.0,0.0
19/12/2006,13:03:00,0.224,0.0,243.72,1.0,0.0,0.0,0.0
19/12/2006,13:04:00,0.25,0.0,243.12,1.2,0.0,0.0,0.0
19/12/2006,13:05:00,0.3,0.102,243.65,1.4,0.0,1.0,0.0
19/12/2006,13:06:00,0.28,0.092,242.3,1.2,0.0,0.0,0.0
19/12/2006,13:07:00,0.298,0.094,241.8,1.2,0.0,0.0,0.0
19/12/2006,13:08:00,0.278,0.088,241.16,1.2,0.0,0.0,0.0
19/12/2006,13:09:00,0.296,0.094,241.41,1.2,0.0,0.0,0.0
19/12/2006,13:10:00,0.278,0.092,242.25,1.2,0.0,0.0,0.0
19/12/2006,13:11:00,0.498,0.172,242.6,2.2,0.0,4.0,0.0
19/12/2006,13:12:00,0.484,0.152,242.21,2.0,0.0,3.0,0.0
19/12/2006,13:13:00,0.436,0.09,243.03,1.8,0.0,4.0,0.0
19/12/2006,13:14:00,0.43,0.06,243.66,1.8,0.0,3.0,0.0
19/12/2006,13:15:00,0.534,0.206,243.48,2.2,0.0,4.0,0.0
19/12/2006,13:16:00,0.526,0.198,245.05,2.2,0.0,4.0,0.0
19/12/2006,13:17:00,0.53,0.21,244.06,2.2,0.0,3.0,0.0
19/12/2006,13:18:00,0.518,0.194,244.67,2.2,0.0,4.0,0.0
19/12/2006,13:19:00,0.326,0.136,244.69,1.4,0.0,0.0,0.0
19/12/2006,13:20:00,0.322,0.132,243.95,1.4,0.0,0.0,0.0
19/12/2006,13:21:00,0.308,0.13,244.0,1.4,0.0,1.0,0.0
19/12/2006,13:22:00,0.322,0.132,243.71,1.4,0.0,0.0,0.0
19/12/2006,13:23:00,0.302,0.126,243.52,1.4,0.0,0.0,0.0
19/12/2006,13:24:00,0.318,0.13,243.01,1.4,0.0,0.0,0.0
19/12/2006,13:25:00,0.304,0.13,243.99,1.4,0.0,0.0,0.0
19/12/2006,13:26:00,0.326,0.134,243.78,1.4,0.0,1.0,0.0
19/12/2006,13:27:00,0.306,0.126,243.35,1.4,0.0,0.0,0.0
19/12/2006,13:28:00,0.284,0.078,243.44,1.2,0.0,0.0,0.0
19/12/2006,13:29:00,0.204,0.0,243.64,0.8,0.0,0.0,0.0
19/12/2006,13:30:00,0.222,0.0,243.32,1.0,0.0,0.0,0.0
19/12/2006,13:31:00,0.202,0.0,241.94,0.8,0.0,0.0,0.0
19/12/2006,13:32:00,0.22,0.0,241.86,1.0,0.0,0.0,0.0
19/12/2006,13:33:00,0.202,0.0,242.2,0.8,0.0,0.0,0.0
19/12/2006,13:34:00,0.222,0.0,242.78,1.0,0.0,1.0,0.0
19/12/2006,13:35:00,0.202,0.0,242.54,0.8,0.0,0.0,0.0
19/12/2006,13:36:00,0.222,0.0,242.56,1.0,0.0,0.0,0.0
19/12/2006,13:37:00,0.202,0.0,242.07,0.8,0.0,0.0,0.0
19/12/2006,13:38:00,0.222,0.0,242.63,1.0,0.0,0.0,0.0
19/12/2006,13:39:00,0.204,0.0,243.04,0.8,0.0,0.0,0.0
19/12/2006,13:40:00,0.224,0.0,242.9,1.0,0.0,1.0,0.0
19/12/2006,13:41:00,0.208,0.0,242.01,0.8,0.0,0.0,0.0
19/12/2006,13:42:00,0.23,0.0,243.45,1.0,0.0,0.0,0.0
19/12/2006,13:43:00,0.208,0.0,243.2,0.8,0.0,0.0,0.0
19/12/2006,13:44:00,0.268,0.0,242.59,1.4,0.0,0.0,0.0
19/12/2006,13:45:00,0.28,0.094,243.09,1.2,0.0,0.0,0.0
19/12/2006,13:46:00,0.3,0.1,243.37,1.4,0.0,1.0,0.0
19/12/2006,13:47:00,0.282,0.094,243.12,1.2,0.0,0.0,0.0
19/12/2006,13:48:00,0.304,0.108,245.36,1.4,0.0,0.0,0.0
19/12/2006,13:49:00,0.294,0.11,246.79,1.2,0.0,0.0,0.0
19/12/2006,13:50:00,0.296,0.112,246.43,1.2,0.0,0.0,0.0
19/12/2006,13:51:00,0.3,0.11,245.85,1.4,0.0,0.0,0.0
19/12/2006,13:52:00,0.282,0.104,245.95,1.2,0.0,1.0,0.0
19/12/2006,13:53:00,0.358,0.154,245.48,1.6,0.0,0.0,0.0
19/12/2006,13:54:00,0.318,0.136,245.62,1.4,0.0,0.0,0.0
19/12/2006,13:55:00,0.334,0.14,245.22,1.4,0.0,0.0,0.0
19/12/2006,13:56:00,0.318,0.13,244.45,1.4,0.0,0.0,0.0
19/12/2006,13:57:00,0.338,0.14,245.46,1.4,0.0,1.0,0.0
19/12/2006,13:58:00,0.316,0.134,245.25,1.4,0.0,0.0,0.0
19/12/2006,13:59:00,0.334,0.142,245.57,1.4,0.0,0.0,0.0
19/12/2006,14:00:00,0.314,0.136,245.7,1.4,0.0,0.0,0.0
19/12/2006,14:01:00,0.326,0.144,246.1,1.4,0.0,0.0,0.0
19/12/2006,14:02:00,0.308,0.142,246.95,1.4,0.0,0.0,0.0
19/12/2006,14:03:00,0.324,0.146,246.46,1.4,0.0,1.0,0.0
19/12/2006,14:04:00,0.344,0.172,245.52,1.6,0.0,0.0,0.0
19/12/2006,14:05:00,0.408,0.268,245.21,2.0,0.0,2.0,0.0
19/12/2006,14:06:00,0.372,0.24,245.2,1.8,0.0,1.0,0.0
19/12/2006,14:07:00,0.314,0.132,246.11,1.4,0.0,2.0,0.0
19/12/2006,14:08:00,0.294,0.122,245.38,1.2,0.0,2.0,0.0
19/12/2006,14:09:00,0.314,0.13,245.95,1.4,0.0,2.0,0.0
19/12/2006,14:10:00,0.298,0.128,246.56,1.2,0.0,1.0,0.0
19/12/2006,14:11:00,0.322,0.132,246.27,1.4,0.0,2.0,0.0
19/12/2006,14:12:00,0.302,0.128,246.71,1.4,0.0,1.0,0.0
19/12/2006,14:13:00,0.32,0.132,246.38,1.4,0.0,2.0,0.0
19/12/2006,14:14:00,0.3,0.128,246.78,1.2,0.0,2.0,0.0
19/12/2006,14:15:00,0.318,0.128,245.79,1.4,0.0,1.0,0.0
19/12/2006,14:16:00,0.298,0.126,246.57,1.2,0.0,2.0,0.0
19/12/2006,14:17:00,0.316,0.132,246.66,1.4,0.0,1.0,0.0
19/12/2006,14:18:00,0.29,0.124,246.22,1.2,0.0,2.0,0.0
19/12/2006,14:19:00,0.308,0.134,246.73,1.4,0.0,1.0,0.0
19/12/2006,14:20:00,0.296,0.128,246.46,1.4,0.0,2.0,0.0
19/12/2006,14:21:00,0.296,0.13,246.48,1.2,0.0,1.0,0.0
19/12/2006,14:22:00,0.306,0.134,247.11,1.4,0.0,2.0,0.0
19/12/2006,14:23:00,0.286,0.128,247.0,1.2,0.0,1.0,0.0
19/12/2006,14:24:00,0.304,0.132,246.57,1.4,0.0,2.0,0.0
19/12/2006,14:25:00,0.37,0.226,247.33,1.8,0.0,1.0,0.0
19/12/2006,14:26:00,0.388,0.248,247.49,1.8,0.0,2.0,0.0
19/12/2006,14:27:00,0.368,0.238,246.7,1.8,0.0,1.0,0.0
19/12/2006,14:28:00,0.388,0.248,247.38,1.8,0.0,2.0,0.0
19/12/2006,14:29:00,0.334,0.182,247.26,1.6,0.0,1.0,0.0
19/12/2006,14:30:00,0.312,0.12,247.8,1.4,0.0,0.0,0.0
19/12/2006,14:31:00,0.372,0.2,247.53,1.8,0.0,0.0,0.0
19/12/2006,14:32:00,0.422,0.262,247.43,2.0,0.0,0.0,0.0
19/12/2006,14:33:00,0.376,0.228,247.28,1.8,0.0,0.0,0.0
19/12/2006,14:34:00,0.336,0.154,247.82,1.4,0.0,0.0,0.0
19/12/2006,14:35:00,0.314,0.146,247.57,1.4,0.0,0.0,0.0
19/12/2006,14:36:00,0.332,0.154,247.75,1.4,0.0,1.0,0.0
19/12/2006,14:37:00,0.308,0.134,245.47,1.4,0.0,0.0,0.0
19/12/2006,14:38:00,0.326,0.142,245.75,1.4,0.0,0.0,0.0
19/12/2006,14:39:00,0.306,0.138,246.08,1.4,0.0,0.0,0.0
19/12/2006,14:40:00,0.326,0.142,245.84,1.4,0.0,0.0,0.0
19/12/2006,14:41:00,0.312,0.14,246.38,1.4,0.0,0.0,0.0
19/12/2006,14:42:00,0.334,0.152,247.4,1.4,0.0,1.0,0.0
19/12/2006,14:43:00,0.312,0.146,247.36,1.4,0.0,0.0,0.0
19/12/2006,14:44:00,0.334,0.156,248.24,1.4,0.0,0.0,0.0
19/12/2006,14:45:00,0.238,0.0,247.9,1.0,0.0,0.0,0.0
19/12/2006,14:46:00,0.236,0.0,247.31,1.0,0.0,0.0,0.0
19/12/2006,14:47:00,0.216,0.0,247.87,0.8,0.0,0.0,0.0
19/12/2006,14:48:00,0.228,0.0,247.59,1.0,0.0,1.0,0.0
19/12/2006,14:49:00,0.21,0.0,248.05,0.8,0.0,0.0,0.0
19/12/2006,14:50:00,0.23,0.0,248.06,1.0,0.0,0.0,0.0
19/12/2006,14:51:00,0.224,0.0,248.4,1.0,0.0,0.0,0.0
19/12/2006,14:52:00,0.218,0.0,248.53,1.0,0.0,0.0,0.0
19/12/2006,14:53:00,0.232,0.0,248.89,1.0,0.0,1.0,0.0
19/12/2006,14:54:00,0.212,0.0,248.61,0.8,0.0,0.0,0.0
19/12/2006,14:55:00,0.232,0.0,248.28,1.0,0.0,0.0,0.0
19/12/2006,14:56:00,0.218,0.0,247.62,0.8,0.0,0.0,0.0
19/12/2006,14:57:00,0.236,0.0,247.26,1.0,0.0,0.0,0.0
19/12/2006,14:58:00,0.216,0.0,247.24,0.8,0.0,0.0,0.0
19/12/2006,14:59:00,0.234,0.0,246.41,1.0,0.0,1.0,0.0
19/12/2006,15:00:00,0.216,0.0,246.96,0.8,0.0,0.0,0.0
19/12/2006,15:01:00,0.236,0.0,248.15,1.0,0.0,0.0,0.0
19/12/2006,15:02:00,0.21,0.0,247.46,0.8,0.0,0.0,0.0
19/12/2006,15:03:00,0.228,0.0,247.21,1.0,0.0,0.0,0.0
19/12/2006,15:04:00,0.21,0.0,247.44,0.8,0.0,0.0,0.0
19/12/2006,15:05:00,0.284,0.06,246.44,1.4,0.0,1.0,0.0
19/12/2006,15:06:00,0.286,0.108,246.72,1.2,0.0,0.0,0.0
19/12/2006,15:07:00,0.308,0.118,247.41,1.4,0.0,0.0,0.0
19/12/2006,15:08:00,0.29,0.114,247.76,1.2,0.0,0.0,0.0
19/12/2006,15:09:00,0.354,0.16,246.99,1.6,0.0,0.0,0.0
19/12/2006,15:10:00,0.39,0.23,243.04,1.8,0.0,0.0,0.0
19/12/2006,15:11:00,0.408,0.234,242.5,2.0,0.0,1.0,0.0
19/12/2006,15:12:00,0.384,0.222,241.24,1.8,0.0,0.0,0.0
19/12/2006,15:13:00,0.394,0.214,238.67,1.8,0.0,0.0,0.0
19/12/2006,15:14:00,0.312,0.118,236.46,1.4,0.0,0.0,0.0
19/12/2006,15:15:00,0.314,0.102,236.6,1.4,0.0,0.0,0.0
19/12/2006,15:16:00,0.29,0.1,236.7,1.2,0.0,0.0,0.0
19/12/2006,15:17:00,0.308,0.106,237.47,1.4,0.0,1.0,0.0
19/12/2006,15:18:00,0.288,0.102,237.53,1.2,0.0,0.0,0.0
19/12/2006,15:19:00,0.306,0.106,237.47,1.4,0.0,0.0,0.0
19/12/2006,15:20:00,0.29,0.104,238.01,1.2,0.0,0.0,0.0
19/12/2006,15:21:00,0.304,0.108,238.03,1.4,0.0,0.0,0.0
19/12/2006,15:22:00,0.304,0.108,238.29,1.4,0.0,0.0,0.0
19/12/2006,15:23:00,0.256,0.056,238.12,1.2,0.0,0.0,0.0
19/12/2006,15:24:00,0.212,0.0,238.24,1.0,0.0,1.0,0.0
19/12/2006,15:25:00,0.196,0.0,237.83,0.8,0.0,0.0,0.0
19/12/2006,15:26:00,0.22,0.0,238.31,1.0,0.0,0.0,0.0
19/12/2006,15:27:00,0.2,0.0,237.74,0.8,0.0,0.0,0.0
19/12/2006,15:28:00,0.22,0.0,238.47,1.0,0.0,0.0,0.0
19/12/2006,15:29:00,0.2,0.0,238.59,0.8,0.0,0.0,0.0
19/12/2006,15:30:00,0.218,0.0,238.05,1.0,0.0,1.0,0.0
19/12/2006,15:31:00,0.198,0.0,238.13,0.8,0.0,0.0,0.0
19/12/2006,15:32:00,0.212,0.0,238.11,1.0,0.0,0.0,0.0
19/12/2006,15:33:00,0.194,0.0,238.25,0.8,0.0,0.0,0.0
19/12/2006,15:34:00,0.214,0.0,239.76,1.0,0.0,0.0,0.0
19/12/2006,15:35:00,0.196,0.0,240.24,0.8,0.0,0.0,0.0
19/12/2006,15:36:00,0.218,0.0,241.38,1.0,0.0,1.0,0.0
19/12/2006,15:37:00,0.202,0.0,243.07,0.8,0.0,0.0,0.0
19/12/2006,15:38:00,0.216,0.0,240.77,1.0,0.0,0.0,0.0
19/12/2006,15:39:00,0.198,0.0,240.66,0.8,0.0,0.0,0.0
19/12/2006,15:40:00,0.222,0.0,242.45,1.0,0.0,0.0,0.0
19/12/2006,15:41:00,0.208,0.0,242.68,0.8,0.0,0.0,0.0
19/12/2006,15:42:00,0.23,0.0,243.19,1.0,0.0,1.0,0.0
19/12/2006,15:43:00,0.21,0.0,243.48,0.8,0.0,0.0,0.0
19/12/2006,15:44:00,0.23,0.0,243.69,1.0,0.0,0.0,0.0
19/12/2006,15:45:00,0.252,0.0,244.04,1.0,0.0,0.0,0.0
19/12/2006,15:46:00,0.406,0.068,242.53,1.8,0.0,0.0,0.0
19/12/2006,15:47:00,0.39,0.09,242.46,1.6,0.0,0.0,0.0
19/12/2006,15:48:00,0.522,0.224,241.98,2.4,0.0,1.0,0.0
19/12/2006,15:49:00,0.426,0.222,241.61,2.0,0.0,0.0,0.0
19/12/2006,15:50:00,0.398,0.224,240.89,1.8,0.0,0.0,0.0
19/12/2006,15:51:00,0.388,0.228,242.3,1.8,0.0,0.0,0.0
19/12/2006,15:52:00,0.74,0.236,243.81,3.8,0.0,0.0,3.0
19/12/2006,15:53:00,1.53,0.228,243.36,6.2,0.0,0.0,19.0
19/12/2006,15:54:00,1.494,0.222,243.39,6.2,0.0,1.0,19.0
19/12/2006,15:55:00,1.44,0.138,243.09,5.8,0.0,0.0,18.0
19/12/2006,15:56:00,1.406,0.116,243.09,5.8,0.0,0.0,18.0
19/12/2006,15:57:00,1.432,0.126,244.14,5.8,0.0,0.0,19.0
19/12/2006,15:58:00,1.438,0.132,246.9,5.8,0.0,0.0,19.0
19/12/2006,15:59:00,1.436,0.128,245.09,5.8,0.0,1.0,18.0
19/12/2006,16:00:00,1.404,0.12,244.18,5.6,0.0,0.0,18.0
19/12/2006,16:01:00,1.422,0.122,244.28,5.8,0.0,0.0,19.0
19/12/2006,16:02:00,1.314,0.0,244.53,5.2,0.0,0.0,18.0
19/12/2006,16:03:00,1.326,0.0,244.51,5.4,0.0,0.0,18.0
19/12/2006,16:04:00,1.298,0.0,243.7,5.2,0.0,0.0,18.0
19/12/2006,16:05:00,1.302,0.0,242.45,5.4,0.0,0.0,18.0
19/12/2006,16:06:00,1.292,0.0,243.29,5.2,0.0,0.0,19.0
19/12/2006,16:07:00,1.316,0.0,243.73,5.4,0.0,1.0,18.0
19/12/2006,16:08:00,1.296,0.0,243.5,5.2,0.0,0.0,18.0
19/12/2006,16:09:00,1.314,0.0,243.47,5.4,0.0,0.0,18.0
19/12/2006,16:10:00,1.364,0.066,242.92,5.6,0.0,1.0,18.0
19/12/2006,16:11:00,1.402,0.11,243.15,5.8,0.0,2.0,18.0
19/12/2006,16:12:00,1.386,0.106,243.77,5.6,0.0,2.0,18.0
19/12/2006,16:13:00,1.41,0.112,243.97,5.8,0.0,1.0,19.0
19/12/2006,16:14:00,1.374,0.1,242.38,5.6,0.0,2.0,18.0
19/12/2006,16:15:00,1.392,0.106,242.29,5.6,0.0,1.0,18.0
19/12/2006,16:16:00,1.376,0.102,242.71,5.6,0.0,2.0,18.0
19/12/2006,16:17:00,1.4,0.108,243.1,5.8,0.0,2.0,18.0
19/12/2006,16:18:00,1.37,0.102,242.5,5.6,0.0,1.0,18.0
19/12/2006,16:19:00,1.378,0.102,241.79,5.6,0.0,2.0,18.0
19/12/2006,16:20:00,1.35,0.094,240.99,5.6,0.0,1.0,17.0
19/12/2006,16:21:00,1.374,0.102,241.57,5.6,0.0,2.0,18.0
19/12/2006,16:22:00,1.368,0.1,241.77,5.6,0.0,1.0,18.0
19/12/2006,16:23:00,1.362,0.1,241.69,5.6,0.0,2.0,18.0
19/12/2006,16:24:00,1.37,0.102,241.48,5.6,0.0,2.0,18.0
19/12/2006,16:25:00,1.35,0.096,241.24,5.6,0.0,1.0,18.0
19/12/2006,16:26:00,1.462,0.196,241.51,6.0,0.0,2.0,17.0
19/12/2006,16:27:00,1.532,0.306,241.25,6.4,0.0,1.0,18.0
19/12/2006,16:28:00,1.558,0.344,241.99,6.6,0.0,2.0,18.0
19/12/2006,16:29:00,1.552,0.346,243.13,6.4,0.0,1.0,18.0
19/12/2006,16:30:00,1.572,0.354,243.47,6.6,0.0,2.0,18.0
19/12/2006,16:31:00,1.548,0.348,243.36,6.4,0.0,1.0,19.0
19/12/2006,16:32:00,1.57,0.356,243.89,6.6,0.0,1.0,18.0
19/12/2006,16:33:00,1.546,0.352,243.93,6.4,0.0,2.0,18.0
19/12/2006,16:34:00,1.538,0.34,242.5,6.4,0.0,1.0,18.0
19/12/2006,16:35:00,1.45,0.218,242.58,6.0,0.0,0.0,18.0
19/12/2006,16:36:00,1.416,0.148,242.42,5.8,0.0,1.0,18.0
19/12/2006,16:37:00,1.376,0.112,242.46,5.6,0.0,0.0,18.0
19/12/2006,16:38:00,1.394,0.116,242.3,5.8,0.0,0.0,18.0
19/12/2006,16:39:00,1.38,0.114,242.73,5.6,0.0,0.0,18.0
19/12/2006,16:40:00,1.32,0.0,242.98,5.4,0.0,0.0,18.0
19/12/2006,16:41:00,1.294,0.0,242.83,5.2,0.0,0.0,18.0
19/12/2006,16:42:00,1.36,0.0,242.41,5.6,0.0,1.0,18.0
19/12/2006,16:43:00,1.294,0.0,242.88,5.2,0.0,0.0,18.0
19/12/2006,16:44:00,1.376,0.0,243.87,5.6,0.0,0.0,18.0
19/12/2006,16:45:00,1.354,0.0,244.16,5.4,0.0,0.0,18.0
19/12/2006,16:46:00,1.324,0.0,243.83,5.4,0.0,0.0,19.0
19/12/2006,16:47:00,1.306,0.0,244.08,5.2,0.0,0.0,18.0
19/12/2006,16:48:00,1.31,0.0,243.24,5.4,0.0,1.0,18.0
19/12/2006,16:49:00,1.29,0.0,243.17,5.2,0.0,0.0,18.0
19/12/2006,16:50:00,1.306,0.0,242.75,5.4,0.0,0.0,18.0
19/12/2006,16:51:00,1.27,0.0,241.3,5.2,0.0,0.0,18.0
19/12/2006,16:52:00,1.298,0.0,241.98,5.2,0.0,0.0,18.0
19/12/2006,16:53:00,1.28,0.0,240.86,5.2,0.0,0.0,18.0
19/12/2006,16:54:00,1.276,0.0,241.32,5.2,0.0,0.0,17.0
19/12/2006,16:55:00,1.302,0.0,242.3,5.4,0.0,1.0,18.0
19/12/2006,16:56:00,1.292,0.0,242.55,5.2,0.0,0.0,18.0
19/12/2006,16:57:00,1.306,0.0,242.09,5.4,0.0,0.0,18.0
19/12/2006,16:58:00,1.282,0.0,241.6,5.2,0.0,0.0,18.0
19/12/2006,16:59:00,1.284,0.0,240.18,5.2,0.0,0.0,18.0
19/12/2006,17:00:00,1.268,0.0,240.44,5.2,0.0,0.0,18.0
19/12/2006,17:01:00,1.292,0.0,240.85,5.2,0.0,1.0,17.0
19/12/2006,17:02:00,1.274,0.0,241.2,5.2,0.0,0.0,18.0
19/12/2006,17:03:00,1.292,0.0,241.5,5.2,0.0,0.0,18.0
19/12/2006,17:04:00,1.314,0.0,240.89,5.4,0.0,0.0,18.0
19/12/2006,17:05:00,1.384,0.106,239.92,5.8,0.0,0.0,17.0
19/12/2006,17:06:00,1.358,0.1,239.48,5.6,0.0,0.0,18.0
19/12/2006,17:07:00,1.374,0.104,239.54,5.6,0.0,1.0,17.0
19/12/2006,17:08:00,1.394,0.144,238.22,5.8,0.0,0.0,18.0
19/12/2006,17:09:00,1.426,0.198,237.57,6.0,0.0,0.0,17.0
19/12/2006,17:10:00,1.424,0.2,239.04,6.0,0.0,0.0,18.0
19/12/2006,17:11:00,1.552,0.202,238.56,6.4,0.0,0.0,17.0
19/12/2006,17:12:00,1.544,0.202,239.6,6.4,0.0,0.0,18.0
19/12/2006,17:13:00,1.55,0.208,239.88,6.4,0.0,1.0,17.0
19/12/2006,17:14:00,1.53,0.202,239.68,6.4,0.0,0.0,18.0
19/12/2006,17:15:00,1.54,0.204,239.08,6.4,0.0,0.0,17.0
19/12/2006,17:16:00,1.512,0.198,238.47,6.4,0.0,0.0,18.0
19/12/2006,17:17:00,1.504,0.162,238.7,6.2,0.0,0.0,17.0
19/12/2006,17:18:00,1.53,0.0,239.1,6.4,0.0,0.0,18.0
19/12/2006,17:19:00,1.692,0.0,239.46,7.0,0.0,1.0,17.0
19/12/2006,17:20:00,1.448,0.0,238.96,6.0,0.0,0.0,18.0
19/12/2006,17:21:00,1.504,0.0,239.55,6.2,0.0,0.0,17.0
19/12/2006,17:22:00,1.622,0.0,240.13,6.6,0.0,0.0,18.0
19/12/2006,17:23:00,1.612,0.0,239.82,6.6,0.0,0.0,18.0
19/12/2006,17:24:00,1.446,0.0,240.51,6.0,0.0,0.0,17.0
19/12/2006,17:25:00,1.432,0.0,239.96,5.8,0.0,1.0,18.0
19/12/2006,17:26:00,1.446,0.0,239.18,6.0,0.0,0.0,17.0
19/12/2006,17:27:00,1.422,0.0,238.75,5.8,0.0,0.0,18.0
19/12/2006,17:28:00,1.436,0.0,238.38,6.0,0.0,0.0,17.0
19/12/2006,17:29:00,1.562,0.0,239.07,6.4,0.0,0.0,18.0
19/12/2006,17:30:00,1.56,0.0,239.79,6.4,0.0,1.0,17.0
19/12/2006,17:31:00,1.692,0.0,239.13,7.0,0.0,0.0,18.0
19/12/2006,17:32:00,1.988,0.0,239.39,8.4,0.0,0.0,17.0
19/12/2006,17:33:00,2.274,0.0,238.75,9.4,0.0,0.0,18.0
19/12/2006,17:34:00,2.292,0.0,238.81,9.6,0.0,0.0,17.0
19/12/2006,17:35:00,2.268,0.0,238.56,9.4,0.0,0.0,18.0
19/12/2006,17:36:00,2.294,0.0,238.95,9.6,0.0,0.0,17.0
19/12/2006,17:37:00,2.264,0.0,238.23,9.4,0.0,0.0,18.0
19/12/2006,17:38:00,2.276,0.0,237.87,9.4,0.0,1.0,17.0
19/12/2006,17:39:00,2.258,0.0,237.88,9.4,0.0,0.0,17.0
19/12/2006,17:40:00,2.276,0.0,237.74,9.4,0.0,0.0,18.0
19/12/2006,17:41:00,2.264,0.0,237.79,9.4,0.0,0.0,17.0
19/12/2006,17:42:00,2.332,0.0,238.09,9.8,0.0,0.0,17.0
19/12/2006,17:43:00,2.276,0.092,237.59,9.6,0.0,0.0,18.0
19/12/2006,17:44:00,2.112,0.1,237.95,8.8,0.0,1.0,17.0
19/12/2006,17:45:00,2.1,0.096,238.62,8.8,0.0,0.0,17.0
19/12/2006,17:46:00,2.146,0.11,238.45,9.0,0.0,0.0,18.0
19/12/2006,17:47:00,2.09,0.096,238.1,8.8,0.0,0.0,17.0
19/12/2006,17:48:00,3.036,0.34,238.2,13.2,0.0,0.0,18.0
19/12/2006,17:49:00,3.588,0.474,236.16,15.4,0.0,0.0,17.0
19/12/2006,17:50:00,3.704,0.538,235.74,15.8,0.0,1.0,17.0
19/12/2006,17:51:00,3.628,0.564,236.69,15.4,0.0,0.0,17.0
19/12/2006,17:52:00,3.628,0.564,236.62,15.4,0.0,0.0,17.0
19/12/2006,17:53:00,3.624,0.552,236.53,15.4,0.0,0.0,17.0
19/12/2006,17:54:00,3.726,0.556,237.05,15.8,0.0,0.0,17.0
19/12/2006,17:55:00,3.762,0.562,237.59,16.0,0.0,0.0,18.0
19/12/2006,17:56:00,3.996,0.606,236.92,17.0,0.0,1.0,17.0
19/12/2006,17:57:00,3.798,0.422,235.93,16.2,0.0,0.0,17.0
19/12/2006,17:58:00,3.904,0.416,236.0,16.6,0.0,0.0,17.0
19/12/2006,17:59:00,3.85,0.348,235.79,16.4,0.0,0.0,17.0
19/12/2006,18:00:00,2.36,0.0,238.05,9.8,0.0,0.0,17.0
19/12/2006,18:01:00,2.306,0.0,238.26,9.6,0.0,1.0,18.0
19/12/2006,18:02:00,2.292,0.0,238.68,9.6,0.0,0.0,17.0
19/12/2006,18:03:00,2.322,0.0,239.38,9.6,0.0,0.0,18.0
19/12/2006,18:04:00,2.352,0.0,238.89,9.8,0.0,0.0,17.0
19/12/2006,18:05:00,2.448,0.0,239.51,10.2,0.0,0.0,18.0
19/12/2006,18:06:00,2.502,0.0,239.56,10.4,0.0,0.0,17.0
19/12/2006,18:07:00,2.368,0.0,238.32,9.8,0.0,0.0,18.0
19/12/2006,18:08:00,2.542,0.0,237.88,10.6,0.0,0.0,17.0
19/12/2006,18:09:00,2.814,0.0,237.33,11.8,0.0,1.0,17.0
19/12/2006,18:10:00,2.822,0.0,237.61,11.8,0.0,0.0,18.0
19/12/2006,18:11:00,2.918,0.0,237.34,12.2,0.0,0.0,17.0
19/12/2006,18:12:00,2.638,0.0,236.97,11.0,0.0,0.0,17.0
19/12/2006,18:13:00,2.744,0.0,236.85,11.6,0.0,0.0,17.0
19/12/2006,18:14:00,2.734,0.0,236.65,11.4,0.0,0.0,17.0
19/12/2006,18:15:00,2.764,0.0,237.17,11.6,0.0,1.0,18.0
19/12/2006,18:16:00,2.656,0.0,237.18,11.2,0.0,0.0,17.0
19/12/2006,18:17:00,2.694,0.084,237.95,11.4,0.0,0.0,17.0
19/12/2006,18:18:00,3.696,0.14,236.05,15.6,0.0,0.0,17.0
19/12/2006,18:19:00,2.948,0.23,237.41,12.6,0.0,2.0,18.0
19/12/2006,18:20:00,2.654,0.29,237.75,11.6,0.0,1.0,17.0
19/12/2006,18:21:00,2.364,0.384,237.19,10.4,0.0,2.0,17.0
19/12/2006,18:22:00,2.248,0.376,236.37,9.8,0.0,1.0,17.0
19/12/2006,18:23:00,2.068,0.388,237.15,9.0,0.0,2.0,17.0
19/12/2006,18:24:00,1.612,0.356,237.3,6.8,0.0,1.0,18.0
19/12/2006,18:25:00,1.988,0.238,236.94,8.4,0.0,2.0,17.0
19/12/2006,18:26:00,1.872,0.216,237.3,7.8,0.0,2.0,17.0
19/12/2006,18:27:00,1.818,0.214,237.88,7.6,0.0,1.0,17.0
19/12/2006,18:28:00,1.842,0.238,237.56,7.8,0.0,2.0,18.0
19/12/2006,18:29:00,2.242,0.376,238.32,9.4,0.0,1.0,17.0
19/12/2006,18:30:00,2.294,0.21,238.44,9.6,0.0,2.0,18.0
19/12/2006,18:31:00,2.282,0.274,238.14,9.6,0.0,1.0,17.0
19/12/2006,18:32:00,2.138,0.316,238.5,9.0,0.0,2.0,17.0
19/12/2006,18:33:00,2.126,0.314,238.95,9.0,0.0,1.0,18.0
19/12/2006,18:34:00,2.112,0.262,239.63,8.8,0.0,2.0,17.0
19/12/2006,18:35:00,2.034,0.184,239.16,8.4,0.0,1.0,18.0
19/12/2006,18:36:00,2.04,0.186,238.43,8.6,0.0,2.0,17.0
19/12/2006,18:37:00,2.004,0.178,237.52,8.4,0.0,1.0,18.0
19/12/2006,18:38:00,2.088,0.178,236.98,8.8,0.0,2.0,17.0
19/12/2006,18:39:00,2.11,0.174,237.35,8.8,0.0,1.0,17.0
19/12/2006,18:40:00,1.944,0.084,236.56,8.2,0.0,2.0,17.0
19/12/2006,18:41:00,1.92,0.074,236.76,8.0,0.0,1.0,17.0
19/12/2006,18:42:00,1.928,0.074,235.98,8.0,0.0,2.0,17.0
19/12/2006,18:43:00,1.93,0.076,237.42,8.0,0.0,1.0,18.0
19/12/2006,18:44:00,1.906,0.0,237.81,8.0,0.0,1.0,17.0
19/12/2006,18:45:00,1.802,0.0,238.05,7.6,0.0,0.0,17.0
19/12/2006,18:46:00,1.824,0.0,237.72,7.6,0.0,0.0,18.0
19/12/2006,18:47:00,1.844,0.0,237.46,7.6,0.0,0.0,17.0
19/12/2006,18:48:00,1.85,0.0,236.62,7.8,0.0,0.0,17.0
19/12/2006,18:49:00,1.836,0.0,236.83,7.6,0.0,0.0,17.0
19/12/2006,18:50:00,1.854,0.0,236.83,7.8,0.0,1.0,18.0
19/12/2006,18:51:00,1.828,0.0,236.37,7.6,0.0,0.0,17.0
19/12/2006,18:52:00,1.848,0.0,236.44,7.8,0.0,0.0,17.0
19/12/2006,18:53:00,1.836,0.0,236.9,7.6,0.0,0.0,17.0
19/12/2006,18:54:00,1.854,0.0,236.89,7.8,0.0,0.0,17.0
19/12/2006,18:55:00,1.854,0.0,237.14,7.8,0.0,0.0,17.0
19/12/2006,18:56:00,1.834,0.0,236.59,7.6,0.0,1.0,18.0
19/12/2006,18:57:00,1.886,0.0,239.05,7.8,0.0,0.0,17.0
19/12/2006,18:58:00,1.862,0.0,238.73,7.8,0.0,0.0,18.0
19/12/2006,18:59:00,1.986,0.084,238.38,8.2,0.0,0.0,17.0
19/12/2006,19:00:00,1.97,0.092,238.95,8.2,0.0,0.0,17.0
19/12/2006,19:01:00,1.97,0.092,237.89,8.2,0.0,0.0,18.0
19/12/2006,19:02:00,1.952,0.088,238.09,8.2,0.0,0.0,17.0
19/12/2006,19:03:00,1.99,0.144,238.18,8.4,0.0,1.0,18.0
19/12/2006,19:04:00,2.046,0.292,238.49,8.6,0.0,0.0,17.0
19/12/2006,19:05:00,1.956,0.156,238.66,8.2,0.0,0.0,17.0
19/12/2006,19:06:00,1.842,0.092,238.9,7.6,0.0,0.0,18.0
19/12/2006,19:07:00,2.38,0.134,238.28,10.0,0.0,0.0,17.0
19/12/2006,19:08:00,2.072,0.092,238.16,8.6,0.0,0.0,18.0
19/12/2006,19:09:00,2.054,0.102,239.16,8.6,0.0,1.0,17.0
19/12/2006,19:10:00,1.548,0.094,239.61,6.4,0.0,0.0,18.0
19/12/2006,19:11:00,1.476,0.104,240.37,6.2,0.0,0.0,17.0
19/12/2006,19:12:00,1.356,0.084,241.06,5.6,0.0,0.0,18.0
19/12/2006,19:13:00,1.398,0.082,242.1,5.8,0.0,0.0,18.0
19/12/2006,19:14:00,1.354,0.072,241.43,5.6,0.0,0.0,18.0
19/12/2006,19:15:00,1.374,0.078,241.38,5.6,0.0,1.0,18.0
19/12/2006,19:16:00,1.362,0.074,242.13,5.6,0.0,0.0,18.0
19/12/2006,19:17:00,1.35,0.072,241.54,5.6,0.0,0.0,18.0
19/12/2006,19:18:00,1.338,0.07,240.78,5.4,0.0,0.0,17.0
19/12/2006,19:19:00,1.34,0.07,241.06,5.4,0.0,0.0,18.0
19/12/2006,19:20:00,1.368,0.068,240.59,5.6,0.0,0.0,18.0
19/12/2006,19:21:00,2.048,0.106,240.53,8.8,0.0,0.0,18.0
19/12/2006,19:22:00,2.41,0.056,240.03,10.0,0.0,0.0,17.0
19/12/2006,19:23:00,2.218,0.0,240.46,9.2,0.0,0.0,18.0
19/12/2006,19:24:00,2.36,0.0,240.1,9.8,0.0,0.0,18.0
19/12/2006,19:25:00,2.364,0.0,240.19,9.8,0.0,0.0,17.0
19/12/2006,19:26:00,2.36,0.0,239.62,9.8,0.0,0.0,18.0
19/12/2006,19:27:00,2.37,0.0,240.28,9.8,0.0,0.0,18.0
19/12/2006,19:28:00,2.38,0.0,240.81,9.8,0.0,0.0,17.0
19/12/2006,19:29:00,2.356,0.0,239.41,9.8,0.0,0.0,18.0
19/12/2006,19:30:00,2.354,0.0,239.23,9.8,0.0,0.0,17.0
19/12/2006,19:31:00,2.364,0.0,239.88,9.8,0.0,0.0,18.0
19/12/2006,19:32:00,2.368,0.0,240.42,9.8,0.0,0.0,18.0
19/12/2006,19:33:00,2.364,0.0,240.25,9.8,0.0,0.0,17.0
19/12/2006,19:34:00,2.362,0.0,240.35,9.8,0.0,0.0,18.0
19/12/2006,19:35:00,2.374,0.0,240.89,9.8,0.0,0.0,18.0
19/12/2006,19:36:00,2.372,0.0,240.81,9.8,0.0,0.0,18.0
19/12/2006,19:37:00,2.486,0.126,241.18,10.2,0.0,0.0,17.0
19/12/2006,19:38:00,2.498,0.15,242.25,10.2,0.0,0.0,18.0
19/12/2006,19:39:00,1.888,0.1,243.13,7.8,0.0,0.0,11.0
19/12/2006,19:40:00,1.544,0.098,244.03,6.2,0.0,0.0,0.0
19/12/2006,19:41:00,1.528,0.094,243.29,6.2,0.0,0.0,0.0
19/12/2006,19:42:00,1.488,0.098,242.9,6.0,0.0,0.0,0.0
19/12/2006,19:43:00,1.336,0.098,242.67,5.4,0.0,0.0,0.0
19/12/2006,19:44:00,1.34,0.096,243.24,5.4,0.0,0.0,0.0
19/12/2006,19:45:00,1.344,0.098,243.76,5.4,0.0,0.0,0.0
19/12/2006,19:46:00,1.332,0.094,242.57,5.4,0.0,0.0,0.0
19/12/2006,19:47:00,1.336,0.094,242.93,5.4,0.0,0.0,0.0
19/12/2006,19:48:00,1.342,0.098,243.66,5.4,0.0,0.0,0.0
19/12/2006,19:49:00,1.34,0.098,243.55,5.4,0.0,0.0,0.0
19/12/2006,19:50:00,1.344,0.102,244.36,5.4,0.0,0.0,0.0
19/12/2006,19:51:00,1.416,0.0,243.99,5.8,0.0,0.0,0.0
19/12/2006,19:52:00,1.42,0.0,244.1,5.8,0.0,0.0,0.0
19/12/2006,19:53:00,1.28,0.0,244.09,5.2,0.0,0.0,0.0
19/12/2006,19:54:00,1.278,0.0,243.65,5.2,0.0,0.0,0.0
19/12/2006,19:55:00,1.688,0.064,242.04,7.0,0.0,0.0,0.0
19/12/2006,19:56:00,1.948,0.064,240.76,8.0,0.0,0.0,0.0
19/12/2006,19:57:00,1.984,0.094,241.31,8.2,0.0,0.0,0.0
19/12/2006,19:58:00,2.324,0.27,240.82,9.6,0.0,0.0,0.0
19/12/2006,19:59:00,2.122,0.126,240.45,8.8,0.0,0.0,0.0
19/12/2006,20:00:00,1.904,0.12,240.82,8.0,0.0,0.0,0.0
19/12/2006,20:01:00,2.144,0.162,240.05,9.0,0.0,0.0,0.0
19/12/2006,20:02:00,2.166,0.166,241.14,9.0,0.0,0.0,0.0
19/12/2006,20:03:00,2.004,0.172,241.87,8.4,0.0,0.0,0.0
19/12/2006,20:04:00,1.898,0.138,242.19,7.8,0.0,0.0,0.0
19/12/2006,20:05:00,1.626,0.0,242.22,6.6,0.0,0.0,0.0
19/12/2006,20:06:00,1.784,0.0,242.12,7.6,0.0,1.0,0.0
19/12/2006,20:07:00,3.466,0.0,240.67,14.4,0.0,37.0,0.0
19/12/2006,20:08:00,2.922,0.05,240.39,12.6,0.0,29.0,0.0
19/12/2006,20:09:00,3.324,0.0,240.42,13.8,0.0,35.0,0.0
19/12/2006,20:10:00,2.51,0.054,241.98,10.8,0.0,32.0,0.0
19/12/2006,20:11:00,2.714,0.0,241.98,11.4,0.0,33.0,0.0
19/12/2006,20:12:00,2.788,0.054,241.51,11.6,0.0,36.0,0.0
19/12/2006,20:13:00,3.366,0.0,241.38,13.8,0.0,37.0,0.0
19/12/2006,20:14:00,3.532,0.0,241.34,14.6,0.0,36.0,0.0
19/12/2006,20:15:00,4.144,0.222,237.13,17.4,0.0,36.0,0.0
19/12/2006,20:16:00,4.142,0.168,238.27,17.4,0.0,35.0,0.0
19/12/2006,20:17:00,4.186,0.184,238.11,17.6,0.0,36.0,0.0
19/12/2006,20:18:00,5.342,0.406,236.75,23.0,0.0,35.0,0.0
19/12/2006,20:19:00,5.586,0.424,236.01,23.8,0.0,35.0,0.0
19/12/2006,20:20:00,4.166,0.172,238.3,17.4,0.0,36.0,0.0
19/12/2006,20:21:00,4.216,0.232,238.96,17.6,0.0,37.0,0.0
19/12/2006,20:22:00,3.266,0.308,240.64,14.0,0.0,25.0,0.0
19/12/2006,20:23:00,4.258,0.492,239.29,18.8,0.0,26.0,0.0
19/12/2006,20:24:00,5.15,0.578,238.97,21.8,0.0,37.0,0.0
19/12/2006,20:25:00,4.038,0.526,240.68,17.6,0.0,32.0,0.0
19/12/2006,20:26:00,2.76,0.432,241.19,12.6,0.0,21.0,0.0
19/12/2006,20:27:00,4.412,0.512,239.57,18.8,0.0,37.0,0.0
19/12/2006,20:28:00,4.126,0.502,239.57,18.0,0.0,35.0,0.0
19/12/2006,20:29:00,3.322,0.45,241.03,14.2,0.0,17.0,0.0
19/12/2006,20:30:00,3.356,0.272,241.05,14.2,0.0,38.0,0.0
19/12/2006,20:31:00,3.838,0.374,240.59,16.6,0.0,30.0,0.0
19/12/2006,20:32:00,3.182,0.424,241.68,13.8,0.0,22.0,0.0
19/12/2006,20:33:00,3.54,0.266,242.2,15.0,0.0,38.0,0.0
19/12/2006,20:34:00,2.078,0.314,243.28,9.0,0.0,24.0,0.0
19/12/2006,20:35:00,2.49,0.282,242.07,10.6,0.0,29.0,0.0
19/12/2006,20:36:00,2.764,0.298,242.01,11.6,0.0,36.0,0.0
19/12/2006,20:37:00,1.798,0.296,243.28,7.6,0.0,18.0,0.0
19/12/2006,20:38:00,3.004,0.294,242.56,12.4,0.0,37.0,0.0
19/12/2006,20:39:00,2.17,0.296,243.94,9.4,0.0,26.0,0.0
19/12/2006,20:40:00,2.412,0.308,242.94,10.4,0.0,28.0,0.0
19/12/2006,20:41:00,2.75,0.288,242.88,11.6,0.0,35.0,0.0
19/12/2006,20:42:00,1.834,0.324,244.06,7.8,0.0,18.0,0.0
19/12/2006,20:43:00,2.936,0.216,242.78,12.2,0.0,38.0,0.0
19/12/2006,20:44:00,1.992,0.202,242.59,8.6,0.0,24.0,0.0
19/12/2006,20:45:00,2.42,0.18,242.1,10.4,0.0,29.0,0.0
19/12/2006,20:46:00,2.51,0.198,242.44,10.6,0.0,32.0,0.0
19/12/2006,20:47:00,1.904,0.192,243.51,8.2,0.0,21.0,0.0
19/12/2006,20:48:00,2.92,0.202,243.3,12.0,0.0,38.0,0.0
19/12/2006,20:49:00,1.724,0.196,243.87,7.2,0.0,20.0,0.0
19/12/2006,20:50:00,2.686,0.196,242.32,11.2,0.0,33.0,0.0
19/12/2006,20:51:00,2.182,0.186,242.8,9.4,0.0,27.0,0.0
19/12/2006,20:52:00,2.214,0.194,241.73,9.6,0.0,26.0,0.0
19/12/2006,20:53:00,2.712,0.232,241.95,11.4,0.0,35.0,0.0
19/12/2006,20:54:00,1.848,0.344,242.96,7.8,0.0,18.0,0.0
19/12/2006,20:55:00,2.986,0.302,241.63,12.4,0.0,37.0,0.0
19/12/2006,20:56:00,1.958,0.24,241.88,8.4,0.0,22.0,0.0
19/12/2006,20:57:00,2.508,0.184,241.31,10.8,0.0,29.0,0.0
19/12/2006,20:58:00,2.41,0.214,242.55,10.4,0.0,29.0,0.0
19/12/2006,20:59:00,2.044,0.204,242.88,8.8,0.0,21.0,0.0
19/12/2006,21:00:00,2.844,0.202,241.03,11.8,0.0,36.0,0.0
19/12/2006,21:01:00,1.71,0.208,242.76,7.2,0.0,17.0,0.0
19/12/2006,21:02:00,2.792,0.204,241.54,11.6,0.0,34.0,0.0
19/12/2006,21:03:00,1.992,0.2,242.2,8.6,0.0,22.0,0.0
19/12/2006,21:04:00,2.43,0.21,242.04,10.4,0.0,28.0,0.0
19/12/2006,21:05:00,2.354,0.192,241.46,10.2,0.0,29.0,0.0
19/12/2006,21:06:00,2.036,0.206,241.22,8.8,0.0,21.0,0.0
19/12/2006,21:07:00,2.736,0.116,240.33,11.4,0.0,36.0,0.0
19/12/2006,21:08:00,1.6,0.07,240.83,6.8,0.0,16.0,0.0
19/12/2006,21:09:00,2.712,0.048,240.45,11.4,0.0,34.0,0.0
19/12/2006,21:10:00,1.928,0.07,241.18,8.4,0.0,23.0,0.0
19/12/2006,21:11:00,2.3,0.05,240.33,10.0,0.0,27.0,0.0
19/12/2006,21:12:00,2.368,0.058,239.85,10.2,0.0,30.0,0.0
19/12/2006,21:13:00,1.818,0.0,238.01,8.0,0.0,19.0,0.0
19/12/2006,21:14:00,2.796,0.092,236.83,11.8,0.0,35.0,0.0
19/12/2006,21:15:00,1.906,0.158,239.87,8.2,0.0,22.0,0.0
19/12/2006,21:16:00,2.436,0.152,238.79,10.6,0.0,28.0,0.0
19/12/2006,21:17:00,2.472,0.146,238.9,10.6,0.0,30.0,0.0
19/12/2006,21:18:00,1.812,0.16,239.26,7.8,0.0,18.0,0.0
19/12/2006,21:19:00,2.582,0.14,238.7,11.2,0.0,33.0,0.0
19/12/2006,21:20:00,1.096,0.174,240.12,5.0,0.0,8.0,0.0
19/12/2006,21:21:00,1.304,0.154,240.07,6.0,0.0,9.0,0.0
19/12/2006,21:22:00,2.144,0.154,239.03,9.4,0.0,24.0,0.0
19/12/2006,21:23:00,2.3,0.094,239.75,10.4,0.0,27.0,0.0
19/12/2006,21:24:00,2.33,0.052,239.67,10.2,0.0,30.0,0.0
19/12/2006,21:25:00,0.804,0.064,241.77,3.6,0.0,4.0,0.0
19/12/2006,21:26:00,1.52,0.068,240.96,6.6,0.0,14.0,0.0
19/12/2006,21:27:00,1.976,0.048,240.29,9.0,0.0,21.0,0.0
19/12/2006,21:28:00,2.774,0.046,239.15,11.6,0.0,37.0,0.0
19/12/2006,21:29:00,0.964,0.06,240.88,4.8,0.0,7.0,0.0
19/12/2006,21:30:00,0.828,0.072,241.06,3.8,0.0,4.0,0.0
19/12/2006,21:31:00,0.838,0.096,240.67,3.8,0.0,3.0,0.0
19/12/2006,21:32:00,0.932,0.198,240.54,4.2,0.0,4.0,0.0
19/12/2006,21:33:00,0.888,0.186,240.49,4.0,0.0,3.0,0.0
19/12/2006,21:34:00,0.916,0.196,240.37,4.2,0.0,3.0,0.0
19/12/2006,21:35:00,0.884,0.194,240.74,4.0,0.0,3.0,0.0
19/12/2006,21:36:00,0.914,0.202,240.87,4.2,0.0,4.0,0.0
19/12/2006,21:37:00,0.734,0.152,241.62,3.4,0.0,1.0,0.0
19/12/2006,21:38:00,0.704,0.148,242.59,3.2,0.0,0.0,0.0
19/12/2006,21:39:00,0.728,0.152,242.58,3.4,0.0,0.0,0.0
19/12/2006,21:40:00,0.72,0.146,241.82,3.4,0.0,0.0,0.0
19/12/2006,21:41:00,0.716,0.142,241.16,3.4,0.0,1.0,0.0
19/12/2006,21:42:00,0.722,0.144,241.04,3.4,0.0,0.0,0.0
19/12/2006,21:43:00,0.698,0.142,241.17,3.2,0.0,0.0,0.0
19/12/2006,21:44:00,0.72,0.154,242.33,3.4,0.0,0.0,0.0
19/12/2006,21:45:00,0.664,0.094,243.15,3.2,0.0,0.0,0.0
19/12/2006,21:46:00,0.628,0.0,243.53,3.0,0.0,0.0,0.0
19/12/2006,21:47:00,0.616,0.0,244.27,3.0,0.0,0.0,0.0
19/12/2006,21:48:00,0.628,0.0,243.82,3.0,0.0,1.0,0.0
19/12/2006,21:49:00,0.606,0.0,243.06,2.8,0.0,0.0,0.0
19/12/2006,21:50:00,0.622,0.0,242.94,3.0,0.0,0.0,0.0
19/12/2006,21:51:00,0.604,0.0,243.38,2.8,0.0,0.0,0.0
19/12/2006,21:52:00,0.616,0.0,240.45,3.0,0.0,0.0,0.0
19/12/2006,21:53:00,0.602,0.0,240.89,2.8,0.0,0.0,0.0
19/12/2006,21:54:00,0.616,0.0,240.06,3.0,0.0,1.0,0.0
19/12/2006,21:55:00,0.632,0.0,239.82,3.0,0.0,0.0,0.0
19/12/2006,21:56:00,0.7,0.114,240.4,3.2,0.0,0.0,0.0
19/12/2006,21:57:00,0.882,0.094,240.77,4.0,0.0,0.0,0.0
19/12/2006,21:58:00,1.932,0.086,239.86,8.0,0.0,0.0,0.0
19/12/2006,21:59:00,1.446,0.082,239.48,6.2,0.0,0.0,0.0
19/12/2006,22:00:00,1.346,0.088,238.52,5.8,0.0,1.0,0.0
19/12/2006,22:01:00,0.968,0.09,239.5,4.0,0.0,0.0,0.0
19/12/2006,22:02:00,0.986,0.094,239.38,4.0,0.0,0.0,0.0
19/12/2006,22:03:00,0.964,0.088,239.17,4.0,0.0,0.0,0.0
19/12/2006,22:04:00,1.012,0.094,239.75,4.2,0.0,0.0,0.0
19/12/2006,22:05:00,0.994,0.0,240.08,4.0,0.0,0.0,0.0
19/12/2006,22:06:00,0.988,0.0,240.91,4.0,0.0,1.0,0.0
19/12/2006,22:07:00,0.97,0.0,240.93,4.0,0.0,0.0,0.0
19/12/2006,22:08:00,1.102,0.0,242.24,4.4,0.0,0.0,0.0
19/12/2006,22:09:00,0.766,0.0,242.04,3.2,0.0,0.0,0.0
19/12/2006,22:10:00,0.81,0.132,241.01,3.4,0.0,0.0,0.0
19/12/2006,22:11:00,0.802,0.128,240.48,3.4,0.0,0.0,0.0
19/12/2006,22:12:00,0.794,0.126,240.37,3.2,0.0,0.0,0.0
19/12/2006,22:13:00,0.806,0.13,240.82,3.4,0.0,1.0,0.0
19/12/2006,22:14:00,0.786,0.126,240.87,3.2,0.0,0.0,0.0
19/12/2006,22:15:00,0.804,0.132,241.11,3.4,0.0,0.0,0.0
19/12/2006,22:16:00,0.884,0.256,241.65,3.8,0.0,2.0,0.0
19/12/2006,22:17:00,0.884,0.256,241.6,3.8,0.0,2.0,0.0
19/12/2006,22:18:00,0.866,0.254,241.95,3.6,0.0,1.0,0.0
19/12/2006,22:19:00,0.882,0.258,241.76,3.8,0.0,2.0,0.0
19/12/2006,22:20:00,0.86,0.25,241.21,3.6,0.0,1.0,0.0
19/12/2006,22:21:00,0.858,0.26,242.01,3.6,0.0,2.0,0.0
19/12/2006,22:22:00,0.826,0.26,242.85,3.6,0.0,1.0,0.0
19/12/2006,22:23:00,0.81,0.25,243.81,3.4,0.0,2.0,0.0
19/12/2006,22:24:00,0.714,0.13,244.49,3.0,0.0,2.0,0.0
19/12/2006,22:25:00,0.736,0.134,244.15,3.0,0.0,1.0,0.0
19/12/2006,22:26:00,0.716,0.126,243.56,3.0,0.0,2.0,0.0
19/12/2006,22:27:00,0.734,0.132,243.75,3.0,0.0,1.0,0.0
19/12/2006,22:28:00,0.714,0.126,243.86,3.0,0.0,2.0,0.0
19/12/2006,22:29:00,0.728,0.128,242.99,3.0,0.0,1.0,0.0
19/12/2006,22:30:00,0.706,0.122,242.65,2.8,0.0,2.0,0.0
19/12/2006,22:31:00,0.724,0.128,243.03,3.0,0.0,1.0,0.0
19/12/2006,22:32:00,0.698,0.122,243.03,2.8,0.0,2.0,0.0
19/12/2006,22:33:00,0.752,0.154,242.55,3.2,0.0,1.0,0.0
19/12/2006,22:34:00,0.768,0.224,241.95,3.2,0.0,1.0,0.0
19/12/2006,22:35:00,0.618,0.232,242.18,2.8,0.0,2.0,0.0
19/12/2006,22:36:00,0.584,0.258,242.11,2.6,0.0,2.0,0.0
19/12/2006,22:37:00,0.718,0.296,242.02,3.2,0.0,5.0,0.0
19/12/2006,22:38:00,0.716,0.3,242.24,3.2,0.0,4.0,0.0
19/12/2006,22:39:00,0.714,0.296,242.27,3.2,0.0,5.0,0.0
19/12/2006,22:40:00,0.714,0.298,241.87,3.2,0.0,5.0,0.0
19/12/2006,22:41:00,0.686,0.24,242.66,3.0,0.0,4.0,0.0
19/12/2006,22:42:00,0.65,0.182,242.99,2.8,0.0,3.0,0.0
19/12/2006,22:43:00,0.602,0.106,243.36,2.4,0.0,3.0,0.0
19/12/2006,22:44:00,0.524,0.05,243.8,2.2,0.0,3.0,0.0
19/12/2006,22:45:00,0.376,0.0,243.35,1.6,0.0,0.0,0.0
19/12/2006,22:46:00,0.396,0.0,244.51,1.6,0.0,0.0,0.0
19/12/2006,22:47:00,0.372,0.0,244.67,1.4,0.0,0.0,0.0
19/12/2006,22:48:00,0.48,0.106,244.59,2.0,0.0,1.0,0.0
19/12/2006,22:49:00,0.484,0.146,244.94,2.0,0.0,0.0,0.0
19/12/2006,22:50:00,0.498,0.15,244.64,2.0,0.0,0.0,0.0
19/12/2006,22:51:00,0.478,0.146,244.85,2.0,0.0,0.0,0.0
19/12/2006,22:52:00,0.494,0.15,244.75,2.0,0.0,0.0,0.0
19/12/2006,22:53:00,0.478,0.15,245.64,2.0,0.0,0.0,0.0
19/12/2006,22:54:00,0.494,0.156,245.66,2.0,0.0,1.0,0.0
19/12/2006,22:55:00,0.476,0.148,245.11,2.0,0.0,0.0,0.0
19/12/2006,22:56:00,0.498,0.154,245.07,2.2,0.0,0.0,0.0
19/12/2006,22:57:00,0.458,0.13,245.53,1.8,0.0,0.0,0.0
19/12/2006,22:58:00,0.478,0.136,245.92,2.0,0.0,0.0,0.0
19/12/2006,22:59:00,0.456,0.132,246.0,1.8,0.0,0.0,0.0
19/12/2006,23:00:00,0.468,0.138,245.53,2.0,0.0,1.0,0.0
19/12/2006,23:01:00,0.45,0.132,245.66,1.8,0.0,0.0,0.0
19/12/2006,23:02:00,0.39,0.0,245.74,1.6,0.0,0.0,0.0
19/12/2006,23:03:00,0.354,0.0,245.44,1.4,0.0,0.0,0.0
19/12/2006,23:04:00,0.372,0.0,245.34,1.6,0.0,0.0,0.0
19/12/2006,23:05:00,0.362,0.0,244.89,1.4,0.0,0.0,0.0
19/12/2006,23:06:00,0.362,0.0,245.02,1.4,0.0,1.0,0.0
19/12/2006,23:07:00,0.372,0.0,244.82,1.6,0.0,0.0,0.0
19/12/2006,23:08:00,0.354,0.0,245.71,1.4,0.0,0.0,0.0
19/12/2006,23:09:00,0.372,0.0,245.46,1.6,0.0,0.0,0.0
19/12/2006,23:10:00,0.354,0.0,245.28,1.4,0.0,0.0,0.0
19/12/2006,23:11:00,0.398,0.0,246.08,1.8,0.0,0.0,0.0
19/12/2006,23:12:00,0.434,0.1,246.55,1.8,0.0,0.0,0.0
19/12/2006,23:13:00,0.454,0.106,246.59,1.8,0.0,1.0,0.0
19/12/2006,23:14:00,0.386,0.104,247.32,1.6,0.0,0.0,0.0
19/12/2006,23:15:00,0.392,0.11,247.0,1.6,0.0,0.0,0.0
19/12/2006,23:16:00,0.37,0.098,245.7,1.6,0.0,0.0,0.0
19/12/2006,23:17:00,0.386,0.102,245.58,1.6,0.0,0.0,0.0
19/12/2006,23:18:00,0.366,0.098,245.77,1.6,0.0,0.0,0.0
19/12/2006,23:19:00,0.386,0.104,246.06,1.6,0.0,1.0,0.0
19/12/2006,23:20:00,0.368,0.102,246.81,1.6,0.0,0.0,0.0
19/12/2006,23:21:00,0.34,0.0,248.35,1.4,0.0,0.0,0.0
19/12/2006,23:22:00,0.324,0.0,247.22,1.2,0.0,0.0,0.0
19/12/2006,23:23:00,0.382,0.0,247.14,1.6,0.0,0.0,0.0
19/12/2006,23:24:00,0.298,0.0,246.91,1.2,0.0,0.0,0.0
19/12/2006,23:25:00,0.314,0.0,246.87,1.2,0.0,1.0,0.0
19/12/2006,23:26:00,0.338,0.0,247.08,1.4,0.0,0.0,0.0
19/12/2006,23:27:00,0.428,0.142,246.89,1.8,0.0,0.0,0.0
19/12/2006,23:28:00,0.406,0.136,247.01,1.6,0.0,0.0,0.0
19/12/2006,23:29:00,0.422,0.142,246.92,1.8,0.0,0.0,0.0
19/12/2006,23:30:00,0.4,0.136,246.72,1.6,0.0,0.0,0.0
19/12/2006,23:31:00,0.418,0.142,246.83,1.8,0.0,1.0,0.0
19/12/2006,23:32:00,0.398,0.136,246.87,1.6,0.0,0.0,0.0
19/12/2006,23:33:00,0.414,0.14,246.3,1.8,0.0,0.0,0.0
19/12/2006,23:34:00,0.396,0.136,246.74,1.6,0.0,0.0,0.0
19/12/2006,23:35:00,0.416,0.146,247.5,1.8,0.0,0.0,0.0
19/12/2006,23:36:00,0.408,0.142,247.11,1.8,0.0,0.0,0.0
19/12/2006,23:37:00,0.4,0.14,247.27,1.6,0.0,0.0,0.0
19/12/2006,23:38:00,0.414,0.148,247.77,1.8,0.0,1.0,0.0
19/12/2006,23:39:00,0.396,0.144,248.19,1.6,0.0,0.0,0.0
19/12/2006,23:40:00,0.368,0.078,247.49,1.6,0.0,0.0,0.0
19/12/2006,23:41:00,0.298,0.0,247.29,1.2,0.0,0.0,0.0
19/12/2006,23:42:00,0.318,0.0,247.84,1.2,0.0,0.0,0.0
19/12/2006,23:43:00,0.3,0.0,248.34,1.2,0.0,0.0,0.0
19/12/2006,23:44:00,0.318,0.0,248.14,1.2,0.0,1.0,0.0
19/12/2006,23:45:00,0.3,0.0,248.22,1.2,0.0,0.0,0.0
19/12/2006,23:46:00,0.32,0.0,248.84,1.4,0.0,0.0,0.0
19/12/2006,23:47:00,0.302,0.0,248.8,1.2,0.0,0.0,0.0
19/12/2006,23:48:00,0.312,0.0,245.34,1.2,0.0,0.0,0.0
19/12/2006,23:49:00,0.292,0.0,244.98,1.2,0.0,0.0,0.0
19/12/2006,23:50:00,0.366,0.048,245.53,1.6,0.0,1.0,0.0
19/12/2006,23:51:00,0.372,0.098,246.12,1.6,0.0,0.0,0.0
19/12/2006,23:52:00,0.394,0.106,246.54,1.6,0.0,0.0,0.0
19/12/2006,23:53:00,0.376,0.102,246.9,1.6,0.0,0.0,0.0
19/12/2006,23:54:00,0.392,0.106,246.68,1.6,0.0,0.0,0.0
19/12/2006,23:55:00,0.374,0.1,246.51,1.6,0.0,0.0,0.0
19/12/2006,23:56:00,0.576,0.104,246.62,2.4,0.0,1.0,0.0
19/12/2006,23:57:00,0.56,0.102,247.19,2.2,0.0,0.0,0.0
19/12/2006,23:58:00,0.574,0.106,246.54,2.4,0.0,0.0,0.0
19/12/2006,23:59:00,0.448,0.052,245.68,1.8,0.0,0.0,0.0
20/12/2006,00:00:00,0.824,0.058,245.57,3.4,0.0,0.0,0.0
20/12/2006,00:01:00,0.958,0.056,244.78,3.8,0.0,0.0,0.0
20/12/2006,00:02:00,0.974,0.062,244.74,4.0,0.0,0.0,0.0
20/12/2006,00:03:00,0.958,0.06,245.14,3.8,0.0,0.0,0.0
20/12/2006,00:04:00,0.976,0.064,245.18,4.0,0.0,1.0,0.0
20/12/2006,00:05:00,1.07,0.184,245.02,4.4,0.0,0.0,0.0
20/12/2006,00:06:00,1.076,0.202,244.56,4.4,0.0,0.0,0.0
20/12/2006,00:07:00,1.06,0.198,243.7,4.4,0.0,0.0,0.0
20/12/2006,00:08:00,0.898,0.2,244.42,3.8,0.0,0.0,0.0
20/12/2006,00:09:00,0.968,0.204,244.37,4.0,0.0,1.0,0.0
20/12/2006,00:10:00,1.052,0.21,243.91,4.4,0.0,0.0,0.0
20/12/2006,00:11:00,0.952,0.21,244.8,4.0,0.0,0.0,0.0
20/12/2006,00:12:00,0.416,0.152,245.2,1.8,0.0,0.0,0.0
20/12/2006,00:13:00,0.526,0.148,243.86,2.2,0.0,0.0,0.0
20/12/2006,00:14:00,0.406,0.146,243.99,1.8,0.0,0.0,0.0
20/12/2006,00:15:00,0.426,0.154,244.6,1.8,0.0,1.0,0.0
20/12/2006,00:16:00,0.408,0.154,245.61,1.8,0.0,0.0,0.0
20/12/2006,00:17:00,0.36,0.152,246.31,1.6,0.0,0.0,0.0
20/12/2006,00:18:00,0.278,0.102,246.55,1.2,0.0,0.0,0.0
20/12/2006,00:19:00,0.228,0.0,246.34,1.0,0.0,0.0,0.0
20/12/2006,00:20:00,0.208,0.0,245.81,0.8,0.0,0.0,0.0
20/12/2006,00:21:00,0.26,0.0,245.19,1.2,0.0,1.0,0.0
20/12/2006,00:22:00,0.292,0.12,244.68,1.2,0.0,1.0,0.0
20/12/2006,00:23:00,0.312,0.13,245.66,1.4,0.0,2.0,0.0
20/12/2006,00:24:00,0.294,0.126,246.0,1.2,0.0,2.0,0.0
20/12/2006,00:25:00,0.314,0.132,246.12,1.4,0.0,1.0,0.0
20/12/2006,00:26:00,0.296,0.126,246.22,1.2,0.0,2.0,0.0
20/12/2006,00:27:00,0.316,0.134,246.73,1.4,0.0,2.0,0.0
20/12/2006,00:28:00,0.298,0.13,247.21,1.2,0.0,1.0,0.0
20/12/2006,00:29:00,0.388,0.214,246.63,2.0,0.0,2.0,0.0
20/12/2006,00:30:00,0.372,0.238,246.5,1.8,0.0,1.0,0.0
20/12/2006,00:31:00,0.39,0.244,246.51,1.8,0.0,2.0,0.0
20/12/2006,00:32:00,0.372,0.24,246.83,1.8,0.0,1.0,0.0
20/12/2006,00:33:00,0.39,0.248,247.18,1.8,0.0,2.0,0.0
20/12/2006,00:34:00,0.368,0.24,246.96,1.8,0.0,1.0,0.0
20/12/2006,00:35:00,0.382,0.242,246.28,1.8,0.0,2.0,0.0
20/12/2006,00:36:00,0.368,0.234,245.88,1.8,0.0,1.0,0.0
20/12/2006,00:37:00,0.368,0.238,245.99,1.8,0.0,2.0,0.0
20/12/2006,00:38:00,0.31,0.138,245.72,1.4,0.0,2.0,0.0
20/12/2006,00:39:00,0.284,0.126,246.04,1.2,0.0,1.0,0.0
20/12/2006,00:40:00,0.304,0.136,246.88,1.4,0.0,2.0,0.0
20/12/2006,00:41:00,0.288,0.134,247.76,1.2,0.0,1.0,0.0
20/12/2006,00:42:00,0.306,0.14,247.92,1.4,0.0,1.0,0.0
20/12/2006,00:43:00,0.35,0.2,247.94,1.6,0.0,2.0,0.0
20/12/2006,00:44:00,0.416,0.28,247.17,2.0,0.0,1.0,0.0
20/12/2006,00:45:00,0.392,0.278,247.55,1.8,0.0,1.0,0.0
20/12/2006,00:46:00,0.348,0.172,245.76,1.6,0.0,1.0,0.0
20/12/2006,00:47:00,0.312,0.138,245.74,1.4,0.0,0.0,0.0
20/12/2006,00:48:00,0.328,0.142,245.49,1.4,0.0,0.0,0.0
20/12/2006,00:49:00,0.308,0.138,245.84,1.4,0.0,0.0,0.0
20/12/2006,00:50:00,0.328,0.146,246.17,1.4,0.0,1.0,0.0
20/12/2006,00:51:00,0.308,0.14,246.38,1.4,0.0,0.0,0.0
20/12/2006,00:52:00,0.326,0.148,246.83,1.4,0.0,0.0,0.0
20/12/2006,00:53:00,0.306,0.142,246.9,1.4,0.0,0.0,0.0
20/12/2006,00:54:00,0.324,0.146,246.33,1.4,0.0,0.0,0.0
20/12/2006,00:55:00,0.304,0.138,245.85,1.4,0.0,0.0,0.0
20/12/2006,00:56:00,0.31,0.126,245.5,1.4,0.0,1.0,0.0
20/12/2006,00:57:00,0.206,0.0,244.77,0.8,0.0,0.0,0.0
20/12/2006,00:58:00,0.224,0.0,244.27,1.0,0.0,0.0,0.0
20/12/2006,00:59:00,0.206,0.0,244.84,0.8,0.0,0.0,0.0
20/12/2006,01:00:00,0.224,0.0,244.63,1.0,0.0,0.0,0.0
20/12/2006,01:01:00,0.206,0.0,244.92,0.8,0.0,0.0,0.0
20/12/2006,01:02:00,0.224,0.0,244.94,1.0,0.0,1.0,0.0
20/12/2006,01:03:00,0.206,0.0,244.46,0.8,0.0,0.0,0.0
20/12/2006,01:04:00,0.222,0.0,243.74,1.0,0.0,0.0,0.0
20/12/2006,01:05:00,0.204,0.0,243.89,0.8,0.0,0.0,0.0
20/12/2006,01:06:00,0.224,0.0,244.07,1.0,0.0,0.0,0.0
20/12/2006,01:07:00,0.216,0.0,244.39,1.0,0.0,0.0,0.0
20/12/2006,01:08:00,0.29,0.082,244.94,1.4,0.0,0.0,0.0
20/12/2006,01:09:00,0.302,0.108,244.86,1.4,0.0,1.0,0.0
20/12/2006,01:10:00,0.282,0.096,243.46,1.2,0.0,0.0,0.0
20/12/2006,01:11:00,0.302,0.104,244.25,1.4,0.0,0.0,0.0
20/12/2006,01:12:00,0.282,0.098,243.94,1.2,0.0,0.0,0.0
20/12/2006,01:13:00,0.298,0.102,243.52,1.2,0.0,0.0,0.0
20/12/2006,01:14:00,0.28,0.1,244.42,1.2,0.0,0.0,0.0
20/12/2006,01:15:00,0.298,0.11,245.26,1.2,0.0,1.0,0.0
20/12/2006,01:16:00,0.268,0.09,246.2,1.2,0.0,0.0,0.0
20/12/2006,01:17:00,0.228,0.0,246.94,1.0,0.0,0.0,0.0
20/12/2006,01:18:00,0.21,0.0,246.68,0.8,0.0,0.0,0.0
20/12/2006,01:19:00,0.228,0.0,246.12,1.0,0.0,0.0,0.0
20/12/2006,01:20:00,0.208,0.0,245.81,0.8,0.0,0.0,0.0
20/12/2006,01:21:00,0.242,0.0,244.3,1.2,0.0,1.0,0.0
20/12/2006,01:22:00,0.316,0.128,243.73,1.4,0.0,0.0,0.0
20/12/2006,01:23:00,0.332,0.134,243.89,1.4,0.0,0.0,0.0
20/12/2006,01:24:00,0.31,0.13,243.95,1.4,0.0,0.0,0.0
20/12/2006,01:25:00,0.328,0.136,244.25,1.4,0.0,0.0,0.0
20/12/2006,01:26:00,0.308,0.132,244.77,1.4,0.0,0.0,0.0
20/12/2006,01:27:00,0.326,0.138,244.61,1.4,0.0,1.0,0.0
20/12/2006,01:28:00,0.304,0.128,243.78,1.4,0.0,0.0,0.0
20/12/2006,01:29:00,0.32,0.128,242.51,1.4,0.0,0.0,0.0
20/12/2006,01:30:00,0.298,0.12,242.02,1.2,0.0,0.0,0.0
20/12/2006,01:31:00,0.316,0.126,241.99,1.4,0.0,0.0,0.0
20/12/2006,01:32:00,0.298,0.126,243.03,1.4,0.0,0.0,0.0
20/12/2006,01:33:00,0.316,0.132,243.02,1.4,0.0,1.0,0.0
20/12/2006,01:34:00,0.298,0.126,243.14,1.2,0.0,0.0,0.0
20/12/2006,01:35:00,0.24,0.0,243.39,1.0,0.0,0.0,0.0
20/12/2006,01:36:00,0.202,0.0,242.85,0.8,0.0,0.0,0.0
20/12/2006,01:37:00,0.222,0.0,243.09,1.0,0.0,0.0,0.0
20/12/2006,01:38:00,0.218,0.0,243.73,1.0,0.0,0.0,0.0
20/12/2006,01:39:00,0.208,0.0,243.06,0.8,0.0,0.0,0.0
20/12/2006,01:40:00,0.222,0.0,242.84,1.0,0.0,1.0,0.0
20/12/2006,01:41:00,0.204,0.0,243.38,0.8,0.0,0.0,0.0
20/12/2006,01:42:00,0.222,0.0,242.83,1.0,0.0,0.0,0.0
20/12/2006,01:43:00,0.204,0.0,243.67,0.8,0.0,0.0,0.0
20/12/2006,01:44:00,0.222,0.0,243.5,1.0,0.0,0.0,0.0
20/12/2006,01:45:00,0.204,0.0,243.16,0.8,0.0,0.0,0.0
20/12/2006,01:46:00,0.222,0.0,242.65,1.0,0.0,1.0,0.0
20/12/2006,01:47:00,0.204,0.0,243.01,0.8,0.0,0.0,0.0
20/12/2006,01:48:00,0.316,0.1,242.96,1.4,0.0,0.0,0.0
20/12/2006,01:49:00,0.28,0.096,243.53,1.2,0.0,0.0,0.0
20/12/2006,01:50:00,0.3,0.1,243.17,1.2,0.0,0.0,0.0
20/12/2006,01:51:00,0.28,0.094,243.24,1.2,0.0,0.0,0.0
20/12/2006,01:52:00,0.3,0.1,243.51,1.2,0.0,1.0,0.0
20/12/2006,01:53:00,0.28,0.096,243.66,1.2,0.0,0.0,0.0
20/12/2006,01:54:00,0.294,0.1,242.88,1.2,0.0,0.0,0.0
20/12/2006,01:55:00,0.274,0.092,242.58,1.2,0.0,0.0,0.0
20/12/2006,01:56:00,0.258,0.048,242.57,1.2,0.0,0.0,0.0
20/12/2006,01:57:00,0.204,0.0,243.07,0.8,0.0,0.0,0.0
20/12/2006,01:58:00,0.222,0.0,242.78,1.0,0.0,1.0,0.0
20/12/2006,01:59:00,0.204,0.0,242.78,0.8,0.0,0.0,0.0
20/12/2006,02:00:00,0.286,0.054,241.64,1.4,0.0,0.0,0.0
20/12/2006,02:01:00,0.314,0.124,242.58,1.4,0.0,0.0,0.0
20/12/2006,02:02:00,0.332,0.136,244.05,1.4,0.0,0.0,0.0
20/12/2006,02:03:00,0.312,0.134,244.66,1.4,0.0,0.0,0.0
20/12/2006,02:04:00,0.33,0.14,244.82,1.4,0.0,0.0,0.0
20/12/2006,02:05:00,0.312,0.14,246.12,1.4,0.0,0.0,0.0
20/12/2006,02:06:00,0.33,0.148,246.5,1.4,0.0,1.0,0.0
20/12/2006,02:07:00,0.316,0.144,246.77,1.4,0.0,0.0,0.0
20/12/2006,02:08:00,0.322,0.148,246.73,1.4,0.0,0.0,0.0
20/12/2006,02:09:00,0.326,0.15,246.78,1.4,0.0,0.0,0.0
20/12/2006,02:10:00,0.31,0.146,247.12,1.4,0.0,0.0,0.0
20/12/2006,02:11:00,0.326,0.148,246.64,1.4,0.0,1.0,0.0
20/12/2006,02:12:00,0.306,0.142,246.61,1.4,0.0,0.0,0.0
20/12/2006,02:13:00,0.292,0.098,246.9,1.2,0.0,0.0,0.0
20/12/2006,02:14:00,0.21,0.0,246.71,0.8,0.0,0.0,0.0
20/12/2006,02:15:00,0.228,0.0,245.62,1.0,0.0,0.0,0.0
20/12/2006,02:16:00,0.208,0.0,245.41,0.8,0.0,0.0,0.0
20/12/2006,02:17:00,0.228,0.0,245.69,1.0,0.0,1.0,0.0
20/12/2006,02:18:00,0.208,0.0,245.33,0.8,0.0,0.0,0.0
20/12/2006,02:19:00,0.226,0.0,245.35,1.0,0.0,0.0,0.0
20/12/2006,02:20:00,0.208,0.0,245.02,0.8,0.0,0.0,0.0
20/12/2006,02:21:00,0.226,0.0,244.8,1.0,0.0,0.0,0.0
20/12/2006,02:22:00,0.208,0.0,245.03,0.8,0.0,0.0,0.0
20/12/2006,02:23:00,0.226,0.0,244.89,1.0,0.0,1.0,0.0
20/12/2006,02:24:00,0.206,0.0,244.44,0.8,0.0,0.0,0.0
20/12/2006,02:25:00,0.226,0.0,245.39,1.0,0.0,0.0,0.0
20/12/2006,02:26:00,0.21,0.0,246.59,0.8,0.0,0.0,0.0
20/12/2006,02:27:00,0.23,0.0,246.69,1.0,0.0,0.0,0.0
20/12/2006,02:28:00,0.264,0.052,246.91,1.2,0.0,0.0,0.0
20/12/2006,02:29:00,0.304,0.114,246.39,1.4,0.0,0.0,0.0
20/12/2006,02:30:00,0.288,0.11,246.73,1.2,0.0,0.0,0.0
20/12/2006,02:31:00,0.36,0.174,247.15,1.8,0.0,2.0,0.0
20/12/2006,02:32:00,0.372,0.24,246.89,1.8,0.0,1.0,0.0
20/12/2006,02:33:00,0.388,0.244,246.37,1.8,0.0,2.0,0.0
20/12/2006,02:34:00,1.294,0.224,245.58,5.6,0.0,1.0,13.0
20/12/2006,02:35:00,1.522,0.224,244.73,6.2,0.0,2.0,19.0
20/12/2006,02:36:00,1.474,0.196,244.68,6.0,0.0,1.0,19.0
20/12/2006,02:37:00,1.442,0.12,246.11,5.8,0.0,2.0,19.0
20/12/2006,02:38:00,1.426,0.118,246.05,5.8,0.0,2.0,18.0
20/12/2006,02:39:00,1.51,0.222,245.22,6.2,0.0,1.0,19.0
20/12/2006,02:40:00,1.53,0.258,245.07,6.2,0.0,2.0,18.0
20/12/2006,02:41:00,1.504,0.252,245.07,6.2,0.0,1.0,19.0
20/12/2006,02:42:00,1.526,0.26,245.48,6.2,0.0,2.0,18.0
20/12/2006,02:43:00,1.508,0.256,245.85,6.2,0.0,1.0,19.0
20/12/2006,02:44:00,1.52,0.26,245.55,6.2,0.0,2.0,18.0
20/12/2006,02:45:00,1.496,0.254,245.26,6.2,0.0,2.0,19.0
20/12/2006,02:46:00,1.516,0.262,245.78,6.2,0.0,1.0,18.0
20/12/2006,02:47:00,1.498,0.258,246.06,6.2,0.0,2.0,19.0
20/12/2006,02:48:00,1.518,0.264,246.24,6.2,0.0,1.0,18.0
20/12/2006,02:49:00,1.492,0.256,245.77,6.0,0.0,1.0,19.0
20/12/2006,02:50:00,1.504,0.258,245.34,6.2,0.0,2.0,18.0
20/12/2006,02:51:00,1.47,0.246,244.1,6.0,0.0,1.0,18.0
20/12/2006,02:52:00,1.428,0.154,244.65,5.8,0.0,2.0,19.0
20/12/2006,02:53:00,1.382,0.108,244.73,5.6,0.0,1.0,18.0
20/12/2006,02:54:00,1.406,0.116,245.22,5.6,0.0,2.0,18.0
20/12/2006,02:55:00,1.358,0.064,244.89,5.4,0.0,0.0,19.0
20/12/2006,02:56:00,1.336,0.0,245.44,5.4,0.0,1.0,18.0
20/12/2006,02:57:00,1.32,0.0,245.8,5.4,0.0,0.0,19.0
20/12/2006,02:58:00,1.332,0.0,245.11,5.4,0.0,0.0,18.0
20/12/2006,02:59:00,1.312,0.0,244.95,5.2,0.0,0.0,19.0
20/12/2006,03:00:00,1.326,0.0,244.55,5.4,0.0,0.0,18.0
20/12/2006,03:01:00,1.314,0.0,245.07,5.2,0.0,0.0,18.0
20/12/2006,03:02:00,0.5,0.0,246.03,2.8,0.0,1.0,6.0
20/12/2006,03:03:00,0.208,0.0,245.5,0.8,0.0,0.0,0.0
20/12/2006,03:04:00,0.228,0.0,246.16,1.0,0.0,0.0,0.0
20/12/2006,03:05:00,0.21,0.0,246.54,0.8,0.0,0.0,0.0
20/12/2006,03:06:00,0.23,0.0,246.84,1.0,0.0,0.0,0.0
20/12/2006,03:07:00,0.21,0.0,246.77,0.8,0.0,0.0,0.0
20/12/2006,03:08:00,0.23,0.0,246.8,1.0,0.0,1.0,0.0
20/12/2006,03:09:00,0.276,0.056,246.64,1.4,0.0,0.0,0.0
20/12/2006,03:10:00,0.294,0.114,247.06,1.2,0.0,0.0,0.0
20/12/2006,03:11:00,0.306,0.116,246.57,1.4,0.0,0.0,0.0
20/12/2006,03:12:00,0.286,0.106,246.03,1.2,0.0,0.0,0.0
20/12/2006,03:13:00,0.306,0.112,246.22,1.4,0.0,1.0,0.0
20/12/2006,03:14:00,0.286,0.108,246.48,1.2,0.0,0.0,0.0
20/12/2006,03:15:00,0.304,0.116,246.83,1.4,0.0,0.0,0.0
20/12/2006,03:16:00,0.284,0.11,246.59,1.2,0.0,0.0,0.0
20/12/2006,03:17:00,0.282,0.084,246.34,1.2,0.0,0.0,0.0
20/12/2006,03:18:00,0.318,0.12,245.99,1.4,0.0,0.0,0.0
20/12/2006,03:19:00,0.34,0.148,246.64,1.6,0.0,1.0,0.0
20/12/2006,03:20:00,0.316,0.142,246.44,1.4,0.0,0.0,0.0
20/12/2006,03:21:00,0.332,0.144,245.78,1.4,0.0,0.0,0.0
20/12/2006,03:22:00,0.314,0.14,246.05,1.4,0.0,0.0,0.0
20/12/2006,03:23:00,0.332,0.146,246.4,1.4,0.0,0.0,0.0
20/12/2006,03:24:00,0.31,0.138,245.79,1.4,0.0,0.0,0.0
20/12/2006,03:25:00,0.326,0.142,245.43,1.4,0.0,0.0,0.0
20/12/2006,03:26:00,0.308,0.142,246.58,1.4,0.0,0.0,0.0
20/12/2006,03:27:00,0.326,0.146,246.09,1.4,0.0,1.0,0.0
20/12/2006,03:28:00,0.306,0.138,245.79,1.4,0.0,0.0,0.0
20/12/2006,03:29:00,0.326,0.148,246.59,1.4,0.0,0.0,0.0
20/12/2006,03:30:00,0.296,0.128,246.8,1.2,0.0,0.0,0.0
20/12/2006,03:31:00,0.228,0.0,245.83,1.0,0.0,0.0,0.0
20/12/2006,03:32:00,0.212,0.0,247.35,0.8,0.0,0.0,0.0
20/12/2006,03:33:00,0.23,0.0,247.29,1.0,0.0,1.0,0.0
20/12/2006,03:34:00,0.21,0.0,246.52,0.8,0.0,0.0,0.0
20/12/2006,03:35:00,0.23,0.0,246.87,1.0,0.0,0.0,0.0
20/12/2006,03:36:00,0.208,0.0,245.76,0.8,0.0,0.0,0.0
20/12/2006,03:37:00,0.228,0.0,245.66,1.0,0.0,0.0,0.0
20/12/2006,03:38:00,0.21,0.0,245.98,0.8,0.0,0.0,0.0
20/12/2006,03:39:00,0.228,0.0,245.56,1.0,0.0,1.0,0.0
20/12/2006,03:40:00,0.222,0.0,244.7,1.0,0.0,0.0,0.0
20/12/2006,03:41:00,0.212,0.0,245.69,0.8,0.0,0.0,0.0
20/12/2006,03:42:00,0.228,0.0,245.5,1.0,0.0,0.0,0.0
20/12/2006,03:43:00,0.21,0.0,246.82,0.8,0.0,0.0,0.0
20/12/2006,03:44:00,0.23,0.0,246.92,1.0,0.0,1.0,0.0
20/12/2006,03:45:00,0.21,0.0,246.64,0.8,0.0,0.0,0.0
20/12/2006,03:46:00,0.23,0.0,246.65,1.0,0.0,0.0,0.0
20/12/2006,03:47:00,0.21,0.0,246.08,0.8,0.0,0.0,0.0
20/12/2006,03:48:00,0.228,0.0,245.68,1.0,0.0,0.0,0.0
20/12/2006,03:49:00,0.21,0.0,246.43,0.8,0.0,0.0,0.0
20/12/2006,03:50:00,0.228,0.0,246.1,1.0,0.0,1.0,0.0
20/12/2006,03:51:00,0.29,0.09,245.83,1.4,0.0,0.0,0.0
20/12/2006,03:52:00,0.304,0.112,245.98,1.4,0.0,0.0,0.0
20/12/2006,03:53:00,0.286,0.106,245.56,1.2,0.0,0.0,0.0
20/12/2006,03:54:00,0.304,0.11,245.32,1.4,0.0,0.0,0.0
20/12/2006,03:55:00,0.286,0.108,246.13,1.2,0.0,0.0,0.0
20/12/2006,03:56:00,0.362,0.17,245.99,1.8,0.0,1.0,0.0
20/12/2006,03:57:00,0.394,0.246,245.47,1.8,0.0,0.0,0.0
20/12/2006,03:58:00,0.408,0.252,245.75,2.0,0.0,0.0,0.0
20/12/2006,03:59:00,0.336,0.17,245.6,1.6,0.0,0.0,0.0
20/12/2006,04:00:00,0.332,0.146,246.11,1.4,0.0,0.0,0.0
20/12/2006,04:01:00,0.32,0.144,246.58,1.4,0.0,0.0,0.0
20/12/2006,04:02:00,0.34,0.148,246.47,1.6,0.0,0.0,0.0
20/12/2006,04:03:00,0.318,0.14,246.05,1.4,0.0,0.0,0.0
20/12/2006,04:04:00,0.334,0.142,245.26,1.4,0.0,1.0,0.0
20/12/2006,04:05:00,0.306,0.134,244.95,1.4,0.0,0.0,0.0
20/12/2006,04:06:00,0.324,0.142,245.35,1.4,0.0,0.0,0.0
20/12/2006,04:07:00,0.306,0.138,245.74,1.4,0.0,0.0,0.0
20/12/2006,04:08:00,0.326,0.15,246.93,1.4,0.0,0.0,0.0
20/12/2006,04:09:00,0.244,0.0,247.27,1.0,0.0,0.0,0.0
20/12/2006,04:10:00,0.224,0.0,247.18,1.0,0.0,1.0,0.0
20/12/2006,04:11:00,0.23,0.0,247.43,1.0,0.0,0.0,0.0
20/12/2006,04:12:00,0.212,0.0,247.4,0.8,0.0,0.0,0.0
20/12/2006,04:13:00,0.232,0.0,247.59,1.0,0.0,0.0,0.0
20/12/2006,04:14:00,0.212,0.0,247.51,0.8,0.0,0.0,0.0
20/12/2006,04:15:00,0.232,0.0,247.33,1.0,0.0,1.0,0.0
20/12/2006,04:16:00,0.216,0.0,247.38,0.8,0.0,0.0,0.0
20/12/2006,04:17:00,0.238,0.0,247.32,1.0,0.0,0.0,0.0
20/12/2006,04:18:00,0.218,0.0,246.64,0.8,0.0,0.0,0.0
20/12/2006,04:19:00,0.236,0.0,246.43,1.0,0.0,0.0,0.0
20/12/2006,04:20:00,0.216,0.0,245.82,0.8,0.0,0.0,0.0
20/12/2006,04:21:00,0.236,0.0,246.46,1.0,0.0,1.0,0.0
20/12/2006,04:22:00,0.216,0.0,246.58,0.8,0.0,0.0,0.0
20/12/2006,04:23:00,0.232,0.0,246.62,1.0,0.0,0.0,0.0
20/12/2006,04:24:00,0.21,0.0,246.73,0.8,0.0,0.0,0.0
20/12/2006,04:25:00,0.23,0.0,247.18,1.0,0.0,0.0,0.0
20/12/2006,04:26:00,0.212,0.0,247.38,0.8,0.0,0.0,0.0
20/12/2006,04:27:00,0.25,0.0,246.9,1.0,0.0,1.0,0.0
20/12/2006,04:28:00,0.228,0.0,246.01,1.0,0.0,0.0,0.0
20/12/2006,04:29:00,0.234,0.0,245.81,1.0,0.0,0.0,0.0
20/12/2006,04:30:00,0.208,0.0,245.3,0.8,0.0,0.0,0.0
20/12/2006,04:31:00,0.23,0.0,245.43,1.0,0.0,0.0,0.0
20/12/2006,04:32:00,0.216,0.0,246.29,0.8,0.0,0.0,0.0
20/12/2006,04:33:00,0.276,0.0,247.24,1.4,0.0,1.0,0.0
20/12/2006,04:34:00,0.292,0.11,246.88,1.2,0.0,0.0,0.0
20/12/2006,04:35:00,0.388,0.196,246.61,1.8,0.0,0.0,0.0
20/12/2006,04:36:00,0.404,0.25,246.57,1.8,0.0,0.0,0.0
20/12/2006,04:37:00,0.42,0.26,247.03,2.0,0.0,0.0,0.0
20/12/2006,04:38:00,0.398,0.254,247.16,1.8,0.0,0.0,0.0
20/12/2006,04:39:00,0.414,0.258,246.66,2.0,0.0,0.0,0.0
20/12/2006,04:40:00,0.392,0.25,246.06,1.8,0.0,0.0,0.0
20/12/2006,04:41:00,0.388,0.248,246.52,1.8,0.0,1.0,0.0
20/12/2006,04:42:00,0.31,0.144,247.0,1.4,0.0,0.0,0.0
20/12/2006,04:43:00,0.308,0.144,247.21,1.4,0.0,0.0,0.0
